        f (GHz),              E_elec[1] (J),               E_mag[1] (J),               E_cap[1] (J),               E_ind[1] (J),              E_elec[2] (J),               E_mag[2] (J),               E_cap[2] (J),               E_ind[2] (J),              E_elec[3] (J),               E_mag[3] (J),               E_cap[3] (J),               E_ind[3] (J),              E_elec[4] (J),               E_mag[4] (J),               E_cap[4] (J),               E_ind[4] (J),              E_elec[5] (J),               E_mag[5] (J),               E_cap[5] (J),               E_ind[5] (J),              E_elec[6] (J),               E_mag[6] (J),               E_cap[6] (J),               E_ind[6] (J),              E_elec[7] (J),               E_mag[7] (J),               E_cap[7] (J),               E_ind[7] (J)
 8.00000000e+01,        +2.295149041901e-12,        +6.807801350148e-13,        +0.000000000000e+00,        +0.000000000000e+00,        +1.522924481038e-12,        +2.156965914452e-12,        +0.000000000000e+00,        +0.000000000000e+00,        +2.337104833579e-12,        +2.335581763676e-12,        +0.000000000000e+00,        +0.000000000000e+00,        +1.781299723537e-12,        +1.923970361334e-12,        +0.000000000000e+00,        +0.000000000000e+00,        +2.347743426602e-12,        +2.361084619622e-12,        +0.000000000000e+00,        +0.000000000000e+00,        +1.813830481679e-12,        +1.947970336105e-12,        +0.000000000000e+00,        +0.000000000000e+00,        +1.530214155621e-12,        +2.159313579818e-12,        +0.000000000000e+00,        +0.000000000000e+00
 8.16000000e+01,        +2.246443266185e-12,        +6.982685088850e-13,        +0.000000000000e+00,        +0.000000000000e+00,        +1.539819790633e-12,        +2.162685736721e-12,        +0.000000000000e+00,        +0.000000000000e+00,        +2.330129426529e-12,        +2.305663863263e-12,        +0.000000000000e+00,        +0.000000000000e+00,        +1.755429161464e-12,        +1.901553139748e-12,        +0.000000000000e+00,        +0.000000000000e+00,        +2.340700809734e-12,        +2.329805170413e-12,        +0.000000000000e+00,        +0.000000000000e+00,        +1.786365034645e-12,        +1.922791149008e-12,        +0.000000000000e+00,        +0.000000000000e+00,        +1.546394084533e-12,        +2.164190185610e-12,        +0.000000000000e+00,        +0.000000000000e+00
 8.32000000e+01,        +2.199527139952e-12,        +7.159916138846e-13,        +0.000000000000e+00,        +0.000000000000e+00,        +1.560748089072e-12,        +2.169630588595e-12,        +0.000000000000e+00,        +0.000000000000e+00,        +2.322461654326e-12,        +2.278620519032e-12,        +0.000000000000e+00,        +0.000000000000e+00,        +1.730791450953e-12,        +1.883538707691e-12,        +0.000000000000e+00,        +0.000000000000e+00,        +2.333067180269e-12,        +2.301575755512e-12,        +0.000000000000e+00,        +0.000000000000e+00,        +1.760133672811e-12,        +1.902195160153e-12,        +0.000000000000e+00,        +0.000000000000e+00,        +1.566565846736e-12,        +2.170326636488e-12,        +0.000000000000e+00,        +0.000000000000e+00
 8.48000000e+01,        +2.154396036102e-12,        +7.339837399182e-13,        +0.000000000000e+00,        +0.000000000000e+00,        +1.585028745516e-12,        +2.177271288676e-12,        +0.000000000000e+00,        +0.000000000000e+00,        +2.314435378877e-12,        +2.254414505698e-12,        +0.000000000000e+00,        +0.000000000000e+00,        +1.707563300576e-12,        +1.869834755840e-12,        +0.000000000000e+00,        +0.000000000000e+00,        +2.325171687924e-12,        +2.276339162562e-12,        +0.000000000000e+00,        +0.000000000000e+00,        +1.735320302245e-12,        +1.886075298385e-12,        +0.000000000000e+00,        +0.000000000000e+00,        +1.590058619945e-12,        +2.177195915140e-12,        +0.000000000000e+00,        +0.000000000000e+00
 8.64000000e+01,        +2.111046542253e-12,        +7.522820900018e-13,        +0.000000000000e+00,        +0.000000000000e+00,        +1.612054704508e-12,        +2.185175633001e-12,        +0.000000000000e+00,        +0.000000000000e+00,        +2.306372258773e-12,        +2.233001554826e-12,        +0.000000000000e+00,        +0.000000000000e+00,        +1.685975739009e-12,        +1.860400847605e-12,        +0.000000000000e+00,        +0.000000000000e+00,        +2.317330444172e-12,        +2.254033274882e-12,        +0.000000000000e+00,        +0.000000000000e+00,        +1.712161068693e-12,        +1.874378731374e-12,        +0.000000000000e+00,        +0.000000000000e+00,        +1.616273812342e-12,        +2.184367846743e-12,        +0.000000000000e+00,        +0.000000000000e+00
 8.80000000e+01,        +2.069477009998e-12,        +7.709270837063e-13,        +0.000000000000e+00,        +0.000000000000e+00,        +1.641271467418e-12,        +2.192989837987e-12,        +0.000000000000e+00,        +0.000000000000e+00,        +2.298565175327e-12,        +2.214327449231e-12,        +0.000000000000e+00,        +0.000000000000e+00,        +1.666294364867e-12,        +1.855236795476e-12,        +0.000000000000e+00,        +0.000000000000e+00,        +2.309829784422e-12,        +2.234587899769e-12,        +0.000000000000e+00,        +0.000000000000e+00,        +1.690925277734e-12,        +1.867095455976e-12,        +0.000000000000e+00,        +0.000000000000e+00,        +1.644664509301e-12,        +2.191490823251e-12,        +0.000000000000e+00,        +0.000000000000e+00
 8.96000000e+01,        +2.029688132337e-12,        +7.899627263829e-13,        +0.000000000000e+00,        +0.000000000000e+00,        +1.672163677919e-12,        +2.200426937171e-12,        +0.000000000000e+00,        +0.000000000000e+00,        +2.291268855654e-12,        +2.198329617757e-12,        +0.000000000000e+00,        +0.000000000000e+00,        +1.648807182544e-12,        +1.854376777835e-12,        +0.000000000000e+00,        +0.000000000000e+00,        +2.302916775007e-12,        +2.217926167868e-12,        +0.000000000000e+00,        +0.000000000000e+00,        +1.671903894308e-12,        +1.864252661153e-12,        +0.000000000000e+00,        +0.000000000000e+00,        +1.674722454733e-12,        +2.198280410604e-12,        +0.000000000000e+00,        +0.000000000000e+00
 9.12000000e+01,        +1.991683563604e-12,        +8.094370557631e-13,        +0.000000000000e+00,        +0.000000000000e+00,        +1.704247613560e-12,        +2.207260022578e-12,        +0.000000000000e+00,        +0.000000000000e+00,        +2.284696327316e-12,        +2.184941609711e-12,        +0.000000000000e+00,        +0.000000000000e+00,        +1.633818318137e-12,        +1.857887252423e-12,        +0.000000000000e+00,        +0.000000000000e+00,        +2.296795607725e-12,        +2.203968887520e-12,        +0.000000000000e+00,        +0.000000000000e+00,        +1.655403932225e-12,        +1.865912906623e-12,        +0.000000000000e+00,        +0.000000000000e+00,        +1.705970879085e-12,        +2.204512730078e-12,        +0.000000000000e+00,        +0.000000000000e+00
 9.28000000e+01,        +1.955470598529e-12,        +8.294026796493e-13,        +0.000000000000e+00,        +0.000000000000e+00,        +1.737068313078e-12,        +2.213318781906e-12,        +0.000000000000e+00,        +0.000000000000e+00,        +2.279019972345e-12,        +2.174099248094e-12,        +0.000000000000e+00,        +0.000000000000e+00,        +1.621646259128e-12,        +1.865867330880e-12,        +0.000000000000e+00,        +0.000000000000e+00,        +2.291628670507e-12,        +2.192640655061e-12,        +0.000000000000e+00,        +0.000000000000e+00,        +1.641747381353e-12,        +1.872174759122e-12,        +0.000000000000e+00,        +0.000000000000e+00,        +1.737961901814e-12,        +2.210021058733e-12,        +0.000000000000e+00,        +0.000000000000e+00
 9.44000000e+01,        +1.921060929500e-12,        +8.499174207425e-13,        +0.000000000000e+00,        +0.000000000000e+00,        +1.770200318067e-12,        +2.218488149408e-12,        +0.000000000000e+00,        +0.000000000000e+00,        +2.274376079126e-12,        +2.165747585278e-12,        +0.000000000000e+00,        +0.000000000000e+00,        +1.612625553148e-12,        +1.878450720708e-12,        +0.000000000000e+00,        +0.000000000000e+00,        +2.287541219053e-12,        +2.183876844181e-12,        +0.000000000000e+00,        +0.000000000000e+00,        +1.631273601139e-12,        +1.883174967169e-12,        +0.000000000000e+00,        +0.000000000000e+00,        +1.770277477207e-12,        +2.214694459502e-12,        +0.000000000000e+00,        +0.000000000000e+00
 9.60000000e+01,        +1.888471504006e-12,        +8.710450873734e-13,        +0.000000000000e+00,        +0.000000000000e+00,        +1.803251139647e-12,        +2.222708139218e-12,        +0.000000000000e+00,        +0.000000000000e+00,        +2.270871913734e-12,        +2.159848032027e-12,        +0.000000000000e+00,        +0.000000000000e+00,        +1.607111147537e-12,        +1.895808660296e-12,        +0.000000000000e+00,        +0.000000000000e+00,        +2.284628698397e-12,        +2.177630840258e-12,        +0.000000000000e+00,        +0.000000000000e+00,        +1.624344350067e-12,        +1.899091574731e-12,        +0.000000000000e+00,        +0.000000000000e+00,        +1.802532981576e-12,        +2.218477504845e-12,        +0.000000000000e+00,        +0.000000000000e+00
 9.76000000e+01,        +1.857725507561e-12,        +8.928563923172e-13,        +0.000000000000e+00,        +0.000000000000e+00,        +1.835866621803e-12,        +2.225974114911e-12,        +0.000000000000e+00,        +0.000000000000e+00,        +2.268594453317e-12,        +2.156385224067e-12,        +0.000000000000e+00,        +0.000000000000e+00,        +1.605484762773e-12,        +1.918153496611e-12,        +0.000000000000e+00,        +0.000000000000e+00,        +2.282965875567e-12,        +2.173881071927e-12,        +0.000000000000e+00,        +0.000000000000e+00,        +1.621350827761e-12,        +1.920147603325e-12,        +0.000000000000e+00,        +0.000000000000e+00,        +1.834382602003e-12,        +2.221370348828e-12,        +0.000000000000e+00,        +0.000000000000e+00
 9.92000000e+01,        +1.828853501968e-12,        +9.154300465204e-13,        +0.000000000000e+00,        +0.000000000000e+00,        +1.867737399071e-12,        +2.228336901757e-12,        +0.000000000000e+00,        +0.000000000000e+00,        +2.267620030944e-12,        +2.155373334868e-12,        +0.000000000000e+00,        +0.000000000000e+00,        +1.608162864288e-12,        +1.945742699892e-12,        +0.000000000000e+00,        +0.000000000000e+00,        +2.282617033248e-12,        +2.172637528209e-12,        +0.000000000000e+00,        +0.000000000000e+00,        +1.622722275244e-12,        +1.946615085230e-12,        +0.000000000000e+00,        +0.000000000000e+00,        +1.865525718574e-12,        +2.223428565295e-12,        +0.000000000000e+00,        +0.000000000000e+00
 1.00800000e+02,        +1.801894754984e-12,        +9.388540612397e-13,        +0.000000000000e+00,        +0.000000000000e+00,        +1.898605668759e-12,        +2.229902290955e-12,        +0.000000000000e+00,        +0.000000000000e+00,        +2.268024248112e-12,        +2.156861661087e-12,        +0.000000000000e+00,        +0.000000000000e+00,        +1.615605930531e-12,        +1.978883187600e-12,        +0.000000000000e+00,        +0.000000000000e+00,        +2.283646559117e-12,        +2.173947561049e-12,        +0.000000000000e+00,        +0.000000000000e+00,        +1.628935816344e-12,        +1.978819322809e-12,        +0.000000000000e+00,        +0.000000000000e+00,        +1.895713504733e-12,        +2.224762322699e-12,        +0.000000000000e+00,        +0.000000000000e+00
 1.02400000e+02,        +1.776898806599e-12,        +9.632273018166e-13,        +0.000000000000e+00,        +0.000000000000e+00,        +1.928271535767e-12,        +2.230829624905e-12,        +0.000000000000e+00,        +0.000000000000e+00,        +2.269891608099e-12,        +2.160939396246e-12,        +0.000000000000e+00,        +0.000000000000e+00,        +1.628328803415e-12,        +2.017935845107e-12,        +0.000000000000e+00,        +0.000000000000e+00,        +2.286129336582e-12,        +2.177900858586e-12,        +0.000000000000e+00,        +0.000000000000e+00,        +1.640527318299e-12,        +2.017143279840e-12,        +0.000000000000e+00,        +0.000000000000e+00,        +1.924755018516e-12,        +2.225534614509e-12,        +0.000000000000e+00,        +0.000000000000e+00
 1.04000000e+02,        +1.753927330432e-12,        +9.886613504184e-13,        +0.000000000000e+00,        +0.000000000000e+00,        +1.956598259039e-12,        +2.231329293678e-12,        +0.000000000000e+00,        +0.000000000000e+00,        +2.273324422591e-12,        +2.167739580155e-12,        +0.000000000000e+00,        +0.000000000000e+00,        +1.646911944015e-12,        +2.063320083430e-12,        +0.000000000000e+00,        +0.000000000000e+00,        +2.290160419795e-12,        +2.184633545681e-12,        +0.000000000000e+00,        +0.000000000000e+00,        +1.658103098415e-12,        +2.062031977248e-12,        +0.000000000000e+00,        +0.000000000000e+00,        +1.952522141538e-12,        +2.225958411993e-12,        +0.000000000000e+00,        +0.000000000000e+00
 1.05600000e+02,        +1.733056367927e-12,        +1.015282755107e-12,        +0.000000000000e+00,        +0.000000000000e+00,        +1.983515834330e-12,        +2.231659105856e-12,        +0.000000000000e+00,        +0.000000000000e+00,        +2.278450635418e-12,        +2.177442258243e-12,        +0.000000000000e+00,        +0.000000000000e+00,        +1.672013389967e-12,        +2.115518158747e-12,        +0.000000000000e+00,        +0.000000000000e+00,        +2.295863557020e-12,        +2.194331422986e-12,        +0.000000000000e+00,        +0.000000000000e+00,        +1.682352289242e-12,        +2.113996657449e-12,        +0.000000000000e+00,        +0.000000000000e+00,        +1.978952834585e-12,        +2.226292736990e-12,        +0.000000000000e+00,        +0.000000000000e+00
 1.07200000e+02,        +1.714379040286e-12,        +1.043235770552e-12,        +0.000000000000e+00,        +0.000000000000e+00,        +2.009022483108e-12,        +2.232119610339e-12,        +0.000000000000e+00,        +0.000000000000e+00,        +2.285430287378e-12,        +2.190276900718e-12,        +0.000000000000e+00,        +0.000000000000e+00,        +1.704381093313e-12,        +2.175078771780e-12,        +0.000000000000e+00,        +0.000000000000e+00,        +2.303398204976e-12,        +2.207232378399e-12,        +0.000000000000e+00,        +0.000000000000e+00,        +1.714059564033e-12,        +2.173618267642e-12,        +0.000000000000e+00,        +0.000000000000e+00,        +2.004052316045e-12,        +2.226837759187e-12,        +0.000000000000e+00,        +0.000000000000e+00
 1.08800000e+02,        +1.698008881101e-12,        +1.072685734160e-12,        +0.000000000000e+00,        +0.000000000000e+00,        +2.033183766456e-12,        +2.233048522983e-12,        +0.000000000000e+00,        +0.000000000000e+00,        +2.294460408601e-12,        +2.206524105626e-12,        +0.000000000000e+00,        +0.000000000000e+00,        +1.744865079406e-12,        +2.242619142908e-12,        +0.000000000000e+00,        +0.000000000000e+00,        +2.312964755410e-12,        +2.223627990354e-12,        +0.000000000000e+00,        +0.000000000000e+00,        +1.754117684119e-12,        +2.241549466358e-12,        +0.000000000000e+00,        +0.000000000000e+00,        +2.027891913361e-12,        +2.227929086290e-12,        +0.000000000000e+00,        +0.000000000000e+00
 1.10400000e+02,        +1.684083985599e-12,        +1.103823274199e-12,        +0.000000000000e+00,        +0.000000000000e+00,        +2.056129183818e-12,        +2.234814436696e-12,        +0.000000000000e+00,        +0.000000000000e+00,        +2.305778143409e-12,        +2.226516514726e-12,        +0.000000000000e+00,        +0.000000000000e+00,        +1.794428437630e-12,        +2.318824263631e-12,        +0.000000000000e+00,        +0.000000000000e+00,        +2.324807736038e-12,        +2.243864252690e-12,        +0.000000000000e+00,        +0.000000000000e+00,        +1.803538875353e-12,        +2.318513814538e-12,        +0.000000000000e+00,        +0.000000000000e+00,        +2.050605465971e-12,        +2.229931424254e-12,        +0.000000000000e+00,        +0.000000000000e+00
 1.12000000e+02,        +1.672772246358e-12,        +1.136869619496e-12,        +0.000000000000e+00,        +0.000000000000e+00,        +2.078046226017e-12,        +2.237809950487e-12,        +0.000000000000e+00,        +0.000000000000e+00,        +2.319661879557e-12,        +2.250638685862e-12,        +0.000000000000e+00,        +0.000000000000e+00,        +1.854155449830e-12,        +2.404441293761e-12,        +0.000000000000e+00,        +0.000000000000e+00,        +2.339216743082e-12,        +2.268341165822e-12,        +0.000000000000e+00,        +0.000000000000e+00,        +1.863463287741e-12,        +2.405300009526e-12,        +0.000000000000e+00,        +0.000000000000e+00,        +2.072383251921e-12,        +2.233231726654e-12,        +0.000000000000e+00,        +0.000000000000e+00
 1.13600000e+02,        +1.664278049963e-12,        +1.172083382916e-12,        +0.000000000000e+00,        +0.000000000000e+00,        +2.099171910748e-12,        +2.242444229021e-12,        +0.000000000000e+00,        +0.000000000000e+00,        +2.336430042382e-12,        +2.279325350705e-12,        +0.000000000000e+00,        +0.000000000000e+00,        +1.925254049909e-12,        +2.500266015390e-12,        +0.000000000000e+00,        +0.000000000000e+00,        +2.356524770349e-12,        +2.297510610576e-12,        +0.000000000000e+00,        +0.000000000000e+00,        +1.935161591494e-12,        +2.502747862493e-12,        +0.000000000000e+00,        +0.000000000000e+00,        +2.093463451846e-12,        +2.238231818758e-12,        +0.000000000000e+00,        +0.000000000000e+00
 1.15200000e+02,        +1.658850959665e-12,        +1.209769337773e-12,        +0.000000000000e+00,        +0.000000000000e+00,        +2.119781830926e-12,        +2.249134793839e-12,        +0.000000000000e+00,        +0.000000000000e+00,        +2.356437006532e-12,        +2.313056996831e-12,        +0.000000000000e+00,        +0.000000000000e+00,        +2.009048126676e-12,        +2.607116782736e-12,        +0.000000000000e+00,        +0.000000000000e+00,        +2.377103402589e-12,        +2.331871408127e-12,        +0.000000000000e+00,        +0.000000000000e+00,        +2.020026947621e-12,        +2.611721116780e-12,        +0.000000000000e+00,        +0.000000000000e+00,        +2.114121153476e-12,        +2.245340270350e-12,        +0.000000000000e+00,        +0.000000000000e+00
 1.16800000e+02,        +1.656797130267e-12,        +1.250289921434e-12,        +0.000000000000e+00,        +0.000000000000e+00,        +2.140176700052e-12,        +2.258298046107e-12,        +0.000000000000e+00,        +0.000000000000e+00,        +2.380065264332e-12,        +2.352351005434e-12,        +0.000000000000e+00,        +0.000000000000e+00,        +2.106952755857e-12,        +2.725789467032e-12,        +0.000000000000e+00,        +0.000000000000e+00,        +2.401354021223e-12,        +2.371959723618e-12,        +0.000000000000e+00,        +0.000000000000e+00,        +2.119548973511e-12,        +2.733060103414e-12,        +0.000000000000e+00,        +0.000000000000e+00,        +2.134654846337e-12,        +2.254962999307e-12,        +0.000000000000e+00,        +0.000000000000e+00
 1.18400000e+02,        +1.658494532720e-12,        +1.294080521445e-12,        +0.000000000000e+00,        +0.000000000000e+00,        +2.160666324162e-12,        +2.270337641269e-12,        +0.000000000000e+00,        +0.000000000000e+00,        +2.407712586167e-12,        +2.397745620829e-12,        +0.000000000000e+00,        +0.000000000000e+00,        +2.220422167791e-12,        +2.856984567882e-12,        +0.000000000000e+00,        +0.000000000000e+00,        +2.429693750597e-12,        +2.418331970493e-12,        +0.000000000000e+00,        +0.000000000000e+00,        +2.235258785707e-12,        +2.867504710541e-12,        +0.000000000000e+00,        +0.000000000000e+00,        +2.155370306454e-12,        +2.267491731045e-12,        +0.000000000000e+00,        +0.000000000000e+00
 1.20000000e+02,        +1.664413571940e-12,        +1.341670088264e-12,        +0.000000000000e+00,        +0.000000000000e+00,        +2.181550944693e-12,        +2.285629417229e-12,        +0.000000000000e+00,        +0.000000000000e+00,        +2.439772482151e-12,        +2.449772863989e-12,        +0.000000000000e+00,        +0.000000000000e+00,        +2.350856248388e-12,        +3.001195335871e-12,        +0.000000000000e+00,        +0.000000000000e+00,        +2.462534424977e-12,        +2.471536160134e-12,        +0.000000000000e+00,        +0.000000000000e+00,        +2.368629875710e-12,        +3.015575624336e-12,        +0.000000000000e+00,        +0.000000000000e+00,        +2.176561802757e-12,        +2.283289055992e-12,        +0.000000000000e+00,        +0.000000000000e+00
 1.21600000e+02,        +1.675145469522e-12,        +1.393709376915e-12,        +0.000000000000e+00,        +0.000000000000e+00,        +2.203100120528e-12,        +2.304501225764e-12,        +0.000000000000e+00,        +0.000000000000e+00,        +2.476606018064e-12,        +2.508915342994e-12,        +0.000000000000e+00,        +0.000000000000e+00,        +2.499447370725e-12,        +3.158544471627e-12,        +0.000000000000e+00,        +0.000000000000e+00,        +2.500252598944e-12,        +2.532066451323e-12,        +0.000000000000e+00,        +0.000000000000e+00,        +2.520915245561e-12,        +3.177400393053e-12,        +0.000000000000e+00,        +0.000000000000e+00,        +2.198490817082e-12,        +2.302668525675e-12,        +0.000000000000e+00,        +0.000000000000e+00
 1.23200000e+02,        +1.691442035914e-12,        +1.451010319939e-12,        +0.000000000000e+00,        +0.000000000000e+00,        +2.225529961184e-12,        +2.327205955566e-12,        +0.000000000000e+00,        +0.000000000000e+00,        +2.518503344893e-12,        +2.575541315992e-12,        +0.000000000000e+00,        +0.000000000000e+00,        +2.666947334111e-12,        +3.328558923161e-12,        +0.000000000000e+00,        +0.000000000000e+00,        +2.543148971471e-12,        +2.600295078771e-12,        +0.000000000000e+00,        +0.000000000000e+00,        +2.692899002608e-12,        +3.352472921308e-12,        +0.000000000000e+00,        +0.000000000000e+00,        +2.221363173239e-12,        +2.325868230492e-12,        +0.000000000000e+00,        +0.000000000000e+00
 1.24800000e+02,        +1.714272491616e-12,        +1.514601973667e-12,        +0.000000000000e+00,        +0.000000000000e+00,        +2.248980863332e-12,        +2.353886690930e-12,        +0.000000000000e+00,        +0.000000000000e+00,        +2.565634888665e-12,        +2.649813510536e-12,        +0.000000000000e+00,        +0.000000000000e+00,        +2.853338271655e-12,        +3.509881402061e-12,        +0.000000000000e+00,        +0.000000000000e+00,        +2.591397321144e-12,        +2.676377128989e-12,        +0.000000000000e+00,        +0.000000000000e+00,        +2.884544915003e-12,        +3.539344721178e-12,        +0.000000000000e+00,        +0.000000000000e+00,        +2.245306897570e-12,        +2.353017022947e-12,        +0.000000000000e+00,        +0.000000000000e+00
 1.26400000e+02,        +1.744906380501e-12,        +1.585811687927e-12,        +0.000000000000e+00,        +0.000000000000e+00,        +2.273500172948e-12,        +2.384534977577e-12,        +0.000000000000e+00,        +0.000000000000e+00,        +2.617996078402e-12,        +2.731572116601e-12,        +0.000000000000e+00,        +0.000000000000e+00,        +3.057408599442e-12,        +3.699939165393e-12,        +0.000000000000e+00,        +0.000000000000e+00,        +2.644987270805e-12,        +2.760128899962e-12,        +0.000000000000e+00,        +0.000000000000e+00,        +3.094542800668e-12,        +3.735269751531e-12,        +0.000000000000e+00,        +0.000000000000e+00,        +2.270355513291e-12,        +2.384094617996e-12,        +0.000000000000e+00,        +0.000000000000e+00
 1.28000000e+02,        +1.785037389310e-12,        +1.666385589563e-12,        +0.000000000000e+00,        +0.000000000000e+00,        +2.299037307641e-12,        +2.418947323580e-12,        +0.000000000000e+00,        +0.000000000000e+00,        +2.675356932705e-12,        +2.820203750241e-12,        +0.000000000000e+00,        +0.000000000000e+00,        +3.276274624984e-12,        +3.894631119970e-12,        +0.000000000000e+00,        +0.000000000000e+00,        +2.703673132262e-12,        +2.850892641086e-12,        +0.000000000000e+00,        +0.000000000000e+00,        +3.319795996473e-12,        +3.935868218212e-12,        +0.000000000000e+00,        +0.000000000000e+00,        +2.296444683508e-12,        +2.418890915999e-12,        +0.000000000000e+00,        +0.000000000000e+00
 1.29600000e+02,        +1.836973003445e-12,        +1.758671946088e-12,        +0.000000000000e+00,        +0.000000000000e+00,        +2.325461880670e-12,        +2.456691640523e-12,        +0.000000000000e+00,        +0.000000000000e+00,        +2.737239103844e-12,        +2.914528058356e-12,        +0.000000000000e+00,        +0.000000000000e+00,        +3.504956775076e-12,        +4.088153625926e-12,        +0.000000000000e+00,        +0.000000000000e+00,        +2.766953012359e-12,        +2.947421375844e-12,        +0.000000000000e+00,        +0.000000000000e+00,        +3.554966565423e-12,        +4.134938611606e-12,        +0.000000000000e+00,        +0.000000000000e+00,        +2.323433141776e-12,        +2.456976257704e-12,        +0.000000000000e+00,        +0.000000000000e+00
 1.31200000e+02,        +1.903933174064e-12,        +1.865907941848e-12,        +0.000000000000e+00,        +0.000000000000e+00,        +2.352615855970e-12,        +2.497102951497e-12,        +0.000000000000e+00,        +0.000000000000e+00,        +2.802955763974e-12,        +3.012759985710e-12,        +0.000000000000e+00,        +0.000000000000e+00,        +3.736208159235e-12,        +4.273147503149e-12,        +0.000000000000e+00,        +0.000000000000e+00,        +2.834115745660e-12,        +3.047845033828e-12,        +0.000000000000e+00,        +0.000000000000e+00,        +3.792290511204e-12,        +4.324614432022e-12,        +0.000000000000e+00,        +0.000000000000e+00,        +2.351159152230e-12,        +2.497701485577e-12,        +0.000000000000e+00,        +0.000000000000e+00
 1.32800000e+02,        +1.990534991327e-12,        +1.992681570311e-12,        +0.000000000000e+00,        +0.000000000000e+00,        +2.380404981980e-12,        +2.539331874148e-12,        +0.000000000000e+00,        +0.000000000000e+00,        +2.871757117505e-12,        +3.112627668727e-12,        +0.000000000000e+00,        +0.000000000000e+00,        +3.960862075048e-12,        +4.441370649301e-12,        +0.000000000000e+00,        +0.000000000000e+00,        +2.904400695516e-12,        +3.149801728125e-12,        +0.000000000000e+00,        +0.000000000000e+00,        +4.021949951402e-12,        +4.496086233116e-12,        +0.000000000000e+00,        +0.000000000000e+00,        +2.379537464557e-12,        +2.540250211982e-12,        +0.000000000000e+00,        +0.000000000000e+00
 1.34400000e+02,        +2.103604444626e-12,        +2.145698729698e-12,        +0.000000000000e+00,        +0.000000000000e+00,        +2.408919916522e-12,        +2.582462699142e-12,        +0.000000000000e+00,        +0.000000000000e+00,        +2.943116047747e-12,        +3.211722323724e-12,        +0.000000000000e+00,        +0.000000000000e+00,        +4.168937365415e-12,        +4.585019348160e-12,        +0.000000000000e+00,        +0.000000000000e+00,        +2.977306206394e-12,        +3.250813591432e-12,        +0.000000000000e+00,        +0.000000000000e+00,        +4.233260469185e-12,        +4.641022752064e-12,        +0.000000000000e+00,        +0.000000000000e+00,        +2.408686162532e-12,        +2.583758490025e-12,        +0.000000000000e+00,        +0.000000000000e+00
 1.36000000e+02,        +2.253578703386e-12,        +2.335095208611e-12,        +0.000000000000e+00,        +0.000000000000e+00,        +2.438556742048e-12,        +2.625694717789e-12,        +0.000000000000e+00,        +0.000000000000e+00,        +3.017159410608e-12,        +3.308107570963e-12,        +0.000000000000e+00,        +0.000000000000e+00,        +4.351544929979e-12,        +4.698603692281e-12,        +0.000000000000e+00,        +0.000000000000e+00,        +3.053051479815e-12,        +3.348934817047e-12,        +0.000000000000e+00,        +0.000000000000e+00,        +4.416722496230e-12,        +4.753590620709e-12,        +0.000000000000e+00,        +0.000000000000e+00,        +2.439051576611e-12,        +2.627494200498e-12,        +0.000000000000e+00,        +0.000000000000e+00
 1.37600000e+02,        +2.456988890233e-12,        +2.576730380815e-12,        +0.000000000000e+00,        +0.000000000000e+00,        +2.470093062105e-12,        +2.668546387636e-12,        +0.000000000000e+00,        +0.000000000000e+00,        +3.095215404066e-12,        +3.401130771846e-12,        +0.000000000000e+00,        +0.000000000000e+00,        +4.503309888728e-12,        +4.781010568004e-12,        +0.000000000000e+00,        +0.000000000000e+00,        +3.133159892024e-12,        +3.443611178210e-12,        +0.000000000000e+00,        +0.000000000000e+00,        +4.566631834496e-12,        +4.832677578605e-12,        +0.000000000000e+00,        +0.000000000000e+00,        +2.471486438050e-12,        +2.671056130938e-12,        +0.000000000000e+00,        +0.000000000000e+00
 1.39200000e+02,        +2.740872202609e-12,        +2.896190012626e-12,        +0.000000000000e+00,        +0.000000000000e+00,        +2.504686671383e-12,        +2.711018388441e-12,        +0.000000000000e+00,        +0.000000000000e+00,        +3.180440299885e-12,        +3.492314856453e-12,        +0.000000000000e+00,        +0.000000000000e+00,        +4.624781485631e-12,        +4.837287974067e-12,        +0.000000000000e+00,        +0.000000000000e+00,        +3.221125522143e-12,        +3.536625611294e-12,        +0.000000000000e+00,        +0.000000000000e+00,        +4.683681545360e-12,        +4.883812293365e-12,        +0.000000000000e+00,        +0.000000000000e+00,        +2.507249334603e-12,        +2.714532147536e-12,        +0.000000000000e+00,        +0.000000000000e+00
 1.40800000e+02,        +3.150139226841e-12,        +3.335253913053e-12,        +0.000000000000e+00,        +0.000000000000e+00,        +2.543798198691e-12,        +2.753659497113e-12,        +0.000000000000e+00,        +0.000000000000e+00,        +3.278496138825e-12,        +3.586210200870e-12,        +0.000000000000e+00,        +0.000000000000e+00,        +4.724430193375e-12,        +4.879957524393e-12,        +0.000000000000e+00,        +0.000000000000e+00,        +3.323134458189e-12,        +3.633009238910e-12,        +0.000000000000e+00,        +0.000000000000e+00,        +4.777121712127e-12,        +4.920561653211e-12,        +0.000000000000e+00,        +0.000000000000e+00,        +2.547930336761e-12,        +2.758565892751e-12,        +0.000000000000e+00,        +0.000000000000e+00
 1.42400000e+02,        +3.756289400042e-12,        +3.958732244176e-12,        +0.000000000000e+00,        +0.000000000000e+00,        +2.589038841917e-12,        +2.797490842518e-12,        +0.000000000000e+00,        +0.000000000000e+00,        +3.397939513980e-12,        +3.690910539245e-12,        +0.000000000000e+00,        +0.000000000000e+00,        +4.820154800646e-12,        +4.929957853261e-12,        +0.000000000000e+00,        +0.000000000000e+00,        +3.448477352500e-12,        +3.741609946629e-12,        +0.000000000000e+00,        +0.000000000000e+00,        +4.866397397284e-12,        +4.965505883509e-12,        +0.000000000000e+00,        +0.000000000000e+00,        +2.595302876742e-12,        +2.804287920069e-12,        +0.000000000000e+00,        +0.000000000000e+00
 1.44000000e+02,        +4.646375990271e-12,        +4.840595716892e-12,        +0.000000000000e+00,        +0.000000000000e+00,        +2.641696973494e-12,        +2.843586063759e-12,        +0.000000000000e+00,        +0.000000000000e+00,        +3.547708274909e-12,        +3.816140261234e-12,        +0.000000000000e+00,        +0.000000000000e+00,        +4.938500747336e-12,        +5.015109307657e-12,        +0.000000000000e+00,        +0.000000000000e+00,        +3.606848384680e-12,        +3.873075329124e-12,        +0.000000000000e+00,        +0.000000000000e+00,        +4.980384199150e-12,        +5.048570065879e-12,        +0.000000000000e+00,        +0.000000000000e+00,        +2.650812946257e-12,        +2.852871773243e-12,        +0.000000000000e+00,        +0.000000000000e+00
 1.45600000e+02,        +5.795605211145e-12,        +5.939287219134e-12,        +0.000000000000e+00,        +0.000000000000e+00,        +2.700797846020e-12,        +2.891429697450e-12,        +0.000000000000e+00,        +0.000000000000e+00,        +3.721165172865e-12,        +3.959768673228e-12,        +0.000000000000e+00,        +0.000000000000e+00,        +5.097958500416e-12,        +5.150947539522e-12,        +0.000000000000e+00,        +0.000000000000e+00,        +3.791225687918e-12,        +4.025381868216e-12,        +0.000000000000e+00,        +0.000000000000e+00,        +5.139778029358e-12,        +5.186760890060e-12,        +0.000000000000e+00,        +0.000000000000e+00,        +2.713364323816e-12,        +2.903668402199e-12,        +0.000000000000e+00,        +0.000000000000e+00
 1.47200000e+02,        +6.735098126142e-12,        +6.797699737428e-12,        +0.000000000000e+00,        +0.000000000000e+00,        +2.759290087997e-12,        +2.935784144022e-12,        +0.000000000000e+00,        +0.000000000000e+00,        +3.861819729786e-12,        +4.076252177095e-12,        +0.000000000000e+00,        +0.000000000000e+00,        +5.251092486800e-12,        +5.279125091180e-12,        +0.000000000000e+00,        +0.000000000000e+00,        +3.941143872022e-12,        +4.149721855688e-12,        +0.000000000000e+00,        +0.000000000000e+00,        +5.295527484298e-12,        +5.319258055786e-12,        +0.000000000000e+00,        +0.000000000000e+00,        +2.774851904769e-12,        +2.950521190584e-12,        +0.000000000000e+00,        +0.000000000000e+00
 1.48800000e+02,        +6.835579142497e-12,        +6.855977473303e-12,        +0.000000000000e+00,        +0.000000000000e+00,        +2.809401318941e-12,        +2.970875412640e-12,        +0.000000000000e+00,        +0.000000000000e+00,        +3.907405568794e-12,        +4.108846087472e-12,        +0.000000000000e+00,        +0.000000000000e+00,        +5.291595093524e-12,        +5.284597810048e-12,        +0.000000000000e+00,        +0.000000000000e+00,        +3.990087037230e-12,        +4.184810465493e-12,        +0.000000000000e+00,        +0.000000000000e+00,        +5.335317862265e-12,        +5.325653527732e-12,        +0.000000000000e+00,        +0.000000000000e+00,        +2.826205819964e-12,        +2.986529582612e-12,        +0.000000000000e+00,        +0.000000000000e+00
 1.50400000e+02,        +6.472786920672e-12,        +6.515453056039e-12,        +0.000000000000e+00,        +0.000000000000e+00,        +2.856348147763e-12,        +3.001226073695e-12,        +0.000000000000e+00,        +0.000000000000e+00,        +3.912487688420e-12,        +4.099953012978e-12,        +0.000000000000e+00,        +0.000000000000e+00,        +5.243404604363e-12,        +5.200612959117e-12,        +0.000000000000e+00,        +0.000000000000e+00,        +3.996904016649e-12,        +4.176145938929e-12,        +0.000000000000e+00,        +0.000000000000e+00,        +5.284386203644e-12,        +5.241737215286e-12,        +0.000000000000e+00,        +0.000000000000e+00,        +2.873428624228e-12,        +3.016874246307e-12,        +0.000000000000e+00,        +0.000000000000e+00
 1.52000000e+02,        +6.368365791854e-12,        +6.446415956424e-12,        +0.000000000000e+00,        +0.000000000000e+00,        +2.907390153191e-12,        +3.032929882542e-12,        +0.000000000000e+00,        +0.000000000000e+00,        +3.955317743560e-12,        +4.119586128296e-12,        +0.000000000000e+00,        +0.000000000000e+00,        +5.217854481016e-12,        +5.146968584607e-12,        +0.000000000000e+00,        +0.000000000000e+00,        +4.045657641490e-12,        +4.199527863388e-12,        +0.000000000000e+00,        +0.000000000000e+00,        +5.261370690390e-12,        +5.193926153452e-12,        +0.000000000000e+00,        +0.000000000000e+00,        +2.925132051132e-12,        +3.048823830075e-12,        +0.000000000000e+00,        +0.000000000000e+00
 1.53600000e+02,        +6.738406387106e-12,        +6.821180047577e-12,        +0.000000000000e+00,        +0.000000000000e+00,        +2.962573748849e-12,        +3.066320711578e-12,        +0.000000000000e+00,        +0.000000000000e+00,        +4.051561078668e-12,        +4.186291170490e-12,        +0.000000000000e+00,        +0.000000000000e+00,        +5.267457119185e-12,        +5.173373716109e-12,        +0.000000000000e+00,        +0.000000000000e+00,        +4.152928032135e-12,        +4.275259418616e-12,        +0.000000000000e+00,        +0.000000000000e+00,        +5.322160962167e-12,        +5.233803288846e-12,        +0.000000000000e+00,        +0.000000000000e+00,        +2.981596409006e-12,        +3.082963146197e-12,        +0.000000000000e+00,        +0.000000000000e+00
 1.55200000e+02,        +7.467616422514e-12,        +7.505779003039e-12,        +0.000000000000e+00,        +0.000000000000e+00,        +3.018657554323e-12,        +3.099075113098e-12,        +0.000000000000e+00,        +0.000000000000e+00,        +4.182007006791e-12,        +4.287364874064e-12,        +0.000000000000e+00,        +0.000000000000e+00,        +5.388936372877e-12,        +5.269040775500e-12,        +0.000000000000e+00,        +0.000000000000e+00,        +4.297004864914e-12,        +4.389050681355e-12,        +0.000000000000e+00,        +0.000000000000e+00,        +5.461317779113e-12,        +5.347368774265e-12,        +0.000000000000e+00,        +0.000000000000e+00,        +3.039122435226e-12,        +3.116646662923e-12,        +0.000000000000e+00,        +0.000000000000e+00
 1.56800000e+02,        +8.184458592294e-12,        +8.139437890518e-12,        +0.000000000000e+00,        +0.000000000000e+00,        +3.071210879657e-12,        +3.127752013092e-12,        +0.000000000000e+00,        +0.000000000000e+00,        +4.303369784225e-12,        +4.386053645914e-12,        +0.000000000000e+00,        +0.000000000000e+00,        +5.525488258422e-12,        +5.370354936956e-12,        +0.000000000000e+00,        +0.000000000000e+00,        +4.428897232633e-12,        +4.498937907933e-12,        +0.000000000000e+00,        +0.000000000000e+00,        +5.613656325761e-12,        +5.462893148935e-12,        +0.000000000000e+00,        +0.000000000000e+00,        +3.092402784894e-12,        +3.145737676274e-12,        +0.000000000000e+00,        +0.000000000000e+00
 1.58400000e+02,        +8.382138705426e-12,        +8.267832353625e-12,        +0.000000000000e+00,        +0.000000000000e+00,        +3.115940667119e-12,        +3.148721616836e-12,        +0.000000000000e+00,        +0.000000000000e+00,        +4.364332845383e-12,        +4.432105720171e-12,        +0.000000000000e+00,        +0.000000000000e+00,        +5.577243876596e-12,        +5.379572218557e-12,        +0.000000000000e+00,        +0.000000000000e+00,        +4.491054572490e-12,        +4.547719643719e-12,        +0.000000000000e+00,        +0.000000000000e+00,        +5.669070264083e-12,        +5.474531175729e-12,        +0.000000000000e+00,        +0.000000000000e+00,        +3.136342295622e-12,        +3.165891641185e-12,        +0.000000000000e+00,        +0.000000000000e+00
 1.60000000e+02,        +7.961609435141e-12,        +7.843126819871e-12,        +0.000000000000e+00,        +0.000000000000e+00,        +3.151778632543e-12,        +3.160911517113e-12,        +0.000000000000e+00,        +0.000000000000e+00,        +4.360947118558e-12,        +4.413698580355e-12,        +0.000000000000e+00,        +0.000000000000e+00,        +5.503292747997e-12,        +5.268728561659e-12,        +0.000000000000e+00,        +0.000000000000e+00,        +4.480356704883e-12,        +4.522873176515e-12,        +0.000000000000e+00,        +0.000000000000e+00,        +5.587423626115e-12,        +5.356958058492e-12,        +0.000000000000e+00,        +0.000000000000e+00,        +3.170156972853e-12,        +3.176182022664e-12,        +0.000000000000e+00,        +0.000000000000e+00
 1.61600000e+02,        +7.362500745480e-12,        +7.294976061859e-12,        +0.000000000000e+00,        +0.000000000000e+00,        +3.180721954385e-12,        +3.166093474149e-12,        +0.000000000000e+00,        +0.000000000000e+00,        +4.341454355755e-12,        +4.371503890448e-12,        +0.000000000000e+00,        +0.000000000000e+00,        +5.373596392032e-12,        +5.116467481826e-12,        +0.000000000000e+00,        +0.000000000000e+00,        +4.452244692052e-12,        +4.471820722691e-12,        +0.000000000000e+00,        +0.000000000000e+00,        +5.449970811476e-12,        +5.199239523750e-12,        +0.000000000000e+00,        +0.000000000000e+00,        +3.196927918998e-12,        +3.179273920093e-12,        +0.000000000000e+00,        +0.000000000000e+00
 1.63200000e+02,        +6.998865421134e-12,        +6.993585016382e-12,        +0.000000000000e+00,        +0.000000000000e+00,        +3.204266743770e-12,        +3.165855715256e-12,        +0.000000000000e+00,        +0.000000000000e+00,        +4.345489090211e-12,        +4.345085841831e-12,        +0.000000000000e+00,        +0.000000000000e+00,        +5.272913596148e-12,        +5.004719907686e-12,        +0.000000000000e+00,        +0.000000000000e+00,        +4.451267017959e-12,        +4.439832284938e-12,        +0.000000000000e+00,        +0.000000000000e+00,        +5.348944669020e-12,        +5.088764328182e-12,        +0.000000000000e+00,        +0.000000000000e+00,        +3.218810500711e-12,        +3.177369794254e-12,        +0.000000000000e+00,        +0.000000000000e+00
 1.64800000e+02,        +7.018729030573e-12,        +7.052713204610e-12,        +0.000000000000e+00,        +0.000000000000e+00,        +3.222454514136e-12,        +3.160546256611e-12,        +0.000000000000e+00,        +0.000000000000e+00,        +4.383516762960e-12,        +4.348984578112e-12,        +0.000000000000e+00,        +0.000000000000e+00,        +5.241296601747e-12,        +4.966075493471e-12,        +0.000000000000e+00,        +0.000000000000e+00,        +4.488495821771e-12,        +4.442953828446e-12,        +0.000000000000e+00,        +0.000000000000e+00,        +5.324254726235e-12,        +5.056813055488e-12,        +0.000000000000e+00,        +0.000000000000e+00,        +3.235907514316e-12,        +3.170930467925e-12,        +0.000000000000e+00,        +0.000000000000e+00
 1.66400000e+02,        +7.393014928062e-12,        +7.425153515483e-12,        +0.000000000000e+00,        +0.000000000000e+00,        +3.234684144226e-12,        +3.149891814287e-12,        +0.000000000000e+00,        +0.000000000000e+00,        +4.448128047966e-12,        +4.380527737146e-12,        +0.000000000000e+00,        +0.000000000000e+00,        +5.280831598984e-12,        +4.995529995608e-12,        +0.000000000000e+00,        +0.000000000000e+00,        +4.554870580278e-12,        +4.477352593035e-12,        +0.000000000000e+00,        +0.000000000000e+00,        +5.373609090309e-12,        +5.093972677733e-12,        +0.000000000000e+00,        +0.000000000000e+00,        +3.247432512474e-12,        +3.159566308981e-12,        +0.000000000000e+00,        +0.000000000000e+00
 1.68000000e+02,        +7.931840398857e-12,        +7.921900369437e-12,        +0.000000000000e+00,        +0.000000000000e+00,        +3.240029216877e-12,        +3.133299952427e-12,        +0.000000000000e+00,        +0.000000000000e+00,        +4.516641879711e-12,        +4.420866536343e-12,        +0.000000000000e+00,        +0.000000000000e+00,        +5.355360411470e-12,        +5.053072400968e-12,        +0.000000000000e+00,        +0.000000000000e+00,        +4.624611068760e-12,        +4.520979089014e-12,        +0.000000000000e+00,        +0.000000000000e+00,        +5.454720653511e-12,        +5.155162765819e-12,        +0.000000000000e+00,        +0.000000000000e+00,        +3.252194185133e-12,        +3.142483258028e-12,        +0.000000000000e+00,        +0.000000000000e+00
 1.69600000e+02,        +8.261275908171e-12,        +8.203281977632e-12,        +0.000000000000e+00,        +0.000000000000e+00,        +3.237323351503e-12,        +3.109952855966e-12,        +0.000000000000e+00,        +0.000000000000e+00,        +4.552146792458e-12,        +4.432986036999e-12,        +0.000000000000e+00,        +0.000000000000e+00,        +5.388959061853e-12,        +5.067365727361e-12,        +0.000000000000e+00,        +0.000000000000e+00,        +4.657056966149e-12,        +4.532239759955e-12,        +0.000000000000e+00,        +0.000000000000e+00,        +5.487696241581e-12,        +5.166814617218e-12,        +0.000000000000e+00,        +0.000000000000e+00,        +3.248788213578e-12,        +3.118648357871e-12,        +0.000000000000e+00,        +0.000000000000e+00
 1.71200000e+02,        +8.095699970954e-12,        +8.036918984058e-12,        +0.000000000000e+00,        +0.000000000000e+00,        +3.226202281164e-12,        +3.079685899457e-12,        +0.000000000000e+00,        +0.000000000000e+00,        +4.533732776859e-12,        +4.390247356669e-12,        +0.000000000000e+00,        +0.000000000000e+00,        +5.332363748968e-12,        +5.001345814303e-12,        +0.000000000000e+00,        +0.000000000000e+00,        +4.630364714554e-12,        +4.482694608237e-12,        +0.000000000000e+00,        +0.000000000000e+00,        +5.427062058084e-12,        +5.096168384161e-12,        +0.000000000000e+00,        +0.000000000000e+00,        +3.236867665237e-12,        +3.087841029258e-12,        +0.000000000000e+00,        +0.000000000000e+00
 1.72800000e+02,        +7.600366645075e-12,        +7.599661897803e-12,        +0.000000000000e+00,        +0.000000000000e+00,        +3.208035529181e-12,        +3.043781917777e-12,        +0.000000000000e+00,        +0.000000000000e+00,        +4.485439486141e-12,        +4.312409503794e-12,        +0.000000000000e+00,        +0.000000000000e+00,        +5.238088854398e-12,        +4.911707548153e-12,        +0.000000000000e+00,        +0.000000000000e+00,        +4.572068520120e-12,        +4.395873158814e-12,        +0.000000000000e+00,        +0.000000000000e+00,        +5.332915972519e-12,        +5.005749115976e-12,        +0.000000000000e+00,        +0.000000000000e+00,        +3.218071520928e-12,        +3.051498504251e-12,        +0.000000000000e+00,        +0.000000000000e+00
 1.74400000e+02,        +7.135389432143e-12,        +7.216129751890e-12,        +0.000000000000e+00,        +0.000000000000e+00,        +3.184583664364e-12,        +3.003839085082e-12,        +0.000000000000e+00,        +0.000000000000e+00,        +4.442079633819e-12,        +4.237282335327e-12,        +0.000000000000e+00,        +0.000000000000e+00,        +5.191115812499e-12,        +4.873819668313e-12,        +0.000000000000e+00,        +0.000000000000e+00,        +4.520329264028e-12,        +4.313866433936e-12,        +0.000000000000e+00,        +0.000000000000e+00,        +5.291549910993e-12,        +4.970572000750e-12,        +0.000000000000e+00,        +0.000000000000e+00,        +3.194314173858e-12,        +3.011333016489e-12,        +0.000000000000e+00,        +0.000000000000e+00
 1.76000000e+02,        +6.880744369912e-12,        +7.032279411119e-12,        +0.000000000000e+00,        +0.000000000000e+00,        +3.156583457333e-12,        +2.960549999347e-12,        +0.000000000000e+00,        +0.000000000000e+00,        +4.414171549579e-12,        +4.181472057276e-12,        +0.000000000000e+00,        +0.000000000000e+00,        +5.222837913618e-12,        +4.907175766893e-12,        +0.000000000000e+00,        +0.000000000000e+00,        +4.486204900967e-12,        +4.254267728349e-12,        +0.000000000000e+00,        +0.000000000000e+00,        +5.329787814381e-12,        +5.005592788633e-12,        +0.000000000000e+00,        +0.000000000000e+00,        +3.166247147633e-12,        +2.967981877489e-12,        +0.000000000000e+00,        +0.000000000000e+00
 1.77600000e+02,        +6.844894039858e-12,        +7.040950810302e-12,        +0.000000000000e+00,        +0.000000000000e+00,        +3.123697631953e-12,        +2.913649975679e-12,        +0.000000000000e+00,        +0.000000000000e+00,        +4.392600378711e-12,        +4.140777957566e-12,        +0.000000000000e+00,        +0.000000000000e+00,        +5.313396942238e-12,        +4.984736013455e-12,        +0.000000000000e+00,        +0.000000000000e+00,        +4.459708518310e-12,        +4.211804159728e-12,        +0.000000000000e+00,        +0.000000000000e+00,        +5.422414487956e-12,        +5.079590732094e-12,        +0.000000000000e+00,        +0.000000000000e+00,        +3.133335154465e-12,        +2.921030380184e-12,        +0.000000000000e+00,        +0.000000000000e+00
 1.79200000e+02,        +6.976223019270e-12,        +7.185709349657e-12,        +0.000000000000e+00,        +0.000000000000e+00,        +3.084835728910e-12,        +2.862232541633e-12,        +0.000000000000e+00,        +0.000000000000e+00,        +4.360956299995e-12,        +4.101477042021e-12,        +0.000000000000e+00,        +0.000000000000e+00,        +5.415909702226e-12,        +5.057945254659e-12,        +0.000000000000e+00,        +0.000000000000e+00,        +4.423536859962e-12,        +4.171261761878e-12,        +0.000000000000e+00,        +0.000000000000e+00,        +5.518899093613e-12,        +5.141967448031e-12,        +0.000000000000e+00,        +0.000000000000e+00,        +3.094272771370e-12,        +2.869407092382e-12,        +0.000000000000e+00,        +0.000000000000e+00
 1.80800000e+02,        +7.214681791631e-12,        +7.405613388100e-12,        +0.000000000000e+00,        +0.000000000000e+00,        +3.038657114439e-12,        +2.805265720764e-12,        +0.000000000000e+00,        +0.000000000000e+00,        +4.303314637816e-12,        +4.047722436046e-12,        +0.000000000000e+00,        +0.000000000000e+00,        +5.474053595207e-12,        +5.074394635148e-12,        +0.000000000000e+00,        +0.000000000000e+00,        +4.361336514797e-12,        +4.115604873560e-12,        +0.000000000000e+00,        +0.000000000000e+00,        +5.562013772582e-12,        +5.140943691105e-12,        +0.000000000000e+00,        +0.000000000000e+00,        +3.047547709994e-12,        +2.811958077347e-12,        +0.000000000000e+00,        +0.000000000000e+00
 1.82400000e+02,        +7.502976660273e-12,        +7.644125385539e-12,        +0.000000000000e+00,        +0.000000000000e+00,        +2.984447503633e-12,        +2.742409357166e-12,        +0.000000000000e+00,        +0.000000000000e+00,        +4.210524430020e-12,        +3.967679445093e-12,        +0.000000000000e+00,        +0.000000000000e+00,        +5.441530922029e-12,        +4.996485233242e-12,        +0.000000000000e+00,        +0.000000000000e+00,        +4.264048851299e-12,        +4.032437156739e-12,        +0.000000000000e+00,        +0.000000000000e+00,        +5.507715825959e-12,        +5.042103424255e-12,        +0.000000000000e+00,        +0.000000000000e+00,        +2.992379523098e-12,        +2.748316127949e-12,        +0.000000000000e+00,        +0.000000000000e+00
 1.84000000e+02,        +7.786735152457e-12,        +7.849391164360e-12,        +0.000000000000e+00,        +0.000000000000e+00,        +2.922960216454e-12,        +2.674699413488e-12,        +0.000000000000e+00,        +0.000000000000e+00,        +4.084293340322e-12,        +3.858511321937e-12,        +0.000000000000e+00,        +0.000000000000e+00,        +5.301039193328e-12,        +4.817237756753e-12,        +0.000000000000e+00,        +0.000000000000e+00,        +4.133820929108e-12,        +3.919074915599e-12,        +0.000000000000e+00,        +0.000000000000e+00,        +5.343279580220e-12,        +4.842972179050e-12,        +0.000000000000e+00,        +0.000000000000e+00,        +2.929592922634e-12,        +2.679602490130e-12,        +0.000000000000e+00,        +0.000000000000e+00
 1.85600000e+02,        +8.015475482216e-12,        +7.975940947379e-12,        +0.000000000000e+00,        +0.000000000000e+00,        +2.856487185948e-12,        +2.604467888272e-12,        +0.000000000000e+00,        +0.000000000000e+00,        +3.935846407492e-12,        +3.726910768059e-12,        +0.000000000000e+00,        +0.000000000000e+00,        +5.069061092042e-12,        +4.560819326550e-12,        +0.000000000000e+00,        +0.000000000000e+00,        +3.982367707573e-12,        +3.782858291295e-12,        +0.000000000000e+00,        +0.000000000000e+00,        +5.090052561018e-12,        +4.571619360217e-12,        +0.000000000000e+00,        +0.000000000000e+00,        +2.861650988917e-12,        +2.608304746127e-12,        +0.000000000000e+00,        +0.000000000000e+00
 1.87200000e+02,        +8.147046258000e-12,        +7.989387426735e-12,        +0.000000000000e+00,        +0.000000000000e+00,        +2.788071217084e-12,        +2.534530675821e-12,        +0.000000000000e+00,        +0.000000000000e+00,        +3.780004801489e-12,        +3.584741875842e-12,        +0.000000000000e+00,        +0.000000000000e+00,        +4.782684531362e-12,        +4.267034539918e-12,        +0.000000000000e+00,        +0.000000000000e+00,        +3.824819728039e-12,        +3.636399070907e-12,        +0.000000000000e+00,        +0.000000000000e+00,        +4.788435523981e-12,        +4.269857640948e-12,        +0.000000000000e+00,        +0.000000000000e+00,        +2.791784234047e-12,        +2.537392774480e-12,        +0.000000000000e+00,        +0.000000000000e+00
 1.88800000e+02,        +8.153836951950e-12,        +7.871893989901e-12,        +0.000000000000e+00,        +0.000000000000e+00,        +2.720552638335e-12,        +2.467330981423e-12,        +0.000000000000e+00,        +0.000000000000e+00,        +3.629455028411e-12,        +3.443636245783e-12,        +0.000000000000e+00,        +0.000000000000e+00,        +4.480889931108e-12,        +3.973301809440e-12,        +0.000000000000e+00,        +0.000000000000e+00,        +3.673942528641e-12,        +3.491883693780e-12,        +0.000000000000e+00,        +0.000000000000e+00,        +4.478647977755e-12,        +3.975235021527e-12,        +0.000000000000e+00,        +0.000000000000e+00,        +2.722972274322e-12,        +2.469413748216e-12,        +0.000000000000e+00,        +0.000000000000e+00
 1.90400000e+02,        +8.027222893348e-12,        +7.624999778519e-12,        +0.000000000000e+00,        +0.000000000000e+00,        +2.656053762327e-12,        +2.404544591816e-12,        +0.000000000000e+00,        +0.000000000000e+00,        +3.492341319864e-12,        +3.311977244037e-12,        +0.000000000000e+00,        +0.000000000000e+00,        +4.193034562076e-12,        +3.705287231662e-12,        +0.000000000000e+00,        +0.000000000000e+00,        +3.537809287135e-12,        +3.357982907313e-12,        +0.000000000000e+00,        +0.000000000000e+00,        +4.189786206564e-12,        +3.712468826337e-12,        +0.000000000000e+00,        +0.000000000000e+00,        +2.657411452381e-12,        +2.406091026360e-12,        +0.000000000000e+00,        +0.000000000000e+00
 1.92000000e+02,        +7.777470743823e-12,        +7.267672636519e-12,        +0.000000000000e+00,        +0.000000000000e+00,        +2.595938693210e-12,        +2.347116363515e-12,        +0.000000000000e+00,        +0.000000000000e+00,        +3.372695428284e-12,        +3.194556344017e-12,        +0.000000000000e+00,        +0.000000000000e+00,        +3.936621725401e-12,        +3.476495176294e-12,        +0.000000000000e+00,        +0.000000000000e+00,        +3.420332775417e-12,        +3.239575754663e-12,        +0.000000000000e+00,        +0.000000000000e+00,        +3.938431550003e-12,        +3.493833887205e-12,        +0.000000000000e+00,        +0.000000000000e+00,        +2.596490583337e-12,        +2.348378749788e-12,        +0.000000000000e+00,        +0.000000000000e+00
 1.93600000e+02,        +7.428918474099e-12,        +6.830153540828e-12,        +0.000000000000e+00,        +0.000000000000e+00,        +2.540998358027e-12,        +2.295472356316e-12,        +0.000000000000e+00,        +0.000000000000e+00,        +3.271905057198e-12,        +3.093528725394e-12,        +0.000000000000e+00,        +0.000000000000e+00,        +3.720037185473e-12,        +3.291902404323e-12,        +0.000000000000e+00,        +0.000000000000e+00,        +3.322800229456e-12,        +3.138803698277e-12,        +0.000000000000e+00,        +0.000000000000e+00,        +3.731983218578e-12,        +3.323252805700e-12,        +0.000000000000e+00,        +0.000000000000e+00,        +2.540999725388e-12,        +2.296695224126e-12,        +0.000000000000e+00,        +0.000000000000e+00
 1.95200000e+02,        +7.012671368121e-12,        +6.346242906424e-12,        +0.000000000000e+00,        +0.000000000000e+00,        +2.491657681221e-12,        +2.249726034934e-12,        +0.000000000000e+00,        +0.000000000000e+00,        +3.190047369390e-12,        +3.009525771628e-12,        +0.000000000000e+00,        +0.000000000000e+00,        +3.546223369210e-12,        +3.151830195106e-12,        +0.000000000000e+00,        +0.000000000000e+00,        +3.245233611810e-12,        +3.056256501661e-12,        +0.000000000000e+00,        +0.000000000000e+00,        +3.572614382874e-12,        +3.200321758481e-12,        +0.000000000000e+00,        +0.000000000000e+00,        +2.491355908457e-12,        +2.251144045777e-12,        +0.000000000000e+00,        +0.000000000000e+00
 1.96800000e+02,        +6.559722423493e-12,        +5.846850675935e-12,        +0.000000000000e+00,        +0.000000000000e+00,        +2.448125079696e-12,        +2.209817462778e-12,        +0.000000000000e+00,        +0.000000000000e+00,        +3.126743715067e-12,        +2.942468476016e-12,        +0.000000000000e+00,        +0.000000000000e+00,        +3.415524467001e-12,        +3.054654905968e-12,        +0.000000000000e+00,        +0.000000000000e+00,        +3.187245742867e-12,        +2.991825120496e-12,        +0.000000000000e+00,        +0.000000000000e+00,        +3.460190157945e-12,        +3.123009768269e-12,        +0.000000000000e+00,        +0.000000000000e+00,        +2.447763850612e-12,        +2.211661279577e-12,        +0.000000000000e+00,        +0.000000000000e+00
 1.98400000e+02,        +6.096368616324e-12,        +5.356288221579e-12,        +0.000000000000e+00,        +0.000000000000e+00,        +2.410475804677e-12,        +2.175586462549e-12,        +0.000000000000e+00,        +0.000000000000e+00,        +3.081586835596e-12,        +2.892033706646e-12,        +0.000000000000e+00,        +0.000000000000e+00,        +3.327412743125e-12,        +2.998303755238e-12,        +0.000000000000e+00,        +0.000000000000e+00,        +3.148455023931e-12,        +2.945181622656e-12,        +0.000000000000e+00,        +0.000000000000e+00,        +3.393961629873e-12,        +3.089076201163e-12,        +0.000000000000e+00,        +0.000000000000e+00,        +2.410305092605e-12,        +2.178091735368e-12,        +0.000000000000e+00,        +0.000000000000e+00
 2.00000000e+02,        +5.642265208647e-12,        +4.891240188723e-12,        +0.000000000000e+00,        +0.000000000000e+00,        +2.378680825721e-12,        +2.146794971133e-12,        +0.000000000000e+00,        +0.000000000000e+00,        +3.054265353837e-12,        +2.857846635568e-12,        +0.000000000000e+00,        +0.000000000000e+00,        +3.281305047106e-12,        +2.980849343724e-12,        +0.000000000000e+00,        +0.000000000000e+00,        +3.128587454619e-12,        +2.915967211864e-12,        +0.000000000000e+00,        +0.000000000000e+00,        +3.373299428037e-12,        +3.096561219509e-12,        +0.000000000000e+00,        +0.000000000000e+00,        +2.378969211506e-12,        +2.150211194816e-12,        +0.000000000000e+00,        +0.000000000000e+00
 2.01600000e+02,        +5.210456957219e-12,        +4.461514291137e-12,        +0.000000000000e+00,        +0.000000000000e+00,        +2.352590272640e-12,        +2.123109118154e-12,        +0.000000000000e+00,        +0.000000000000e+00,        +3.044463081527e-12,        +2.839461904952e-12,        +0.000000000000e+00,        +0.000000000000e+00,        +3.276688341790e-12,        +3.000458265537e-12,        +0.000000000000e+00,        +0.000000000000e+00,        +3.127341190590e-12,        +2.903753450738e-12,        +0.000000000000e+00,        +0.000000000000e+00,        +3.397698273676e-12,        +3.143608087017e-12,        +0.000000000000e+00,        +0.000000000000e+00,        +2.353636857054e-12,        +2.127705463732e-12,        +0.000000000000e+00,        +0.000000000000e+00
 2.03200000e+02,        +4.808464424018e-12,        +4.071580417476e-12,        +0.000000000000e+00,        +0.000000000000e+00,        +2.331873213152e-12,        +2.104044495779e-12,        +0.000000000000e+00,        +0.000000000000e+00,        +3.051546236195e-12,        +2.836152271078e-12,        +0.000000000000e+00,        +0.000000000000e+00,        +3.312637808878e-12,        +3.054797158755e-12,        +0.000000000000e+00,        +0.000000000000e+00,        +3.144020793745e-12,        +2.907792961374e-12,        +0.000000000000e+00,        +0.000000000000e+00,        +3.466123222273e-12,        +3.227705371767e-12,        +0.000000000000e+00,        +0.000000000000e+00,        +2.334015620798e-12,        +2.110108787137e-12,        +0.000000000000e+00,        +0.000000000000e+00
 2.04800000e+02,        +4.439695558290e-12,        +3.722206995192e-12,        +0.000000000000e+00,        +0.000000000000e+00,        +2.315913479856e-12,        +2.088876837188e-12,        +0.000000000000e+00,        +0.000000000000e+00,        +3.074012967361e-12,        +2.846492803366e-12,        +0.000000000000e+00,        +0.000000000000e+00,        +3.386691235655e-12,        +3.139894144199e-12,        +0.000000000000e+00,        +0.000000000000e+00,        +3.176909913623e-12,        +2.926542965364e-12,        +0.000000000000e+00,        +0.000000000000e+00,        +3.575639886001e-12,        +3.344329277474e-12,        +0.000000000000e+00,        +0.000000000000e+00,        +2.319526223985e-12,        +2.096701976741e-12,        +0.000000000000e+00,        +0.000000000000e+00
 2.06400000e+02,        +4.104762878956e-12,        +3.411847430413e-12,        +0.000000000000e+00,        +0.000000000000e+00,        +2.303673469402e-12,        +2.076532231162e-12,        +0.000000000000e+00,        +0.000000000000e+00,        +3.108705668012e-12,        +2.867747884945e-12,        +0.000000000000e+00,        +0.000000000000e+00,        +3.493051663993e-12,        +3.248490830101e-12,        +0.000000000000e+00,        +0.000000000000e+00,        +3.222385926060e-12,        +2.956968465993e-12,        +0.000000000000e+00,        +0.000000000000e+00,        +3.719297236462e-12,        +3.485025645834e-12,        +0.000000000000e+00,        +0.000000000000e+00,        +2.309147864899e-12,        +2.086382660243e-12,        +0.000000000000e+00,        +0.000000000000e+00
 2.08000000e+02,        +3.802535727957e-12,        +3.137673093232e-12,        +0.000000000000e+00,        +0.000000000000e+00,        +2.293575050856e-12,        +2.065504017547e-12,        +0.000000000000e+00,        +0.000000000000e+00,        +3.149938561458e-12,        +2.895187697338e-12,        +0.000000000000e+00,        +0.000000000000e+00,        +3.620383105778e-12,        +3.368227428683e-12,        +0.000000000000e+00,        +0.000000000000e+00,        +3.273956528726e-12,        +2.993768643938e-12,        +0.000000000000e+00,        +0.000000000000e+00,        +3.883591207321e-12,        +3.635342897760e-12,        +0.000000000000e+00,        +0.000000000000e+00,        +2.301270257606e-12,        +2.077556032592e-12,        +0.000000000000e+00,        +0.000000000000e+00
 2.09600000e+02,        +3.530903628263e-12,        +2.896276601079e-12,        +0.000000000000e+00,        +0.000000000000e+00,        +2.283508748750e-12,        +2.053894357492e-12,        +0.000000000000e+00,        +0.000000000000e+00,        +3.189011763925e-12,        +2.921712758371e-12,        +0.000000000000e+00,        +0.000000000000e+00,        +3.750180356554e-12,        +3.480659161418e-12,        +0.000000000000e+00,        +0.000000000000e+00,        +3.321758833971e-12,        +3.028956304882e-12,        +0.000000000000e+00,        +0.000000000000e+00,        +4.046681831523e-12,        +3.773794028049e-12,        +0.000000000000e+00,        +0.000000000000e+00,        +2.293668705895e-12,        +2.068153152311e-12,        +0.000000000000e+00,        +0.000000000000e+00
 2.11200000e+02,        +3.287292358125e-12,        +2.684115807377e-12,        +0.000000000000e+00,        +0.000000000000e+00,        +2.271123996914e-12,        +2.039704079766e-12,        +0.000000000000e+00,        +0.000000000000e+00,        +3.214920692328e-12,        +2.938430630513e-12,        +0.000000000000e+00,        +0.000000000000e+00,        +3.857586188493e-12,        +3.562787503649e-12,        +0.000000000000e+00,        +0.000000000000e+00,        +3.353431631241e-12,        +3.052520462462e-12,        +0.000000000000e+00,        +0.000000000000e+00,        +4.179553587096e-12,        +3.873800159910e-12,        +0.000000000000e+00,        +0.000000000000e+00,        +2.283773311568e-12,        +2.055920584980e-12,        +0.000000000000e+00,        +0.000000000000e+00
 2.12800000e+02,        +3.068992424788e-12,        +2.497773164105e-12,        +0.000000000000e+00,        +0.000000000000e+00,        +2.254464883782e-12,        +2.021401870254e-12,        +0.000000000000e+00,        +0.000000000000e+00,        +3.216904591482e-12,        +2.936692641702e-12,        +0.000000000000e+00,        +0.000000000000e+00,        +3.916453739776e-12,        +3.592413400789e-12,        +0.000000000000e+00,        +0.000000000000e+00,        +3.357058323804e-12,        +3.054744600823e-12,        +0.000000000000e+00,        +0.000000000000e+00,        +4.252144698288e-12,        +3.910071387910e-12,        +0.000000000000e+00,        +0.000000000000e+00,        +2.269325572524e-12,        +2.039035550244e-12,        +0.000000000000e+00,        +0.000000000000e+00
 2.14400000e+02,        +2.873355581607e-12,        +2.334092503689e-12,        +0.000000000000e+00,        +0.000000000000e+00,        +2.232731534422e-12,        +1.998553151381e-12,        +0.000000000000e+00,        +0.000000000000e+00,        +3.188267975760e-12,        +2.911132486735e-12,        +0.000000000000e+00,        +0.000000000000e+00,        +3.907960887603e-12,        +3.556073756165e-12,        +0.000000000000e+00,        +0.000000000000e+00,        +3.325488313997e-12,        +3.029654446201e-12,        +0.000000000000e+00,        +0.000000000000e+00,        +4.243480931221e-12,        +3.867865681573e-12,        +0.000000000000e+00,        +0.000000000000e+00,        +2.249218067677e-12,        +2.016826740871e-12,        +0.000000000000e+00,        +0.000000000000e+00
 2.16000000e+02,        +2.697903468893e-12,        +2.190238981794e-12,        +0.000000000000e+00,        +0.000000000000e+00,        +2.206676391639e-12,        +1.972082056113e-12,        +0.000000000000e+00,        +0.000000000000e+00,        +3.129293668361e-12,        +2.861968148029e-12,        +0.000000000000e+00,        +0.000000000000e+00,        +3.828171103107e-12,        +3.454983352468e-12,        +0.000000000000e+00,        +0.000000000000e+00,        +3.259541063674e-12,        +2.977617959411e-12,        +0.000000000000e+00,        +0.000000000000e+00,        +4.150316370757e-12,        +3.749725888984e-12,        +0.000000000000e+00,        +0.000000000000e+00,        +2.223997343061e-12,        +1.990129821251e-12,        +0.000000000000e+00,        +0.000000000000e+00
 2.17600000e+02,        +2.540380123380e-12,        +2.063713268608e-12,        +0.000000000000e+00,        +0.000000000000e+00,        +2.178291915139e-12,        +1.943912154980e-12,        +0.000000000000e+00,        +0.000000000000e+00,        +3.047081580151e-12,        +2.794852520801e-12,        +0.000000000000e+00,        +0.000000000000e+00,        +3.689179196521e-12,        +3.304511061648e-12,        +0.000000000000e+00,        +0.000000000000e+00,        +3.167682350467e-12,        +2.905153326526e-12,        +0.000000000000e+00,        +0.000000000000e+00,        +3.988094113420e-12,        +3.574572757044e-12,        +0.000000000000e+00,        +0.000000000000e+00,        +2.195621851909e-12,        +1.960961857539e-12,        +0.000000000000e+00,        +0.000000000000e+00
 2.19200000e+02,        +2.398769281481e-12,        +1.952339323634e-12,        +0.000000000000e+00,        +0.000000000000e+00,        +2.149990776231e-12,        +1.916212246301e-12,        +0.000000000000e+00,        +0.000000000000e+00,        +2.952465940770e-12,        +2.718408895724e-12,        +0.000000000000e+00,        +0.000000000000e+00,        +3.513219371432e-12,        +3.127587014281e-12,        +0.000000000000e+00,        +0.000000000000e+00,        +3.062423147862e-12,        +2.822101898592e-12,        +0.000000000000e+00,        +0.000000000000e+00,        +3.783733694555e-12,        +3.369798477593e-12,        +0.000000000000e+00,        +0.000000000000e+00,        +2.166636541749e-12,        +1.931724276655e-12,        +0.000000000000e+00,        +0.000000000000e+00
 2.20800000e+02,        +2.271288004717e-12,        +1.854235441285e-12,        +0.000000000000e+00,        +0.000000000000e+00,        +2.123812081482e-12,        +1.890718732079e-12,        +0.000000000000e+00,        +0.000000000000e+00,        +2.856290241435e-12,        +2.641271374182e-12,        +0.000000000000e+00,        +0.000000000000e+00,        +3.324327962948e-12,        +2.946806735830e-12,        +0.000000000000e+00,        +0.000000000000e+00,        +2.956051643296e-12,        +2.738223465055e-12,        +0.000000000000e+00,        +0.000000000000e+00,        +3.565768986531e-12,        +3.162005514029e-12,        +0.000000000000e+00,        +0.000000000000e+00,        +2.139321408639e-12,        +1.904449543545e-12,        +0.000000000000e+00,        +0.000000000000e+00
 2.22400000e+02,        +2.156358905842e-12,        +1.767768947197e-12,        +0.000000000000e+00,        +0.000000000000e+00,        +2.100966045260e-12,        +1.868370652702e-12,        +0.000000000000e+00,        +0.000000000000e+00,        +2.767002366399e-12,        +2.570183652270e-12,        +0.000000000000e+00,        +0.000000000000e+00,        +3.142204477878e-12,        +2.779246789943e-12,        +0.000000000000e+00,        +0.000000000000e+00,        +2.857875504564e-12,        +2.660956480405e-12,        +0.000000000000e+00,        +0.000000000000e+00,        +3.357210386492e-12,        +2.970989350407e-12,        +0.000000000000e+00,        +0.000000000000e+00,        +2.115178231348e-12,        +1.880379188649e-12,        +0.000000000000e+00,        +0.000000000000e+00
 2.24000000e+02,        +2.052555100239e-12,        +1.691486741298e-12,        +0.000000000000e+00,        +0.000000000000e+00,        +2.081616902412e-12,        +1.849135850701e-12,        +0.000000000000e+00,        +0.000000000000e+00,        +2.689740554572e-12,        +2.509270667234e-12,        +0.000000000000e+00,        +0.000000000000e+00,        +2.979202506423e-12,        +2.634295210269e-12,        +0.000000000000e+00,        +0.000000000000e+00,        +2.773115957159e-12,        +2.594472245600e-12,        +0.000000000000e+00,        +0.000000000000e+00,        +3.172056061781e-12,        +2.807167727769e-12,        +0.000000000000e+00,        +0.000000000000e+00,        +2.094675286439e-12,        +1.859757566181e-12,        +0.000000000000e+00,        +0.000000000000e+00
 2.25600000e+02,        +1.958520055717e-12,        +1.624022663461e-12,        +0.000000000000e+00,        +0.000000000000e+00,        +2.064705003196e-12,        +1.831866308582e-12,        +0.000000000000e+00,        +0.000000000000e+00,        +2.625925828587e-12,        +2.459667915164e-12,        +0.000000000000e+00,        +0.000000000000e+00,        +2.838756928362e-12,        +2.512702002432e-12,        +0.000000000000e+00,        +0.000000000000e+00,        +2.702418174939e-12,        +2.539215149440e-12,        +0.000000000000e+00,        +0.000000000000e+00,        +3.013401703039e-12,        +2.670334614927e-12,        +0.000000000000e+00,        +0.000000000000e+00,        +2.077011558819e-12,        +1.841630056501e-12,        +0.000000000000e+00,        +0.000000000000e+00
 2.27200000e+02,        +1.872924113518e-12,        +1.564045711106e-12,        +0.000000000000e+00,        +0.000000000000e+00,        +2.048067533861e-12,        +1.814482333789e-12,        +0.000000000000e+00,        +0.000000000000e+00,        +2.572968397636e-12,        +2.419188718207e-12,        +0.000000000000e+00,        +0.000000000000e+00,        +2.714952612592e-12,        +2.406840211010e-12,        +0.000000000000e+00,        +0.000000000000e+00,        +2.641854969079e-12,        +2.491886697502e-12,        +0.000000000000e+00,        +0.000000000000e+00,        +2.873040814010e-12,        +2.550063174911e-12,        +0.000000000000e+00,        +0.000000000000e+00,        +2.060100636944e-12,        +1.823898214751e-12,        +0.000000000000e+00,        +0.000000000000e+00
 2.28800000e+02,        +1.794581931067e-12,        +1.510379479196e-12,        +0.000000000000e+00,        +0.000000000000e+00,        +2.029596145208e-12,        +1.795161138813e-12,        +0.000000000000e+00,        +0.000000000000e+00,        +2.525681420815e-12,        +2.383408859717e-12,        +0.000000000000e+00,        +0.000000000000e+00,        +2.596979786390e-12,        +2.305779077447e-12,        +0.000000000000e+00,        +0.000000000000e+00,        +2.585378897468e-12,        +2.447520656459e-12,        +0.000000000000e+00,        +0.000000000000e+00,        +2.737342500133e-12,        +2.432475242459e-12,        +0.000000000000e+00,        +0.000000000000e+00,        +2.041597031405e-12,        +1.804420418186e-12,        +0.000000000000e+00,        +0.000000000000e+00
 2.30400000e+02,        +1.722669567358e-12,        +1.462228362106e-12,        +0.000000000000e+00,        +0.000000000000e+00,        +2.008901059080e-12,        +1.773861568198e-12,        +0.000000000000e+00,        +0.000000000000e+00,        +2.480277024860e-12,        +2.349016563677e-12,        +0.000000000000e+00,        +0.000000000000e+00,        +2.478837088530e-12,        +2.204542498945e-12,        +0.000000000000e+00,        +0.000000000000e+00,        +2.529775768316e-12,        +2.403611703586e-12,        +0.000000000000e+00,        +0.000000000000e+00,        +2.599401410957e-12,        +2.312057428687e-12,        +0.000000000000e+00,        +0.000000000000e+00,        +2.020697674515e-12,        +1.782731167759e-12,        +0.000000000000e+00,        +0.000000000000e+00
 2.32000000e+02,        +1.656715447178e-12,        +1.419166947937e-12,        +0.000000000000e+00,        +0.000000000000e+00,        +1.987286547302e-12,        +1.752091600767e-12,        +0.000000000000e+00,        +0.000000000000e+00,        +2.436826828667e-12,        +2.315983567699e-12,        +0.000000000000e+00,        +0.000000000000e+00,        +2.363498840076e-12,        +2.106867665225e-12,        +0.000000000000e+00,        +0.000000000000e+00,        +2.476559629736e-12,        +2.361600942607e-12,        +0.000000000000e+00,        +0.000000000000e+00,        +2.463669226069e-12,        +2.194532817744e-12,        +0.000000000000e+00,        +0.000000000000e+00,        +1.998456296503e-12,        +1.760139440122e-12,        +0.000000000000e+00,        +0.000000000000e+00
 2.33600000e+02,        +1.596360752335e-12,        +1.380886733073e-12,        +0.000000000000e+00,        +0.000000000000e+00,        +1.966186223346e-12,        +1.731318973777e-12,        +0.000000000000e+00,        +0.000000000000e+00,        +2.397464844083e-12,        +2.286109608525e-12,        +0.000000000000e+00,        +0.000000000000e+00,        +2.257275691728e-12,        +2.018926193208e-12,        +0.000000000000e+00,        +0.000000000000e+00,        +2.428906308794e-12,        +2.324236709344e-12,        +0.000000000000e+00,        +0.000000000000e+00,        +2.338405638670e-12,        +2.088296609616e-12,        +0.000000000000e+00,        +0.000000000000e+00,        +1.976325323331e-12,        +1.738185103316e-12,        +0.000000000000e+00,        +0.000000000000e+00
 2.35200000e+02,        +1.541208168082e-12,        +1.347035793496e-12,        +0.000000000000e+00,        +0.000000000000e+00,        +1.946268396076e-12,        +1.712185092519e-12,        +0.000000000000e+00,        +0.000000000000e+00,        +2.363906703152e-12,        +2.260894041362e-12,        +0.000000000000e+00,        +0.000000000000e+00,        +2.164202182592e-12,        +1.944148431591e-12,        +0.000000000000e+00,        +0.000000000000e+00,        +2.388792413474e-12,        +2.293193392977e-12,        +0.000000000000e+00,        +0.000000000000e+00,        +2.228690223307e-12,        +1.997849317654e-12,        +0.000000000000e+00,        +0.000000000000e+00,        +1.955114032005e-12,        +1.717673904057e-12,        +0.000000000000e+00,        +0.000000000000e+00
 2.36800000e+02,        +1.490825821785e-12,        +1.317222237356e-12,        +0.000000000000e+00,        +0.000000000000e+00,        +1.927580285233e-12,        +1.694721065026e-12,        +0.000000000000e+00,        +0.000000000000e+00,        +2.336783606957e-12,        +2.240922058613e-12,        +0.000000000000e+00,        +0.000000000000e+00,        +2.085248548787e-12,        +1.882931197543e-12,        +0.000000000000e+00,        +0.000000000000e+00,        +2.356654700081e-12,        +2.268823745911e-12,        +0.000000000000e+00,        +0.000000000000e+00,        +2.135652450230e-12,        +1.923669607996e-12,        +0.000000000000e+00,        +0.000000000000e+00,        +1.935000529541e-12,        +1.698767995785e-12,        +0.000000000000e+00,        +0.000000000000e+00
 2.38400000e+02,        +1.444792134086e-12,        +1.291061160432e-12,        +0.000000000000e+00,        +0.000000000000e+00,        +1.909923788944e-12,        +1.678733767082e-12,        +0.000000000000e+00,        +0.000000000000e+00,        +2.316006000633e-12,        +2.226147701283e-12,        +0.000000000000e+00,        +0.000000000000e+00,        +2.019633132378e-12,        +1.834110622778e-12,        +0.000000000000e+00,        +0.000000000000e+00,        +2.332085083596e-12,        +2.250760087813e-12,        +0.000000000000e+00,        +0.000000000000e+00,        +2.058236332604e-12,        +1.864236626050e-12,        +0.000000000000e+00,        +0.000000000000e+00,        +1.915869857103e-12,        +1.681348420368e-12,        +0.000000000000e+00,        +0.000000000000e+00
 2.40000000e+02,        +1.402722832477e-12,        +1.268203059859e-12,        +0.000000000000e+00,        +0.000000000000e+00,        +1.893081595835e-12,        +1.664020124460e-12,        +0.000000000000e+00,        +0.000000000000e+00,        +2.301188574957e-12,        +2.216248534408e-12,        +0.000000000000e+00,        +0.000000000000e+00,        +1.965961694312e-12,        +1.796076633366e-12,        +0.000000000000e+00,        +0.000000000000e+00,        +2.314405429526e-12,        +2.238399563348e-12,        +0.000000000000e+00,        +0.000000000000e+00,        +1.994655089404e-12,        +1.817489736698e-12,        +0.000000000000e+00,        +0.000000000000e+00,        +1.897548175088e-12,        +1.665245505574e-12,        +0.000000000000e+00,        +0.000000000000e+00
