        f (GHz),            I_inc[1][1] (A),            Re{I[1][1]} (A),            Im{I[1][1]} (A),            Re{I[2][1]} (A),            Im{I[2][1]} (A),            Re{I[3][1]} (A),            Im{I[3][1]} (A),            I_inc[2][2] (A),            Re{I[1][2]} (A),            Im{I[1][2]} (A),            Re{I[2][2]} (A),            Im{I[2][2]} (A),            Re{I[3][2]} (A),            Im{I[3][2]} (A),            I_inc[3][3] (A),            Re{I[1][3]} (A),            Im{I[1][3]} (A),            Re{I[2][3]} (A),            Im{I[2][3]} (A),            Re{I[3][3]} (A),            Im{I[3][3]} (A)
 1.20000000e+02,        +1.414213562373e-01,        +1.385718811108e-01,        +1.605707534363e-02,        +3.625981383060e-02,        -8.816998567896e-02,        +3.627773616576e-02,        -8.819884972201e-02,        +1.414213562373e-01,        +3.625981383059e-02,        -8.816998567896e-02,        +2.069309796132e-01,        +2.196334109963e-02,        -5.064706296991e-02,        -4.123882745015e-02,        +1.414213562373e-01,        +3.627773616576e-02,        -8.819884972201e-02,        -5.064706296991e-02,        -4.123882745016e-02,        +2.068806106356e-01,        +2.191751707779e-02
 1.21000000e+02,        +1.414213562373e-01,        +1.388905902175e-01,        +1.571144638533e-02,        +3.536240294499e-02,        -8.856326523315e-02,        +3.537973589356e-02,        -8.859256160629e-02,        +1.414213562373e-01,        +3.536240294499e-02,        -8.856326523315e-02,        +2.072546875838e-01,        +2.123691437269e-02,        -5.129670635066e-02,        -4.027094148734e-02,        +1.414213562373e-01,        +3.537973589356e-02,        -8.859256160628e-02,        -5.129670635066e-02,        -4.027094148734e-02,        +2.072036504133e-01,        +2.119129237056e-02
 1.22000000e+02,        +1.414213562373e-01,        +1.392024706713e-01,        +1.535914601154e-02,        +3.445983053595e-02,        -8.894711701289e-02,        +3.447656111978e-02,        -8.897683132567e-02,        +1.414213562373e-01,        +3.445983053595e-02,        -8.894711701289e-02,        +2.075665572596e-01,        +2.050924618798e-02,        -5.192940426795e-02,        -3.929517981186e-02,        +1.414213562373e-01,        +3.447656111978e-02,        -8.897683132566e-02,        -5.192940426795e-02,        -3.929517981186e-02,        +2.075148585037e-01,        +2.046383811036e-02
 1.23000000e+02,        +1.414213562373e-01,        +1.395073773122e-01,        +1.500030435813e-02,        +3.355220269830e-02,        -8.932144838305e-02,        +3.356831827919e-02,        -8.935156587728e-02,        +1.414213562373e-01,        +3.355220269831e-02,        -8.932144838305e-02,        +2.078667146932e-01,        +1.978046526014e-02,        -5.254513866935e-02,        -3.831176907618e-02,        +1.414213562373e-01,        +3.356831827919e-02,        -8.935156587728e-02,        -5.254513866935e-02,        -3.831176907618e-02,        +2.078143612434e-01,        +1.973528274745e-02
 1.24000000e+02,        +1.414213562373e-01,        +1.398051673974e-01,        +1.463505505178e-02,        +3.263962777898e-02,        -8.968616806921e-02,        +3.265511606576e-02,        -8.971667362635e-02,        +1.414213562373e-01,        +3.263962777898e-02,        -8.968616806921e-02,        +2.081552842173e-01,        +1.905069411744e-02,        -5.314389158835e-02,        -3.732093316405e-02,        +1.414213562373e-01,        +3.265511606576e-02,        -8.971667362635e-02,        -5.314389158835e-02,        -3.732093316404e-02,        +2.081022832395e-01,        +1.900574853687e-02
 1.25000000e+02,        +1.414213562373e-01,        +1.400957006984e-01,        +1.426353516768e-02,        +3.172221635693e-02,        -9.004118622365e-02,        +3.173706541229e-02,        -9.007206437213e-02,        +1.414213562373e-01,        +3.172221635693e-02,        -9.004118622365e-02,        +2.084323882736e-01,        +1.832004926067e-02,        -5.372564506489e-02,        -3.632289331996e-02,        +1.414213562373e-01,        +3.173706541229e-02,        -9.007206437213e-02,        -5.372564506488e-02,        -3.632289331996e-02,        +2.083787471987e-01,        +1.827535169744e-02
 1.26000000e+02,        +1.414213562373e-01,        +1.403788395985e-01,        +1.388588518389e-02,        +3.080008122083e-02,        -9.038641449111e-02,        +3.081427946798e-02,        -9.041764941354e-02,        +1.414213562373e-01,        +3.080008122083e-02,        -9.038641449112e-02,        +2.086981472461e-01,        +1.758864132251e-02,        -5.429038106981e-02,        -3.531786827636e-02,        +1.414213562373e-01,        +3.081427946797e-02,        -9.041764941354e-02,        -5.429038106981e-02,        -3.531786827635e-02,        +2.086438737595e-01,        +1.754420257136e-02
 1.27000000e+02,        +1.414213562373e-01,        +1.406544491882e-01,        +1.350224893269e-02,        +2.987333734468e-02,        -9.072176607425e-02,        +2.988687357378e-02,        -9.075334161451e-02,        +1.414213562373e-01,        +2.987333734468e-02,        -9.072176607425e-02,        +2.089526792981e-01,        +1.685657522767e-02,        -5.483808143318e-02,        -3.430607437854e-02,        +1.414213562373e-01,        +2.988687357378e-02,        -9.075334161451e-02,        -5.483808143318e-02,        -3.430607437854e-02,        +2.088977813299e-01,        +1.681240578436e-02
 1.28000000e+02,        +1.414213562373e-01,        +1.409223973608e-01,        +1.311277354863e-02,        +2.894210186117e-02,        -9.104715579863e-02,        +2.895496523567e-02,        -9.107905546890e-02,        +1.414213562373e-01,        +2.894210186117e-02,        -9.104715579863e-02,        +2.091961002134e-01,        +1.612395035344e-02,        -5.536872777577e-02,        -3.328772570739e-02,        +1.414213562373e-01,        +2.895496523567e-02,        -9.107905546890e-02,        -5.536872777576e-02,        -3.328772570740e-02,        +2.091405859279e-01,        +1.608006040649e-02
 1.29000000e+02,        +1.414213562373e-01,        +1.411825549067e-01,        +1.271760941353e-02,        +2.800649403292e-02,        -9.136250017728e-02,        +2.801867409571e-02,        -9.139470716493e-02,        +1.414213562373e-01,        +2.800649403292e-02,        -9.136250017728e-02,        +2.094285232401e-01,        +1.539086069108e-02,        -5.588230144345e-02,        -3.226303419977e-02,        +1.414213562373e-01,        +2.801867409572e-02,        -9.139470716493e-02,        -5.588230144344e-02,        -3.226303419978e-02,        +2.093724010255e-01,        +1.534726011357e-02
 1.30000000e+02,        +1.414213562373e-01,        +1.414347956067e-01,        +1.231691009829e-02,        +2.706663522162e-02,        -9.166771747473e-02,        +2.707812190101e-02,        -9.170021464903e-02,        +1.414213562373e-01,        +2.706663522162e-02,        -9.166771747473e-02,        +2.096500589390e-01,        +1.465739500783e-02,        -5.637878344407e-02,        -3.123220976688e-02,        +1.414213562373e-01,        +2.707812190101e-02,        -9.170021464902e-02,        -5.637878344407e-02,        -3.123220976687e-02,        +2.095933373960e-01,        +1.461409334923e-02
 1.31000000e+02,        +1.414213562373e-01,        +1.416789963235e-01,        +1.191083230163e-02,        +2.612264885488e-02,        -9.196272777034e-02,        +2.613343247051e-02,        -9.199549768903e-02,        +1.414213562373e-01,        +2.612264885489e-02,        -9.196272777034e-02,        +2.098608150330e-01,        +1.392363700958e-02,        -5.685815438635e-02,        -3.019546041028e-02,        +1.414213562373e-01,        +2.613343247052e-02,        -9.199549768902e-02,        -5.685815438635e-02,        -3.019546041027e-02,        +2.098035029642e-01,        +1.388064348778e-02
 1.32000000e+02,        +1.414213562373e-01,        +1.419150370932e-01,        +1.149953578564e-02,        +2.517466039110e-02,        -9.224745302094e-02,        +2.518473165970e-02,        -9.228047793668e-02,        +1.414213562373e-01,        +2.517466039110e-02,        -9.224745302093e-02,        +2.100608962607e-01,        +1.318966550450e-02,        -5.732039442039e-02,        -2.915299233610e-02,        +1.414213562373e-01,        +2.518473165971e-02,        -9.228047793668e-02,        -5.732039442039e-02,        -2.915299233610e-02,        +2.100030026589e-01,        +1.314698899787e-02
 1.33000000e+02,        +1.414213562373e-01,        +1.421428012140e-01,        +1.108318330835e-02,        +2.422279728209e-02,        -9.252181712267e-02,        +2.423214732316e-02,        -9.255507898930e-02,        +1.414213562373e-01,        +2.422279728209e-02,        -9.252181712268e-02,        +2.102504042307e-01,        +1.245555456748e-02,        -5.776548317933e-02,        -2.810501006718e-02,        +1.414213562373e-01,        +2.423214732316e-02,        -9.255507898930e-02,        -5.776548317933e-02,        -2.810501006718e-02,        +2.101919382673e-01,        +1.241320360702e-02
 1.34000000e+02,        +1.414213562373e-01,        +1.423621753343e-01,        +1.066194055324e-02,        +2.326718893364e-02,        -9.278574597201e-02,        +2.327580927505e-02,        -9.281922645058e-02,        +1.414213562373e-01,        +2.326718893364e-02,        -9.278574597201e-02,        +2.104294372788e-01,        +1.172137370578e-02,        -5.819339972184e-02,        -2.705171655345e-02,        +1.414213562373e-01,        +2.327580927505e-02,        -9.281922645059e-02,        -5.819339972184e-02,        -2.705171655345e-02,        +2.103704082917e-01,        +1.167935646730e-02
 1.35000000e+02,        +1.414213562373e-01,        +1.425730495387e-01,        +1.023597605569e-02,        +2.230796666401e-02,        -9.303916752573e-02,        +2.231584924753e-02,        -9.307284799040e-02,        +1.414213562373e-01,        +2.230796666401e-02,        -9.303916752572e-02,        +2.105980903260e-01,        +1.098718802566e-02,        -5.860412247478e-02,        -2.599331328068e-02,        +1.414213562373e-01,        +2.231584924754e-02,        -9.307284799040e-02,        -5.860412247478e-02,        -2.599331328069e-02,        +2.105385078074e-01,        +1.094551232204e-02
 1.36000000e+02,        +1.414213562373e-01,        +1.427753174321e-01,        +9.805461126562e-03,        +2.134526366031e-02,        -9.328201185991e-02,        +2.135240084712e-02,        -9.331587340358e-02,        +1.414213562373e-01,        +2.134526366031e-02,        -9.328201185991e-02,        +2.107564547383e-01,        +1.025305840052e-02,        -5.899762917570e-02,        -2.493000037783e-02,        +1.414213562373e-01,        +2.135240084712e-02,        -9.331587340358e-02,        -5.899762917570e-02,        -2.493000037783e-02,        +2.106963283219e-01,        +1.021173167404e-02
 1.37000000e+02,        +1.414213562373e-01,        +1.429688762225e-01,        +9.370569772786e-03,        +2.037921493289e-02,        -9.351421122785e-02,        +2.038559950901e-02,        -9.354823466755e-02,        +1.414213562373e-01,        +2.037921493289e-02,        -9.351421122785e-02,        +2.109046181860e-01,        +9.519041640600e-03,        -5.937389681474e-02,        -2.386197672312e-02,        +1.414213562373e-01,        +2.038559950900e-02,        -9.354823466755e-02,        -5.937389681474e-02,        -2.386197672312e-02,        +2.108439576339e-01,        +9.478070955244e-03
 1.38000000e+02,        +1.414213562373e-01,        +1.431536268010e-01,        +8.931478615155e-03,        +1.940995726767e-02,        -9.373570011671e-02,        +1.941558244946e-02,        -9.376986599881e-02,        +1.414213562373e-01,        +1.940995726767e-02,        -9.373570011671e-02,        +2.110426645052e-01,        +8.785190664273e-03,        -5.973290157525e-02,        -2.278944004918e-02,        +1.414213562373e-01,        +1.941558244946e-02,        -9.376986599881e-02,        -5.973290157525e-02,        -2.278944004918e-02,        +2.109814796943e-01,        +8.744582698107e-03
 1.39000000e+02,        +1.414213562373e-01,        +1.433294738204e-01,        +8.488366803273e-03,        +1.843762917656e-02,        -9.394641530295e-02,        +1.844248861618e-02,        -9.398070390806e-02,        +1.414213562373e-01,        +1.843762917656e-02,        -9.394641530295e-02,        +2.111706735574e-01,        +8.051554671609e-03,        -6.007461877280e-02,        -2.171258704754e-02,        +1.414213562373e-01,        +1.844248861618e-02,        -9.398070390806e-02,        -6.007461877280e-02,        -2.171258704754e-02,        +2.111089744654e-01,        +8.011315709185e-03
 1.40000000e+02,        +1.414213562373e-01,        +1.434963257712e-01,        +8.041415927775e-03,        +1.746237084585e-02,        -9.414629590646e-02,        +1.746645863681e-02,        -9.418068725403e-02,        +1.414213562373e-01,        +1.746237084586e-02,        -9.414629590645e-02,        +2.112887210897e-01,        +7.318179320112e-03,        -6.039902279192e-02,        -2.063161347280e-02,        +1.414213562373e-01,        +1.746645863681e-02,        -9.418068725402e-02,        -6.039902279192e-02,        -2.063161347280e-02,        +2.112265177808e-01,        +7.278315244850e-03
 1.41000000e+02,        +1.414213562373e-01,        +1.436540950552e-01,        +7.590809929884e-03,        +1.648432408282e-02,        -9.433528344318e-02,        +1.648763476556e-02,        -9.436975729583e-02,        +1.414213562373e-01,        +1.648432408282e-02,        -9.433528344318e-02,        +2.113968785938e-01,        +6.585106903152e-03,        -6.070608702004e-02,        -1.954671424681e-02,        +1.414213562373e-01,        +1.648763476555e-02,        -9.436975729583e-02,        -6.070608702004e-02,        -1.954671424681e-02,        +2.113341812032e-01,        +6.545623189737e-03
 1.42000000e+02,        +1.414213562373e-01,        +1.438026980569e-01,        +7.136735008347e-03,        +1.550363226035e-02,        -9.451332187632e-02,        +1.550616082794e-02,        -9.454785774384e-02,        +1.414213562373e-01,        +1.550363226035e-02,        -9.451332187631e-02,        +2.114952131633e-01,        +5.852376531474e-03,        -6.099578377807e-02,        -1.845808356342e-02,        +1.414213562373e-01,        +1.550616082794e-02,        -9.454785774384e-02,        -6.099578377807e-02,        -1.845808356342e-02,        +2.114320318821e-01,        +5.813278238265e-03
 1.43000000e+02,        +1.414213562373e-01,        +1.439420552121e-01,        +6.679379523865e-03,        +1.452044025986e-02,        -9.468035766598e-02,        +1.452218216382e-02,        -9.471493480900e-02,        +1.414213562373e-01,        +1.452044025986e-02,        -9.468035766598e-02,        +2.115837873493e-01,        +5.120024318214e-03,        -6.126808424692e-02,        -1.736591499417e-02,        +1.414213562373e-01,        +1.452218216383e-02,        -9.471493480900e-02,        -6.126808424692e-02,        -1.736591499417e-02,        +2.115201324078e-01,        +5.081316079626e-03
 1.44000000e+02,        +1.414213562373e-01,        +1.440720910743e-01,        +6.218933901063e-03,        +1.353489441238e-02,        -9.483633981714e-02,        +1.353584556871e-02,        -9.487093725038e-02,        +1.414213562373e-01,        +1.353489441238e-02,        -9.483633981714e-02,        +2.116626590135e-01,        +4.388083567848e-03,        -6.152295838932e-02,        -1.627040159563e-02,        +1.414213562373e-01,        +1.353584556871e-02,        -9.487093725038e-02,        -6.152295838932e-02,        -1.627040159563e-02,        +2.115985406643e-01,        +4.349769586730e-03
 1.45000000e+02,        +1.414213562373e-01,        +1.441927343774e-01,        +5.755590528108e-03,        +1.254714243796e-02,        -9.498121992600e-02,        +1.254729923331e-02,        -9.501581642117e-02,        +1.414213562373e-01,        +1.254714243796e-02,        -9.498121992600e-02,        +2.117318811776e-01,        +3.656584969848e-03,        -6.176037486634e-02,        -1.517173601886e-02,        +1.414213562373e-01,        +1.254729923331e-02,        -9.501581642116e-02,        -6.176037486633e-02,        -1.517173601886e-02,        +2.116673096782e-01,        +3.618669009828e-03
 1.46000000e+02,        +1.414213562373e-01,        +1.443039180970e-01,        +5.289543654058e-03,        +1.155733338342e-02,        -9.511495222446e-02,        +1.155669268154e-02,        -9.514952631274e-02,        +1.414213562373e-01,        +1.155733338342e-02,        -9.511495222446e-02,        +2.117915018699e-01,        +2.925556797468e-03,        -6.198030094771e-02,        -1.407011062189e-02,        +1.414213562373e-01,        +1.155669268154e-02,        -9.514952631274e-02,        -6.198030094771e-02,        -1.407011062189e-02,        +2.117264874636e-01,        +2.888042175276e-03
 1.47000000e+02,        +1.414213562373e-01,        +1.444055795071e-01,        +4.820989284033e-03,        +1.056561755849e-02,        -9.523749362288e-02,        +1.056417670699e-02,        -9.527202359693e-02,        +1.414213562373e-01,        +1.056561755849e-02,        -9.523749362289e-02,        +2.118415639664e-01,        +2.195025112650e-03,        -6.218270241525e-02,        -1.296571758599e-02,        +1.414213562373e-01,        +1.056417670699e-02,        -9.527202359693e-02,        -6.218270241525e-02,        -1.296571758599e-02,        +2.117761168631e-01,        +2.157914690428e-03
 1.48000000e+02,        +1.414213562373e-01,        +1.444976602353e-01,        +4.350125072308e-03,        +9.572146470376e-03,        -9.534880375090e-02,        +9.569903307841e-03,        -9.538326766639e-02,        +1.414213562373e-01,        +9.572146470376e-03,        -9.534880375090e-02,        +2.118821050275e-01,        +1.465013977777e-03,        -6.236754345856e-02,        -1.185874903666e-02,        +1.414213562373e-01,        +9.569903307839e-03,        -9.538326766639e-02,        -6.236754345856e-02,        -1.185874903666e-02,        +2.118162353831e-01,        +1.428310155356e-03
 1.49000000e+02,        +1.414213562373e-01,        +1.445801063139e-01,        +3.877150213439e-03,        +8.577072756944e-03,        -9.544884499629e-02,        +8.574025620420e-03,        -9.548322067293e-02,        +1.414213562373e-01,        +8.577072756943e-03,        -9.544884499628e-02,        +2.119131571278e-01,        +7.355456753630e-04,        -6.253478656206e-02,        -1.074939717054e-02,        +1.414213562373e-01,        +8.574025620417e-03,        -9.548322067293e-02,        -6.253478656206e-02,        -1.074939717054e-02,        +2.118468750228e-01,        +6.992503825145e-04
 1.50000000e+02,        +1.414213562373e-01,        +1.446528682282e-01,        +3.402265331505e-03,        +7.580550118378e-03,        -9.553758254183e-02,        +7.576697851374e-03,        -9.557184756384e-02,        +1.414213562373e-01,        +7.580550118378e-03,        -9.553758254183e-02,        +2.119347466802e-01,        +6.640936804437e-06,        -6.268439238243e-02,        -9.637854389336e-03,        +1.414213562373e-01,        +7.576697851378e-03,        -9.557184756383e-02,        -6.268439238243e-02,        -9.637854389338e-03,        +2.118680620965e-01,        -2.924437449563e-05
 1.51000000e+02,        +1.414213562373e-01,        +1.447159009613e-01,        +2.925672367612e-03,        +6.582733247557e-03,        -9.561498440015e-02,        +6.578075208588e-03,        -9.564911611612e-02,        +1.414213562373e-01,        +6.582733247559e-03,        -9.561498440015e-02,        +2.119468942511e-01,        -7.216808183988e-04,        -6.281631961542e-02,        -8.524313442328e-03,        +1.414213562373e-01,        +6.578075208589e-03,        -9.564911611612e-02,        -6.281631961542e-02,        -8.524313442326e-03,        +2.118798170482e-01,        -7.571551817337e-04
 1.52000000e+02,        +1.414213562373e-01,        +1.447691640360e-01,        +2.447574465730e-03,        +5.583777759134e-03,        -9.568102144638e-02,        +5.578313830906e-03,        -9.571499696856e-02,        +1.414213562373e-01,        +5.583777759135e-03,        -9.568102144638e-02,        +2.119496143670e-01,        -1.449401231490e-03,        -6.293052485101e-02,        -7.408967579087e-03,        +1.414213562373e-01,        +5.578313830908e-03,        -9.571499696856e-02,        -6.293052485101e-02,        -7.408967579088e-03,        +2.118821542562e-01,        -1.484464173752e-03
 1.53000000e+02,        +1.414213562373e-01,        +1.448126215527e-01,        +1.968175857016e-03,        +4.583840117405e-03,        -9.573566744872e-02,        +4.577570716731e-03,        -9.576946365160e-02,        +1.414213562373e-01,        +4.583840117406e-03,        -9.573566744872e-02,        +2.119429153119e-01,        -2.176502739540e-03,        -6.302696241570e-02,        -6.292010714214e-03,        +1.414213562373e-01,        +4.577570716730e-03,        -9.576946365160e-02,        -6.302696241570e-02,        -6.292010714212e-03,        +2.118750818290e-01,        -2.211154288603e-03
 1.54000000e+02,        +1.414213562373e-01,        +1.448462422244e-01,        +1.487681742722e-03,        +3.583077563037e-03,        -9.577889909675e-02,        +3.576003651601e-03,        -9.581249261494e-02,        +1.414213562373e-01,        +3.583077563037e-03,        -9.577889909675e-02,        +2.119267989127e-01,        -2.902968294586e-03,        -6.310558420068e-02,        -5.173637606415e-03,        +1.414213562373e-01,        +3.576003651604e-03,        -9.581249261494e-02,        -6.310558420069e-02,        -5.173637606417e-03,        +2.118586013893e-01,        -2.937208986957e-03
 1.55000000e+02,        +1.414213562373e-01,        +1.448699994076e-01,        +1.006298175818e-03,        +2.581648038741e-03,        -9.581069602756e-02,        +2.573771134823e-03,        -9.584406325288e-02,        +1.414213562373e-01,        +2.581648038740e-03,        -9.581069602755e-02,        +2.119012603131e-01,        -3.628781064634e-03,        -6.316633947479e-02,        -4.054044054282e-03,        +1.414213562373e-01,        +2.573771134823e-03,        -9.584406325288e-02,        -6.316633947479e-02,        -4.054044054284e-03,        +2.118327078452e-01,        -3.662611952938e-03
 1.56000000e+02,        +1.414213562373e-01,        +1.448838711305e-01,        +5.242319414458e-04,        +1.579710113937e-03,        -9.583104084946e-02,        +1.571032305248e-03,        -9.586415792733e-02,        +1.414213562373e-01,        +1.579710113940e-03,        -9.583104084946e-02,        +2.118662877335e-01,        -4.353924113525e-03,        -6.320917468059e-02,        -2.933427111808e-03,        +1.414213562373e-01,        +1.571032305248e-03,        -9.586415792733e-02,        -6.320917468059e-02,        -2.933427111806e-03,        +2.117973891486e-01,        -4.387346773861e-03
 1.57000000e+02,        +1.414213562373e-01,        +1.448878401162e-01,        +4.169043635374e-05,        +5.774229085142e-04,        -9.583991916354e-02,        +5.679468662882e-04,        -9.587276198839e-02,        +1.414213562373e-01,        +5.774229085144e-04,        -9.583991916354e-02,        +2.118218622164e-01,        -5.078380056510e-03,        -6.323403321247e-02,        -1.811985326896e-03,        +1.414213562373e-01,        +5.679468662899e-04,        -9.587276198839e-02,        -6.323403321247e-02,        -1.811985326898e-03,        +2.117526260375e-01,        -5.111396595571e-03
 1.58000000e+02,        +1.414213562373e-01,        +1.448818938037e-01,        -4.411184525872e-04,        -4.250539842589e-04,        -9.583731958273e-02,        -4.353249897259e-04,        -9.586986379258e-02,        +1.414213562373e-01,        -4.250539842617e-04,        -9.583731958273e-02,        +2.117679573549e-01,        -5.802130687759e-03,        -6.324085517506e-02,        -6.899190069111e-04,        +1.414213562373e-01,        -4.353249897230e-04,        -9.586986379258e-02,        -6.324085517506e-02,        -6.899190069142e-04,        +2.116983917629e-01,        -5.834743749587e-03
 1.59000000e+02,        +1.414213562373e-01,        +1.448660243640e-01,        -9.239864706311e-04,        -1.427560575591e-03,        -9.582323374852e-02,        -1.438622657759e-03,        -9.585545471863e-02,        +1.414213562373e-01,        -1.427560575590e-03,        -9.582323374852e-02,        +2.117045390047e-01,        -6.525156575387e-03,        -6.322957712061e-02,        +4.325694844137e-04,        +1.414213562373e-01,        -1.438622657756e-03,        -9.585545471863e-02,        -6.322957712061e-02,        +4.325694844101e-04,        +2.116346517963e-01,        -6.557369347742e-03
 1.60000000e+02,        +1.414213562373e-01,        +1.448402287136e-01,        -1.406705118045e-03,        -2.429936559721e-03,        -9.579765634530e-02,        -2.441785196747e-03,        -9.582952918076e-02,        +1.414213562373e-01,        -2.429936559717e-03,        -9.579765634530e-02,        +2.116315649752e-01,        -7.247436618855e-03,        -6.320013176379e-02,        +1.555275393286e-03,        +1.414213562373e-01,        -2.441785196750e-03,        -9.582952918077e-02,        -6.320013176379e-02,        +1.555275393291e-03,        +2.115613635190e-01,        -7.279252838990e-03
 1.61000000e+02,        +1.414213562373e-01,        +1.448045085229e-01,        -1.889065773503e-03,        -3.432021393091e-03,        -9.576058511219e-02,        -3.444651406619e-03,        -9.579208463956e-02,        +1.414213562373e-01,        -3.432021393096e-03,        -9.576058511219e-02,        +2.115489847018e-01,        -7.968947562770e-03,        -6.315244767241e-02,        +2.677991199326e-03,        +1.414213562373e-01,        -3.444651406617e-03,        -9.579208463956e-02,        -6.315244767241e-02,        +2.677991199322e-03,        +2.114784758895e-01,        -8.000371522514e-03
 1.62000000e+02,        +1.414213562373e-01,        +1.447588702218e-01,        -2.370859817842e-03,        -4.433654374074e-03,        -9.571202085244e-02,        -4.447059905586e-03,        -9.574312161026e-02,        +1.414213562373e-01,        -4.433654374074e-03,        -9.571202085244e-02,        +2.114567388951e-01,        -8.689663460214e-03,        -6.308644893278e-02,        +3.800506189097e-03,        +1.414213562373e-01,        -4.447059905588e-03,        -9.574312161026e-02,        -6.308644893278e-02,        +3.800506189098e-03,        +2.113859290896e-01,        -8.720700010029e-03
 1.63000000e+02,        +1.414213562373e-01,        +1.447033250013e-01,        -2.851878758051e-03,        -5.434674723176e-03,        -9.565196744036e-02,        -5.448849207540e-03,        -9.568264366859e-02,        +1.414213562373e-01,        -5.434674723174e-03,        -9.565196744036e-02,        +2.113547591678e-01,        -9.409555077120e-03,        -6.300205478834e-02,        +4.922605971341e-03,        +1.414213562373e-01,        -5.448849207537e-03,        -9.568264366859e-02,        -6.300205478835e-02,        +4.922605971339e-03,        +2.112836541460e-01,        -9.440209629063e-03
 1.64000000e+02,        +1.414213562373e-01,        +1.446378888112e-01,        -3.331914351353e-03,        -6.434921663658e-03,        -9.558043182576e-02,        -6.449857799491e-03,        -9.561065745405e-02,        +1.414213562373e-01,        -6.434921663662e-03,        -9.558043182576e-02,        +2.112429676370e-01,        -1.012858922856e-02,        -6.289917925085e-02,        +6.044071924261e-03,        +1.414213562373e-01,        -6.449857799490e-03,        -9.561065745406e-02,        -6.289917925085e-02,        +6.044071924258e-03,        +2.111715725282e-01,        -1.015886775766e-02
 1.65000000e+02,        +1.414213562373e-01,        +1.445625823537e-01,        -3.810758729235e-03,        -7.434234502511e-03,        -9.549742403577e-02,        -7.449924218887e-03,        -9.552717267074e-02,        +1.414213562373e-01,        -7.434234502511e-03,        -9.549742403578e-02,        +2.111212765027e-01,        -1.084672803547e-02,        -6.277773068326e-02,        +7.164680563484e-03,        +1.414213562373e-01,        -7.449924218887e-03,        -9.552717267074e-02,        -6.277773068325e-02,        +7.164680563483e-03,        +2.110495957208e-01,        -1.087663707925e-02
 1.66000000e+02,        +1.414213562373e-01,        +1.444774310737e-01,        -4.288204521301e-03,        -8.432452711707e-03,        -9.540295717430e-02,        -8.448887130702e-03,        -9.543220208558e-02,        +1.414213562373e-01,        -8.432452711705e-03,        -9.540295717430e-02,        +2.109895876018e-01,        -1.156392808886e-02,        -6.263761135465e-02,        +8.284202817537e-03,        +1.414213562373e-01,        -8.448887130701e-03,        -9.543220208558e-02,        -6.263761135466e-02,        +8.284202817538e-03,        +2.109176247714e-01,        -1.159347474451e-02
 1.67000000e+02,        +1.414213562373e-01,        +1.443824651447e-01,        -4.764044978793e-03,        -9.429416009707e-03,        -9.529704741879e-02,        -9.446585404173e-03,        -9.532576152413e-02,        +1.414213562373e-01,        -9.429416009709e-03,        -9.529704741879e-02,        +2.108477919378e-01,        -1.228013950621e-02,        -6.247871696787e-02,        +9.402403195243e-03,        +1.414213562373e-01,        -9.446585404169e-03,        -9.532576152413e-02,        -6.247871696787e-02,        +9.402403195240e-03,        +2.107755498142e-01,        -1.230933142478e-02
 1.68000000e+02,        +1.414213562373e-01,        +1.442777194517e-01,        -5.238074097653e-03,        -1.042496444314e-02,        -9.517971401446e-02,        -1.044285818903e-02,        -9.520786986390e-02,        +1.414213562373e-01,        -1.042496444314e-02,        -9.517971401446e-02,        +2.106957691908e-01,        -1.299530486212e-02,        -6.230093616190e-02,        +1.051903882710e-02,        +1.414213562373e-01,        -1.044285818902e-02,        -9.520786986390e-02,        -6.230093616190e-02,        +1.051903882710e-02,        +2.106232495707e-01,        -1.302415023911e-02
 1.69000000e+02,        +1.414213562373e-01,        +1.441632335694e-01,        -5.710086740992e-03,        -1.141893846863e-02,        -9.505097926602e-02,        -1.143754499107e-02,        -9.507854902520e-02,        +1.414213562373e-01,        -1.141893846863e-02,        -9.505097926602e-02,        +2.105333872077e-01,        -1.370935797230e-02,        -6.210414999267e-02,        +1.163385835936e-02,        +1.414213562373e-01,        -1.143754499107e-02,        -9.507854902520e-02,        -6.210414999267e-02,        +1.163385835936e-02,        +2.104605908328e-01,        -1.373786553375e-02
 1.70000000e+02,        +1.414213562373e-01,        +1.440390517375e-01,        -6.179878760810e-03,        -1.241117903474e-02,        -9.491086852667e-02,        -1.243048574698e-02,        -9.493782395970e-02,        +1.414213562373e-01,        -1.241117903474e-02,        -9.491086852666e-02,        +2.103605014824e-01,        -1.442222250646e-02,        -6.188823139800e-02,        +1.274660067631e-02,        +1.414213562373e-01,        -1.243048574698e-02,        -9.493782395970e-02,        -6.188823139800e-02,        +1.274660067631e-02,        +2.102874279328e-01,        -1.445040148953e-02
 1.71000000e+02,        +1.414213562373e-01,        +1.439052228315e-01,        -6.647247118859e-03,        -1.340152766399e-02,        -9.475941018453e-02,        -1.342152089817e-02,        -9.478572263652e-02,        +1.414213562373e-01,        -1.340152766399e-02,        -9.475941018453e-02,        +2.101769546308e-01,        -1.513381040155e-02,        -6.165304465524e-02,        +1.385699342175e-02,        +1.414213562373e-01,        -1.342152089817e-02,        -9.478572263652e-02,        -6.165304465524e-02,        +1.385699342175e-02,        +2.101036022080e-01,        -1.516167052821e-02
 1.72000000e+02,        +1.414213562373e-01,        +1.437618003304e-01,        -7.111990006495e-03,        -1.438982653492e-02,        -9.459663564639e-02,        -1.441049146350e-02,        -9.462227602623e-02,        +1.414213562373e-01,        -1.438982653492e-02,        -9.459663564639e-02,        +2.099825758766e-01,        -1.584402004220e-02,        -6.139844484418e-02,        +1.496475128652e-02,        +1.414213562373e-01,        -1.441049146350e-02,        -9.462227602622e-02,        -6.139844484417e-02,        +1.496475128652e-02,        +2.099089414750e-01,        -1.587157148466e-02
 1.73000000e+02,        +1.414213562373e-01,        +1.436088422804e-01,        -7.573906963389e-03,        -1.537591856428e-02,        -9.442257931862e-02,        -1.539723911073e-02,        -9.444751808259e-02,        +1.414213562373e-01,        -1.537591856428e-02,        -9.442257931862e-02,        +2.097771805628e-01,        -1.655273416969e-02,        -6.112427733268e-02,        +1.606957402296e-02,        +1.414213562373e-01,        -1.539723911073e-02,        -9.444751808259e-02,        -6.112427733268e-02,        +1.606957402296e-02,        +2.097032595282e-01,        -1.657998750555e-02
 1.74000000e+02,        +1.414213562373e-01,        +1.434464112553e-01,        -8.032798994979e-03,        -1.635964748918e-02,        -9.423727858543e-02,        -1.638160622650e-02,        -9.426148572236e-02,        +1.414213562373e-01,        -1.635964748918e-02,        -9.423727858543e-02,        +2.095605697142e-01,        -1.725981747507e-02,        -6.083037730961e-02,        +1.717114414155e-02,        +1.414213562373e-01,        -1.638160622651e-02,        -9.426148572236e-02,        -6.083037730961e-02,        +1.717114414155e-02,        +2.094863556889e-01,        -1.728678362988e-02
 1.75000000e+02,        +1.414213562373e-01,        +1.432745743132e-01,        -8.488468688520e-03,        -1.734085794943e-02,        -9.404077378406e-02,        -1.736343598467e-02,        -9.406421880319e-02,        +1.414213562373e-01,        -1.734085794943e-02,        -9.404077378406e-02,        +2.093325296855e-01,        -1.796511382513e-02,        -6.051656939790e-02,        +1.826912423822e-02,        +1.414213562373e-01,        -1.736343598466e-02,        -9.406421880318e-02,        -6.051656939789e-02,        +1.826912423822e-02,        +2.092580144375e-01,        -1.799180399969e-02
 1.76000000e+02,        +1.414213562373e-01,        +1.430934029492e-01,        -8.940720327620e-03,        -1.831939556985e-02,        -9.383310817701e-02,        -1.834257241270e-02,        -9.385576009990e-02,        +1.414213562373e-01,        -1.831939556985e-02,        -9.383310817701e-02,        +2.090928319364e-01,        -1.866844306267e-02,        -6.018266739284e-02,        +1.936315389326e-02,        +1.414213562373e-01,        -1.834257241270e-02,        -9.385576009990e-02,        -6.018266739284e-02,        +1.936315389326e-02,        +2.090180051725e-01,        -1.869486864154e-02
 1.77000000e+02,        +1.414213562373e-01,        +1.429029730459e-01,        -9.389360005128e-03,        -1.929510704283e-02,        -9.361432792108e-02,        -1.931886045617e-02,        -9.363615527933e-02,        +1.414213562373e-01,        -1.929510704283e-02,        -9.361432792108e-02,        +2.088412329972e-01,        -1.936959731507e-02,        -5.982847418544e-02,        +2.045284607535e-02,        +1.414213562373e-01,        -1.931886045617e-02,        -9.363615527933e-02,        -5.982847418544e-02,        +2.045284607535e-02,        +2.087660821587e-01,        -1.939576975231e-02
 1.78000000e+02,        +1.414213562373e-01,        +1.427033648193e-01,        -9.834195734255e-03,        -2.026784021100e-02,        -9.338448203283e-02,        -2.029214604080e-02,        -9.340545287413e-02,        +1.414213562373e-01,        -2.026784021101e-02,        -9.338448203283e-02,        +2.085774747023e-01,        -2.006833673724e-02,        -5.945378195031e-02,        +2.153778297634e-02,        +1.414213562373e-01,        -2.029214604080e-02,        -9.340545287413e-02,        -5.945378195031e-02,        +2.153778297633e-02,        +2.085019847411e-01,        -2.009426741426e-02
 1.79000000e+02,        +1.414213562373e-01,        +1.424946627620e-01,        -1.027503755783e-02,        -2.123744415009e-02,        -9.314362235050e-02,        -2.126227613222e-02,        -9.316370425574e-02,        +1.414213562373e-01,        -2.123744415009e-02,        -9.314362235049e-02,        +2.083012847956e-01,        -2.076438460811e-02,        -5.905837270302e-02,        +2.261751119511e-02,        +1.414213562373e-01,        -2.126227613222e-02,        -9.316370425574e-02,        -5.905837270302e-02,        +2.261751119512e-02,        +2.082254379322e-01,        -2.079008465771e-02
 1.80000000e+02,        +1.414213562373e-01,        +1.422769555833e-01,        -1.071169765553e-02,        -2.220376925204e-02,        -9.289180349162e-02,        -2.222909879297e-02,        -9.291096360726e-02,        +1.414213562373e-01,        -2.220376925204e-02,        -9.289180349162e-02,        +2.080123780477e-01,        -2.145742169415e-02,        -5.864201936445e-02,        +2.369153618367e-02,        +1.414213562373e-01,        -2.222909879297e-02,        -9.291096360726e-02,        -5.864201936445e-02,        +2.369153618367e-02,        +2.079361535088e-01,        -2.148290178354e-02
 1.81000000e+02,        +1.414213562373e-01,        +1.420503361455e-01,        -1.114399044907e-02,        -2.316666730833e-02,        -9.262908280621e-02,        -2.319246323674e-02,        -9.264728789654e-02,        +1.414213562373e-01,        -2.316666730833e-02,        -9.262908280621e-02,        +2.077104580603e-01,        -2.214707979114e-02,        -5.820448751096e-02,        +2.475931586527e-02,        +1.414213562373e-01,        -2.319246323673e-02,        -9.264728789654e-02,        -5.820448751096e-02,        +2.475931586527e-02,        +2.076338317974e-01,        -2.217234985511e-02
 1.82000000e+02,        +1.414213562373e-01,        +1.418149013982e-01,        -1.157173270509e-02,        -2.412599159347e-02,        -9.235552032459e-02,        -2.415221987976e-02,        -9.237273685040e-02,        +1.414213562373e-01,        -2.412599159347e-02,        -9.235552032459e-02,        +2.073952199911e-01,        -2.283293435830e-02,        -5.774553804202e-02,        +2.582025333846e-02,        +1.414213562373e-01,        -2.415221987976e-02,        -9.237273685041e-02,        -5.774553804203e-02,        +2.582025333846e-02,        +2.073181643818e-01,        -2.285800327234e-02
 1.83000000e+02,        +1.414213562373e-01,        +1.415707523084e-01,        -1.199474363580e-02,        -2.508159694849e-02,        -9.207117869939e-02,        -2.510822038927e-02,        -9.208737293081e-02,        +1.414213562373e-01,        -2.508159694849e-02,        -9.207117869939e-02,        +2.070663544944e-01,        -2.351449617120e-02,        -5.726493106277e-02,        +2.687368859174e-02,        +1.414213562373e-01,        -2.510822038928e-02,        -9.208737293081e-02,        -5.726493106277e-02,        +2.687368859174e-02,        +2.069888380292e-01,        -2.353937135215e-02
 1.84000000e+02,        +1.414213562373e-01,        +1.413179937889e-01,        -1.241284499721e-02,        -2.603333986422e-02,        -9.177612314052e-02,        -2.606031772924e-02,        -9.179126131398e-02,        +1.414213562373e-01,        -2.603333986422e-02,        -9.177612314052e-02,        +2.067235532556e-01,        -2.419120194562e-02,        -5.676243136022e-02,        +2.791888918031e-02,        +1.414213562373e-01,        -2.606031772924e-02,        -9.179126131398e-02,        -5.676243136022e-02,        +2.791888918031e-02,        +2.066455402160e-01,        -2.421588886556e-02
 1.85000000e+02,        +1.414213562373e-01,        +1.410567346231e-01,        -1.282586118478e-02,        -2.698107856379e-02,        -9.147042134216e-02,        -2.700836620364e-02,        -9.148446987383e-02,        +1.414213562373e-01,        -2.698107856379e-02,        -9.147042134216e-02,        +2.063665165962e-01,        -2.486240393227e-02,        -5.623781595119e-02,        +2.895503986340e-02,        +1.414213562373e-01,        -2.700836620364e-02,        -9.148446987383e-02,        -5.623781595119e-02,        +2.895503986341e-02,        +2.062879667316e-01,        -2.488690552887e-02
 1.86000000e+02,        +1.414213562373e-01,        +1.407870873874e-01,        -1.323361932657e-02,        -2.792467308367e-02,        -9.115414340023e-02,        -2.795222149807e-02,        -9.116706917126e-02,        +1.414213562373e-01,        -2.792467308367e-02,        -9.115414340023e-02,        +2.059949637415e-01,        -2.552735856119e-02,        -5.569088429741e-02,        +2.998123127971e-02,        +1.414213562373e-01,        -2.795222149807e-02,        -9.116706917125e-02,        -5.569088429741e-02,        +2.998123127971e-02,        +2.059158319598e-01,        -2.555167452542e-02
 1.87000000e+02,        +1.414213562373e-01,        +1.405091683712e-01,        -1.363594937361e-02,        -2.886398535197e-02,        -9.082736171887e-02,        -2.889174072055e-02,        -9.083913245091e-02,        +1.414213562373e-01,        -2.886398535197e-02,        -9.082736171887e-02,        +2.056086464795e-01,        -2.618521433877e-02,        -5.512147191785e-02,        +3.099644786274e-02,        +1.414213562373e-01,        -2.889174072055e-02,        -9.083913245091e-02,        -5.512147191785e-02,        +3.099644786274e-02,        +2.055288825673e-01,        -2.620934025879e-02
 1.88000000e+02,        +1.414213562373e-01,        +1.402230974941e-01,        -1.403268418756e-02,        -2.979887926222e-02,        -9.049015090399e-02,        -2.982678244346e-02,        -9.050073564754e-02,        +1.414213562373e-01,        -2.979887926222e-02,        -9.049015090399e-02,        +2.052073670839e-01,        -2.683499938868e-02,        -5.452946827584e-02,        +3.199955538656e-02,        +1.414213562373e-01,        -2.982678244346e-02,        -9.050073564754e-02,        -5.452946827584e-02,        +3.199955538656e-02,        +2.051269154845e-01,        -2.685892572697e-02
 1.89000000e+02,        +1.414213562373e-01,        +1.399289982208e-01,        -1.442365962544e-02,        -3.072922073997e-02,        -9.014258764198e-02,        -3.075720674897e-02,        -9.015195740397e-02,        +1.414213562373e-01,        -3.072922073997e-02,        -9.014258764199e-02,        +2.047910015203e-01,        -2.747560930317e-02,        -5.391483996490e-02,        +3.298928880782e-02,        +1.414213562373e-01,        -3.075720674897e-02,        -9.015195740396e-02,        -5.391483996490e-02,        +3.298928880782e-02,        +2.047098012038e-01,        -2.749932018335e-02
 1.90000000e+02,        +1.414213562373e-01,        +1.396269974740e-01,        -1.480871462149e-02,        -3.165487779854e-02,        -8.978475056175e-02,        -3.168287528166e-02,        -8.979287910277e-02,        +1.414213562373e-01,        -3.165487779854e-02,        -8.978475056175e-02,        +2.043595290762e-01,        -2.810579636208e-02,        -5.327766034121e-02,        +3.396424146228e-02,        +1.414213562373e-01,        -3.168287528166e-02,        -8.979287910277e-02,        -5.327766034121e-02,        +3.396424146228e-02,        +2.042775135518e-01,        -2.812926814345e-02
 1.91000000e+02,        +1.414213562373e-01,        +1.393172255449e-01,        -1.518769126595e-02,        -3.257572057871e-02,        -8.941672007828e-02,        -3.260365131341e-02,        -8.942358491347e-02,        +1.414213562373e-01,        -3.257572057871e-02,        -8.941672007828e-02,        +2.039130696166e-01,        -2.872416171423e-02,        -5.261814680972e-02,        +3.492285721255e-02,        +1.414213562373e-01,        -3.260365131341e-02,        -8.942358491347e-02,        -5.261814680972e-02,        +3.492285721254e-02,        +2.038301671499e-01,        -2.874736133642e-02
 1.92000000e+02,        +1.414213562373e-01,        +1.389998160018e-01,        -1.556043488076e-02,        -3.349162136544e-02,        -8.903857821709e-02,        -3.351939982733e-02,        -8.904416185617e-02,        +1.414213562373e-01,        -3.349162136544e-02,        -8.903857821709e-02,        +2.034519295894e-01,        -2.932915282855e-02,        -5.193670690072e-02,        +3.586342785922e-02,        +1.414213562373e-01,        -3.351939982733e-02,        -8.904416185617e-02,        -5.193670690072e-02,        +3.586342785922e-02,        +2.033680637076e-01,        -2.935203591853e-02
 1.93000000e+02,        +1.414213562373e-01,        +1.386749055967e-01,        -1.592679409212e-02,        -3.440245457278e-02,        -8.865040842030e-02,        -3.442998762971e-02,        -8.865469988114e-02,        +1.414213562373e-01,        -3.440245457278e-02,        -8.865040842029e-02,        +2.029766576079e-01,        -2.991906942610e-02,        -5.123399397234e-02,        +3.678409903511e-02,        +1.414213562373e-01,        -3.442998762971e-02,        -8.865469988114e-02,        -5.123399397234e-02,        +3.678409903511e-02,        +2.028917479967e-01,        -2.994157817668e-02
 1.94000000e+02,        +1.414213562373e-01,        +1.383426341699e-01,        -1.628662089968e-02,        -3.530809668575e-02,        -8.825229533754e-02,        -3.533528350095e-02,        -8.825529196102e-02,        +1.414213562373e-01,        -3.530809668575e-02,        -8.825229533753e-02,        +2.024881097597e-01,        -3.049208218214e-02,        -5.051097270039e-02,        +3.768288888501e-02,        +1.414213562373e-01,        -3.533528350095e-02,        -8.825529196102e-02,        -5.051097270040e-02,        +3.768288888501e-02,        +2.024020736763e-01,        -3.051414303822e-02
 1.95000000e+02,        +1.414213562373e-01,        +1.380031445540e-01,        -1.663977074258e-02,        -3.620842614625e-02,        -8.784432460953e-02,        -3.623515839854e-02,        -8.784603418838e-02,        +1.414213562373e-01,        -3.620842614625e-02,        -8.784432460953e-02,        +2.019875235598e-01,        -3.104626965810e-02,        -4.976899328180e-02,        +3.855772501150e-02,        +1.414213562373e-01,        -3.623515839854e-02,        -8.784603418838e-02,        -4.976899328180e-02,        +3.855772501150e-02,        +2.019002779069e-01,        -3.106779088808e-02
 1.96000000e+02,        +1.414213562373e-01,        +1.376565824751e-01,        -1.698610256192e-02,        -3.710332316902e-02,        -8.742658265767e-02,        -3.712948572611e-02,        -8.742702586511e-02,        +1.414213562373e-01,        -3.710332316902e-02,        -8.742658265767e-02,        +2.014765974504e-01,        -3.157967999646e-02,        -4.900987126193e-02,        +3.940650624839e-02,        +1.414213562373e-01,        -3.712948572611e-02,        -8.742702586511e-02,        -4.900987126193e-02,        +3.940650624839e-02,        +2.013880616662e-01,        -3.160054928359e-02
 1.97000000e+02,        +1.414213562373e-01,        +1.373030964534e-01,        -1.732547885990e-02,        -3.799266947454e-02,        -8.699915650151e-02,        -3.801814168152e-02,        -8.699836956202e-02,        +1.414213562373e-01,        -3.799266947454e-02,        -8.699915650151e-02,        +2.009575697602e-01,        -3.209042452572e-02,        -4.823596689321e-02,        +4.022719644675e-02,        +1.414213562373e-01,        -3.801814168152e-02,        -8.699836956202e-02,        -4.823596689321e-02,        +4.022719644675e-02,        +2.008676696756e-01,        -3.211050679017e-02
 1.98000000e+02,        +1.414213562373e-01,        +1.369428377034e-01,        -1.765776575548e-02,        -3.887634793068e-02,        -8.656213363591e-02,        -3.890100569247e-02,        -8.656017111702e-02,        +1.414213562373e-01,        -3.887634793068e-02,        -8.656213363591e-02,        +2.004332869547e-01,        -3.257680999544e-02,        -4.745025384256e-02,        +4.101795704003e-02,        +1.414213562373e-01,        -3.890100569247e-02,        -8.656017111702e-02,        -4.745025384256e-02,        +4.101795704003e-02,        +2.003419597329e-01,        -3.259594575084e-02
 1.99000000e+02,        +1.414213562373e-01,        +1.365759600317e-01,        -1.798283303657e-02,        -3.975424210470e-02,        -8.611560201022e-02,        -3.977796093793e-02,        -8.611253952935e-02,        +1.414213562373e-01,        -3.975424210470e-02,        -8.611560201023e-02,        +1.999072460359e-01,        -3.303751386748e-02,        -4.665636206513e-02,        +4.177732286497e-02,        +1.414213562373e-01,        -3.977796093793e-02,        -8.611253952935e-02,        -4.665636206513e-02,        +4.177732286497e-02,        +1.998144462344e-01,        -3.305551851748e-02
 2.00000000e+02,        +1.414213562373e-01,        +1.362026197359e-01,        -1.830055420887e-02,        -4.062623574499e-02,        -8.565965016086e-02,        -4.064889493603e-02,        -8.565558669867e-02,        +1.414213562373e-01,        -4.062623574498e-02,        -8.565965016086e-02,        +1.993835907581e-01,        -3.347180194772e-02,        -4.585857444396e-02,        +4.250442056928e-02,        +1.414213562373e-01,        -4.064889493603e-02,        -8.565558669868e-02,        -4.585857444396e-02,        +4.250442056929e-02,        +1.992892974145e-01,        -3.348846652153e-02
