        f (GHz),            V_inc[1][1] (V),            Re{V[1][1]} (V),            Im{V[1][1]} (V),            Re{V[2][1]} (V),            Im{V[2][1]} (V),            Re{V[3][1]} (V),            Im{V[3][1]} (V),            Re{V[4][1]} (V),            Im{V[4][1]} (V),            V_inc[2][2] (V),            Re{V[1][2]} (V),            Im{V[1][2]} (V),            Re{V[2][2]} (V),            Im{V[2][2]} (V),            Re{V[3][2]} (V),            Im{V[3][2]} (V),            Re{V[4][2]} (V),            Im{V[4][2]} (V),            V_inc[3][3] (V),            Re{V[1][3]} (V),            Im{V[1][3]} (V),            Re{V[2][3]} (V),            Im{V[2][3]} (V),            Re{V[3][3]} (V),            Im{V[3][3]} (V),            Re{V[4][3]} (V),            Im{V[4][3]} (V),            V_inc[4][4] (V),            Re{V[1][4]} (V),            Im{V[1][4]} (V),            Re{V[2][4]} (V),            Im{V[2][4]} (V),            Re{V[3][4]} (V),            Im{V[3][4]} (V),            Re{V[4][4]} (V),            Im{V[4][4]} (V)
 1.20000000e+02,        +7.071067811865e+00,        +5.201531477383e+00,        +2.506014489013e+00,        +1.492156529112e+00,        -2.745712848664e+00,        -2.335246007343e+00,        -3.635300781124e+00,        -2.221362681294e-01,        -2.483370450683e+00,        +7.071067811865e+00,        +1.492156529112e+00,        -2.745712848664e+00,        +5.200384179570e+00,        +2.502881954480e+00,        -2.215263198556e-01,        -2.485403215426e+00,        -2.335468950414e+00,        -3.635319371403e+00,        +7.071067811865e+00,        -2.335246007343e+00,        -3.635300781124e+00,        -2.215263198556e-01,        -2.485403215426e+00,        +5.199332705442e+00,        +2.502071840764e+00,        +1.492276724388e+00,        -2.746050148478e+00,        +7.071067811865e+00,        -2.221362681294e-01,        -2.483370450683e+00,        -2.335468950414e+00,        -3.635319371402e+00,        +1.492276724388e+00,        -2.746050148478e+00,        +5.200988033108e+00,        +2.504727290442e+00
 1.21000000e+02,        +7.071067811865e+00,        +5.269881913596e+00,        +2.505829883267e+00,        +1.483378042003e+00,        -2.770882858037e+00,        -2.423679693517e+00,        -3.602785755289e+00,        -2.596342581882e-01,        -2.458719875963e+00,        +7.071067811865e+00,        +1.483378042003e+00,        -2.770882858037e+00,        +5.268718437816e+00,        +2.502690116962e+00,        -2.590810260485e-01,        -2.460789853904e+00,        -2.423910165181e+00,        -3.602796554170e+00,        +7.071067811865e+00,        -2.423679693517e+00,        -3.602785755289e+00,        -2.590810260485e-01,        -2.460789853904e+00,        +5.267635502670e+00,        +2.501894326949e+00,        +1.483487052624e+00,        -2.771223480837e+00,        +7.071067811865e+00,        -2.596342581882e-01,        -2.458719875963e+00,        -2.423910165181e+00,        -3.602796554170e+00,        +1.483487052624e+00,        -2.771223480837e+00,        +5.269318827332e+00,        +2.504533946373e+00
 1.22000000e+02,        +7.071067811865e+00,        +5.339034512319e+00,        +2.503369340721e+00,        +1.474196042386e+00,        -2.797125585158e+00,        -2.512350346445e+00,        -3.567789574815e+00,        -2.964638097003e-01,        -2.432749061357e+00,        +7.071067811865e+00,        +1.474196042386e+00,        -2.797125585158e+00,        +5.337855587038e+00,        +2.500222475924e+00,        -2.959696094852e-01,        -2.434854882471e+00,        -2.512588240001e+00,        -3.567791983050e+00,        +7.071067811865e+00,        -2.512350346445e+00,        -3.567789574815e+00,        -2.959696094852e-01,        -2.434854882471e+00,        +5.336741144748e+00,        +2.499442530427e+00,        +1.474293616858e+00,        -2.797469069451e+00,        +7.071067811865e+00,        -2.964638097004e-01,        -2.432749061357e+00,        -2.512588240001e+00,        -3.567791983050e+00,        +1.474293616858e+00,        -2.797469069451e+00,        +5.338451430477e+00,        +2.502064964444e+00
 1.23000000e+02,        +7.071067811865e+00,        +5.408909993716e+00,        +2.498557980563e+00,        +1.464532541766e+00,        -2.824459140774e+00,        -2.601180402803e+00,        -3.530246126758e+00,        -3.325512563140e-01,        -2.405447221854e+00,        +7.071067811865e+00,        +1.464532541766e+00,        -2.824459140774e+00,        +5.407716354691e+00,        +2.495404088592e+00,        -3.321184072656e-01,        -2.407587386950e+00,        -2.601425576530e+00,        -3.530239529094e+00,        +7.071067811865e+00,        -2.601180402803e+00,        -3.530246126758e+00,        -3.321184072656e-01,        -2.407587386950e+00,        +5.406570428411e+00,        +2.494641553051e+00,        +1.464618448172e+00,        -2.824805004081e+00,        +7.071067811865e+00,        -3.325512563140e-01,        -2.405447221854e+00,        -2.601425576530e+00,        -3.530239529094e+00,        +1.464618448173e+00,        -2.824805004081e+00,        +5.408306561242e+00,        +2.497245476961e+00
 1.24000000e+02,        +7.071067811865e+00,        +5.479423063240e+00,        +2.491323165786e+00,        +1.454305526259e+00,        -2.852897465690e+00,        -2.690086337394e+00,        -3.490091359694e+00,        -3.678189946930e-01,        -2.376807516998e+00,        +7.071067811865e+00,        +1.454305526259e+00,        -2.852897465691e+00,        +5.478215448359e+00,        +2.488162253812e+00,        -3.674498130902e-01,        -2.378980392916e+00,        -2.690338612038e+00,        -3.490075126263e+00,        +7.071067811865e+00,        -2.690086337394e+00,        -3.490091359694e+00,        -3.674498130902e-01,        -2.378980392916e+00,        +5.477038135675e+00,        +2.487418736009e+00,        +1.454379554136e+00,        -2.853245205191e+00,        +7.071067811865e+00,        -3.678189946930e-01,        -2.376807516998e+00,        -2.690338612038e+00,        -3.490075126263e+00,        +1.454379554136e+00,        -2.853245205191e+00,        +5.478798923732e+00,        +2.490002860541e+00
 1.25000000e+02,        +7.071067811865e+00,        +5.550482360369e+00,        +2.481594996077e+00,        +1.443429076422e+00,        -2.882449840764e+00,        -2.778978605984e+00,        -3.447263780682e+00,        -4.021855990433e-01,        -2.346827543687e+00,        +7.071067811865e+00,        +1.443429076422e+00,        -2.882449840764e+00,        +5.549261504087e+00,        +2.478427005327e+00,        -4.018823911840e-01,        -2.349031358701e+00,        -2.779237762215e+00,        -3.447237268656e+00,        +7.071067811865e+00,        -2.778978605984e+00,        -3.447263780682e+00,        -4.018823911841e-01,        -2.349031358701e+00,        +5.548052982243e+00,        +2.477704152627e+00,        +1.443491038667e+00,        -2.882798934120e+00,        +7.071067811865e+00,        -4.021855990433e-01,        -2.346827543687e+00,        -2.779237762215e+00,        -3.447237268656e+00,        +1.443491038667e+00,        -2.882798934120e+00,        +5.549837156213e+00,        +2.480267229044e+00
 1.26000000e+02,        +7.071067811865e+00,        +5.621990448795e+00,        +2.469306825558e+00,        +1.431813537426e+00,        -2.913120381286e+00,        -2.867761629832e+00,        -3.401704977138e+00,        -4.355659862080e-01,        -2.315509844558e+00,        +7.071067811865e+00,        +1.431813537426e+00,        -2.913120381286e+00,        +5.620757076164e+00,        +2.466131629968e+00,        -4.353310407768e-01,        -2.317742684061e+00,        -2.868027405692e+00,        -3.401667532665e+00,        +7.071067811865e+00,        -2.867761629833e+00,        -3.401704977138e+00,        -4.353310407768e-01,        -2.317742684061e+00,        +5.619517607332e+00,        +2.465431126039e+00,        +1.431863272199e+00,        -2.913470287640e+00,        +7.071067811865e+00,        -4.355659862080e-01,        -2.315509844558e+00,        -2.868027405692e+00,        -3.401667532665e+00,        +1.431863272199e+00,        -2.913470287640e+00,        +5.621323821314e+00,        +2.467971951370e+00
 1.27000000e+02,        +7.071067811865e+00,        +5.693843852697e+00,        +2.454395802119e+00,        +1.419365744151e+00,        -2.944907520144e+00,        -2.956333826542e+00,        -3.353360160353e+00,        -4.678716359313e-01,        -2.282862427563e+00,        +7.071067811865e+00,        +1.419365744151e+00,        -2.944907520144e+00,        +5.692598673034e+00,        +2.451213207492e+00,        -4.677072157465e-01,        -2.285122230096e+00,        -2.956605914907e+00,        -3.353311120788e+00,        +7.071067811865e+00,        -2.956333826542e+00,        -3.353360160353e+00,        -4.677072157465e-01,        -2.285122230096e+00,        +5.691328609575e+00,        +2.450536768486e+00,        +1.419403116781e+00,        -2.945257681317e+00,        +7.071067811865e+00,        -4.678716359313e-01,        -2.282862427563e+00,        -2.956605914907e+00,        -3.353311120788e+00,        +1.419403116781e+00,        -2.945257681317e+00,        +5.693155442331e+00,        +2.453054190833e+00
 1.28000000e+02,        +7.071067811865e+00,        +5.765933143595e+00,        +2.436803424288e+00,        +1.405989305608e+00,        -2.977803485014e+00,        -3.044587691724e+00,        -3.302178726598e+00,        -4.990108706491e-01,        -2.248899291479e+00,        +7.071067811865e+00,        +1.405989305608e+00,        -2.977803485014e+00,        +5.764676843812e+00,        +2.433613168039e+00,        -4.989192037901e-01,        -2.251183845164e+00,        -3.044865737810e+00,        -3.302117423054e+00,        +7.071067811865e+00,        -3.044587691723e+00,        -3.302178726598e+00,        -4.989192037901e-01,        -2.251183845164e+00,        +5.763376633490e+00,        +2.432962538194e+00,        +1.406014210460e+00,        -2.978153326910e+00,        +7.071067811865e+00,        -4.990108706491e-01,        -2.248899291479e+00,        -3.044865737810e+00,        -3.302117423054e+00,        +1.406014210460e+00,        -2.978153326910e+00,        +5.765222590113e+00,        +2.435455462099e+00
 1.29000000e+02,        +7.071067811865e+00,        +5.838143081997e+00,        +2.416476110833e+00,        +1.391584952653e+00,        -3.011793775698e+00,        -3.132409935669e+00,        -3.248114831006e+00,        -5.288891987861e-01,        -2.213640951230e+00,        +7.071067811865e+00,        +1.391584952653e+00,        -3.011793775698e+00,        +5.836876319639e+00,        +2.413277862368e+00,        -5.288724691074e-01,        -2.215947890689e+00,        -3.132693534618e+00,        -3.248040591227e+00,        +7.071067811865e+00,        -3.132409935669e+00,        -3.248114831006e+00,        -5.288724691074e-01,        -2.215947890689e+00,        +5.835546510713e+00,        +2.412654809024e+00,        +1.391597314949e+00,        -3.012142709904e+00,        +7.071067811865e+00,        -5.288891987861e-01,        -2.213640951230e+00,        -3.132693534618e+00,        -3.248040591227e+00,        +1.391597314949e+00,        -3.012142709904e+00,        +5.837410024747e+00,        +2.415122200840e+00
 1.30000000e+02,        +7.071067811865e+00,        +5.910352817621e+00,        +2.393365777463e+00,        +1.376050952473e+00,        -3.046856648573e+00,        -3.219681678836e+00,        -3.191127968585e+00,        -5.574097250134e-01,        -2.177114956035e+00,        +7.071067811865e+00,        +1.376050952473e+00,        -3.046856648573e+00,        +5.909076213676e+00,        +2.390159139265e+00,        -5.574700620624e-01,        -2.179441759869e+00,        -3.219970373406e+00,        -3.191040120164e+00,        +7.071067811865e+00,        -3.219681678836e+00,        -3.191127968585e+00,        -5.574700620624e-01,        -2.179441759869e+00,        +5.907717459830e+00,        +2.389565447254e+00,        +1.376050730037e+00,        -3.047204074181e+00,        +7.071067811865e+00,        -5.574097250134e-01,        -2.177114956035e+00,        -3.219970373406e+00,        -3.191040120163e+00,        +1.376050730037e+00,        -3.047204074181e+00,        +5.909596895838e+00,        +2.392006340502e+00
 1.31000000e+02,        +7.071067811865e+00,        +5.982436151459e+00,        +2.367430414225e+00,        +1.359283592632e+00,        -3.082962615991e+00,        -3.306278709373e+00,        -3.131183555977e+00,        -5.844736302418e-01,        -2.139356392551e+00,        +7.071067811865e+00,        +1.359283592632e+00,        -3.082962615991e+00,        +5.981150282993e+00,        +2.364214923705e+00,        -5.846130986035e-01,        -2.141700381457e+00,        -3.306571987791e+00,        -3.131081429916e+00,        +7.071067811865e+00,        -3.306278709373e+00,        -3.131183555977e+00,        -5.846130986035e-01,        -2.141700381457e+00,        +5.979763348020e+00,        +2.363652389120e+00,        +1.359270777536e+00,        -3.083307921632e+00,        +7.071067811865e+00,        -5.844736302418e-01,        -2.139356392551e+00,        -3.306571987791e+00,        -3.131081429916e+00,        +1.359270777536e+00,        -3.083307921632e+00,        +5.981657004631e+00,        +2.366065889767e+00
 1.32000000e+02,        +7.071067811865e+00,        +6.054261862209e+00,        +2.338634656466e+00,        +1.341177736605e+00,        -3.120073969272e+00,        -3.392071805238e+00,        -3.068253506800e+00,        -6.099807232744e-01,        -2.100408364364e+00,        +7.071067811865e+00,        +1.341177736605e+00,        -3.120073969272e+00,        +6.052967254914e+00,        +2.335409788632e+00,        -6.102013113774e-01,        -2.102766699962e+00,        -3.392369099239e+00,        -3.068136441420e+00,        +7.071067811865e+00,        -3.392071805238e+00,        -3.068253506800e+00,        -6.102013113774e-01,        -2.102766699962e+00,        +6.051553017086e+00,        +2.334880211960e+00,        +1.341152356694e+00,        -3.120416535358e+00,        +7.071067811865e+00,        -6.099807232744e-01,        -2.100408364364e+00,        -3.392369099239e+00,        -3.068136441420e+00,        +1.341152356694e+00,        -3.120416535358e+00,        +6.053459130521e+00,        +2.337265503573e+00
 1.33000000e+02,        +7.071067811865e+00,        +6.125694098766e+00,        +2.306950341525e+00,        +1.321627451736e+00,        -3.158144334645e+00,        -3.476927122577e+00,        -3.002316792754e+00,        -6.338300650283e-01,        -2.060322438462e+00,        +7.071067811865e+00,        +1.321627451736e+00,        -3.158144334645e+00,        +6.124391219501e+00,        +2.303715512519e+00,        -6.341336734550e-01,        -2.062692122919e+00,        -3.477227805687e+00,        -3.002184137957e+00,        +7.071067811865e+00,        -3.476927122577e+00,        -3.002316792754e+00,        -6.341336734550e-01,        -2.062692122919e+00,        +6.122950675554e+00,        +2.303220691140e+00,        +1.321589571990e+00,        -3.158483535824e+00,        +7.071067811865e+00,        -6.338300650283e-01,        -2.060322438462e+00,        -3.477227805687e+00,        -3.002184137957e+00,        +1.321589571990e+00,        -3.158483535824e+00,        +6.124867423633e+00,        +2.305577039878e+00
 1.34000000e+02,        +7.071067811865e+00,        +6.196592839455e+00,        +2.272357042777e+00,        +1.300526709339e+00,        -3.197118272130e+00,        -3.560706651061e+00,        -2.933359982102e+00,        -6.559206650491e-01,        -2.019159048689e+00,        +7.071067811865e+00,        +1.300526709339e+00,        -3.197118272130e+00,        +6.195282088887e+00,        +2.269111614318e+00,        -6.563090944058e-01,        -2.021536925210e+00,        -3.561010037163e+00,        -2.933211103968e+00,        +7.071067811865e+00,        -3.560706651060e+00,        -2.933359982102e+00,        -6.563090944058e-01,        -2.021536925210e+00,        +6.193816357532e+00,        +2.268653334384e+00,        +1.300476433066e+00,        -3.197453479936e+00,        +7.071067811865e+00,        -6.559206650491e-01,        -2.019159048689e+00,        -3.561010037163e+00,        -2.933211103968e+00,        +1.300476433066e+00,        -3.197453479936e+00,        +6.195741864157e+00,        +2.270980093758e+00
 1.35000000e+02,        +7.071067811865e+00,        +6.266814417546e+00,        +2.234842572174e+00,        +1.277770155358e+00,        -3.236930927844e+00,        -3.643268735694e+00,        -2.861377746672e+00,        -6.761522487002e-01,        -1.976987845723e+00,        +7.071067811865e+00,        +1.277770155358e+00,        -3.236930927844e+00,        +6.265496122987e+00,        +2.231585856939e+00,        -6.766271871105e-01,        -1.979370599990e+00,        -3.643574077937e+00,        -2.861212032385e+00,        +7.071067811865e+00,        -3.643268735694e+00,        -2.861377746672e+00,        -6.766271871104e-01,        -1.979370599990e+00,        +6.264006447873e+00,        +2.231165884652e+00,        +1.277707625169e+00,        -3.237261513538e+00,        +7.071067811865e+00,        -6.761522487003e-01,        -1.976987845723e+00,        -3.643574077937e+00,        -2.861212032385e+00,        +1.277707625169e+00,        -3.237261513538e+00,        +6.265938787982e+00,        +2.233462500008e+00
 1.36000000e+02,        +7.071067811865e+00,        +6.336212111312e+00,        +2.194403442169e+00,        +1.253253948469e+00,        -3.277507750475e+00,        -3.724468663386e+00,        -2.786373328247e+00,        -6.944260919213e-01,        -1.933887982799e+00,        +7.071067811865e+00,        +1.253253948469e+00,        -3.277507750475e+00,        +6.334886519886e+00,        +2.191134710125e+00,        -6.949891022193e-01,        -1.936272145418e+00,        -3.724775153468e+00,        -2.786190191336e+00,        +7.071067811865e+00,        -3.724468663386e+00,        -2.786373328247e+00,        -6.949891022192e-01,        -1.936272145418e+00,        +6.333374271921e+00,        +2.190754782445e+00,        +1.253179347021e+00,        -3.277833088053e+00,        +7.071067811865e+00,        -6.944260919213e-01,        -1.933887982799e+00,        -3.724775153468e+00,        -2.786190191336e+00,        +1.253179347021e+00,        -3.277833088053e+00,        +6.335311476893e+00,        +2.193020795115e+00
 1.37000000e+02,        +7.071067811865e+00,        +6.404636795528e+00,        +2.151045277796e+00,        +1.226876660945e+00,        -3.318764282815e+00,        -3.804159311143e+00,        -2.708358955133e+00,        -7.106459188392e-01,        -1.889948326318e+00,        +7.071067811865e+00,        +1.226876660945e+00,        -3.318764282815e+00,        +6.403304067778e+00,        +2.147763763486e+00,        -7.112984255491e-01,        -1.892330276344e+00,        -3.804466079046e+00,        -2.708157840989e+00,        +7.071067811865e+00,        -3.804159311143e+00,        -2.708358955133e+00,        -7.112984255491e-01,        -1.892330276344e+00,        +6.401770746731e+00,        +2.147425578313e+00,        +1.226790211414e+00,        -3.319083752167e+00,        +7.071067811865e+00,        -7.106459188392e-01,        -1.889948326318e+00,        -3.804466079046e+00,        -2.708157840989e+00,        +1.226790211414e+00,        -3.319083752167e+00,        +6.403710810216e+00,        +2.149660629371e+00
 1.38000000e+02,        +7.071067811865e+00,        +6.471937649850e+00,        +2.104783169816e+00,        +1.198540235856e+00,        -3.360606039024e+00,        -3.882191851355e+00,        -2.627356199789e+00,        -7.247188558165e-01,        -1.845267580643e+00,        +7.071067811865e+00,        +1.198540235856e+00,        -3.360606039024e+00,        +6.470597853926e+00,        +2.101488080588e+00,        -7.254621320146e-01,        -1.847643550238e+00,        -3.882497965554e+00,        -2.627136591432e+00,        +7.071067811865e+00,        -3.882191851355e+00,        -2.627356199789e+00,        -7.254621320146e-01,        -1.847643550238e+00,        +6.469045089229e+00,        +2.101193286475e+00,        +1.198442202125e+00,        -3.360919029228e+00,        +7.071067811865e+00,        -7.247188558165e-01,        -1.845267580643e+00,        -3.882497965554e+00,        -2.627136591432e+00,        +1.198442202125e+00,        -3.360919029228e+00,        +6.470985973368e+00,        +2.103397120052e+00
 1.39000000e+02,        +7.071067811865e+00,        +6.537962918031e+00,        +2.055641960208e+00,        +1.168150992456e+00,        -3.402928477943e+00,        -3.958416508106e+00,        -2.543396268812e+00,        -7.365564337651e-01,        -1.799954316801e+00,        +7.071067811865e+00,        +1.168150992456e+00,        -3.402928477943e+00,        +6.536616024587e+00,        +2.052332485347e+00,        -7.373915879303e-01,        -1.802320397069e+00,        -3.958720976314e+00,        -2.543157692865e+00,        +7.071067811865e+00,        -3.958416508106e+00,        -2.543396268812e+00,        -7.373915879303e-01,        -1.802320397069e+00,        +6.535045575251e+00,        +2.052082670808e+00,        +1.168041678986e+00,        -3.403234390640e+00,        +7.071067811865e+00,        -7.365564337651e-01,        -1.799954316801e+00,        -3.958720976314e+00,        -2.543157692865e+00,        +1.168041678986e+00,        -3.403234390640e+00,        +6.536985217256e+00,        +2.054255136917e+00
 1.40000000e+02,        +7.071067811865e+00,        +6.602560710454e+00,        +2.003656451925e+00,        +1.135620669831e+00,        -3.445617081978e+00,        -4.032683356996e+00,        -2.456520217174e+00,        -7.460756287895e-01,        -1.754126895542e+00,        +7.071067811865e+00,        +1.135620669831e+00,        -3.445617081978e+00,        +6.601206588402e+00,        +2.000331772646e+00,        -7.470035917581e-01,        -1.756479043578e+00,        -4.032985127491e+00,        -2.456262249994e+00,        +7.071067811865e+00,        -4.032683356996e+00,        -2.456520217174e+00,        -7.470035917581e-01,        -1.756479043578e+00,        +6.599620341976e+00,        +2.000128455140e+00,        +1.135500421198e+00,        -3.445915334827e+00,        +7.071067811865e+00,        -7.460756287893e-01,        -1.754126895542e+00,        -4.032985127491e+00,        -2.456262249994e+00,        +1.135500421198e+00,        -3.445915334827e+00,        +6.601556661007e+00,        +2.002269511954e+00
 1.41000000e+02,        +7.071067811865e+00,        +6.665579841029e+00,        +1.948871535734e+00,        +1.100867497153e+00,        -3.488547550109e+00,        -4.104843159527e+00,        -2.366779079532e+00,        -7.531999295056e-01,        -1.707913276228e+00,        +7.071067811865e+00,        +1.100867497153e+00,        -3.488547550109e+00,        +6.664218254273e+00,        +1.945530835954e+00,        -7.542214416504e-01,        -1.710247323401e+00,        -4.105141123090e+00,        -2.366501353443e+00,        +7.071067811865e+00,        -4.104843159527e+00,        -2.366779079532e+00,        -7.542214416504e-01,        -1.710247323401e+00,        +6.662618224787e+00,        +1.945375450637e+00,        +1.100736697237e+00,        -3.488837580260e+00,        +7.071067811865e+00,        -7.531999295056e-01,        -1.707913276228e+00,        -4.105141123090e+00,        -2.366501353443e+00,        +1.100736697237e+00,        -3.488837580260e+00,        +6.664549129084e+00,        +1.947485166190e+00
 1.42000000e+02,        +7.071067811865e+00,        +6.726870688203e+00,        +1.891342228139e+00,        +1.063817277280e+00,        -3.531586112204e+00,        -4.174748221775e+00,        -2.274233912610e+00,        -7.578604177559e-01,        -1.661450704370e+00,        +7.071067811865e+00,        +1.063817277280e+00,        -3.531586112204e+00,        +6.725501293492e+00,        +1.887984705941e+00,        -7.589760165195e-01,        -1.663762365856e+00,        -4.175041214287e+00,        -2.273936122168e+00,        +7.071067811865e+00,        -4.174748221775e+00,        -2.274233912610e+00,        -7.589760165196e-01,        -1.663762365856e+00,        +6.723889618311e+00,        +1.887878594291e+00,        +1.063676348084e+00,        -3.531867379761e+00,        +7.071067811865e+00,        -7.578604177558e-01,        -1.661450704370e+00,        -4.175041214287e+00,        -2.273936122168e+00,        +1.063676348083e+00,        -3.531867379761e+00,        +6.725813012513e+00,        +1.889957147562e+00
 1.43000000e+02,        +7.071067811865e+00,        +6.786286068657e+00,        +1.831133615838e+00,        +1.024404468957e+00,        -3.574589970167e+00,        -4.242253265948e+00,        -2.178955744077e+00,        -7.599968479840e-01,        -1.614885272286e+00,        +7.071067811865e+00,        +1.024404468957e+00,        -3.574589970167e+00,        +6.784908414674e+00,        +1.827758495509e+00,        -7.612068558968e-01,        -1.617170157834e+00,        -4.242540071662e+00,        -2.178637652306e+00,        +7.071067811865e+00,        -4.242253265948e+00,        -2.178955744077e+00,        -7.612068558968e-01,        -1.617170157834e+00,        +6.783287350237e+00,        +1.827702893936e+00,        +1.024253869060e+00,        -3.574861961596e+00,        +7.071067811865e+00,        -7.599968479840e-01,        -1.614885272285e+00,        -4.242540071662e+00,        -2.178637652306e+00,        +1.024253869060e+00,        -3.574861961596e+00,        +6.785201142818e+00,        +1.829750575282e+00
 1.44000000e+02,        +7.071067811865e+00,        +6.843682111350e+00,        +1.768320703831e+00,        +9.825732516529e-01,        -3.617407869549e+00,        -4.307216302469e+00,        -2.081025425056e+00,        -7.595587092854e-01,        -1.568371349268e+00,        +7.071067811865e+00,        +9.825732516530e-01,        -3.617407869549e+00,        +6.842295639151e+00,        +1.764927248341e+00,        -7.608632226023e-01,        -1.570624975195e+00,        -4.307495657980e+00,        -2.080686869565e+00,        +7.071067811865e+00,        -4.307216302469e+00,        -2.081025425056e+00,        -7.608632226023e-01,        -1.570624975195e+00,        +6.840667555548e+00,        +1.764923276900e+00,        +9.824134742917e-01,        -3.617670100983e+00,        +7.071067811865e+00,        -7.595587092852e-01,        -1.568371349268e+00,        -4.307495657980e+00,        -2.080686869565e+00,        +9.824134742915e-01,        -3.617670100983e+00,        +6.842569666303e+00,        +1.766940487836e+00
 1.45000000e+02,        +7.071067811865e+00,        +6.898919118909e+00,        +1.702988166180e+00,        +9.382785560800e-01,        -3.659880803002e+00,        -4.369499489578e+00,        -1.980533385239e+00,        -7.565062531871e-01,        -1.522070879883e+00,        +7.071067811865e+00,        +9.382785560800e-01,        -3.659880803002e+00,        +6.897523163812e+00,        +1.699575689940e+00,        -7.579051312775e-01,        -1.524288682235e+00,        -4.369770088508e+00,        -1.980174284151e+00,        +7.071067811865e+00,        -4.369499489578e+00,        -1.980533385239e+00,        -7.579051312775e-01,        -1.524288682235e+00,        +6.895890538182e+00,        +1.699624341288e+00,        +9.381101268546e-01,        -3.660132823402e+00,        +7.071067811865e+00,        -7.565062531872e-01,        -1.522070879883e+00,        -4.369770088508e+00,        -1.980174284151e+00,        +9.381101268547e-01,        -3.660132823402e+00,        +6.897778905682e+00,        +1.701611593589e+00
 1.46000000e+02,        +7.071067811865e+00,        +6.951862403014e+00,        +1.635230000476e+00,        +8.914870428195e-01,        -3.701842844609e+00,        -4.428969967109e+00,        -1.877579291660e+00,        -7.508114695775e-01,        -1.476152551371e+00,        +7.071067811865e+00,        +8.914870428195e-01,        -3.701842844609e+00,        +6.950456198009e+00,        +1.631797882208e+00,        -7.523043251982e-01,        -1.478329900225e+00,        -4.429230465489e+00,        -1.877199649253e+00,        +7.071067811865e+00,        -4.428969967109e+00,        -1.877579291660e+00,        -7.523043251982e-01,        -1.478329900225e+00,        +6.948821606766e+00,        +1.631900010935e+00,        +8.913105170467e-01,        -3.702084238724e+00,        +7.071067811865e+00,        -7.508114695773e-01,        -1.476152551371e+00,        -4.429230465489e+00,        -1.877199649253e+00,        +8.913105170466e-01,        -3.702084238724e+00,        +6.950694195707e+00,        +1.633857925068e+00
 1.47000000e+02,        +7.071067811865e+00,        +7.002383080454e+00,        +1.565149089175e+00,        +8.421780112175e-01,        -3.743122111511e+00,        -4.485500651092e+00,        -1.772271614287e+00,        -7.424589929464e-01,        -1.430790833741e+00,        +7.071067811865e+00,        +8.421780112175e-01,        -3.743122111511e+00,        +7.000965761194e+00,        +1.561696784700e+00,        -7.440451835265e-01,        -1.432923048550e+00,        -4.485749673453e+00,        -1.771871526273e+00,        +7.071067811865e+00,        -4.485500651092e+00,        -1.772271614287e+00,        -7.440451835264e-01,        -1.432923048550e+00,        +6.999331871089e+00,        +1.561853097167e+00,        +8.419939709405e-01,        -3.743352502605e+00,        +7.071067811865e+00,        -7.424589929465e-01,        -1.430790833741e+00,        -4.485749673453e+00,        -1.771871526273e+00,        +8.419939709407e-01,        -3.743352502605e+00,        +7.001186679450e+00,        +1.563782400070e+00
 1.48000000e+02,        +7.071067811865e+00,        +7.050358816927e+00,        +1.492856673159e+00,        +7.903442208676e-01,        -3.783541846644e+00,        -4.538970976262e+00,        -1.664727103779e+00,        -7.314469212581e-01,        -1.386164898747e+00,        +7.071067811865e+00,        +7.903442208676e-01,        -3.783541846644e+00,        +7.048929428324e+00,        +1.489383727899e+00,        -7.331255413124e-01,        -1.388247264664e+00,        -4.539207122391e+00,        -1.664306762117e+00,        +7.071067811865e+00,        -4.538970976262e+00,        -1.664727103779e+00,        -7.331255413124e-01,        -1.388247264664e+00,        +7.047298986378e+00,        +1.489594772740e+00,        +7.901532715498e-01,        -3.783760898928e+00,        +7.071067811865e+00,        -7.314469212581e-01,        -1.386164898747e+00,        -4.539207122391e+00,        -1.664306762117e+00,        +7.901532715498e-01,        -3.783760898928e+00,        +7.049134052325e+00,        +1.491496294965e+00
 1.49000000e+02,        +7.071067811865e+00,        +7.095674506428e+00,        +1.418471744975e+00,        +7.359926085904e-01,        -3.822921613685e+00,        -4.589267574315e+00,        -1.555070188849e+00,        -7.177875303661e-01,        -1.342457426654e+00,        +7.071067811865e+00,        +7.359926085904e-01,        -3.822921613685e+00,        +7.094232010871e+00,        +1.414977805964e+00,        -7.195574051501e-01,        -1.344485211719e+00,        -4.589489426652e+00,        -1.554629886018e+00,        +7.071067811865e+00,        -4.589267574315e+00,        -1.555070188849e+00,        -7.195574051501e-01,        -1.344485211719e+00,        +7.092607833239e+00,        +1.415243965368e+00,        +7.357953755222e-01,        -3.823129034425e+00,        +7.071067811865e+00,        -7.177875303660e-01,        -1.342457426654e+00,        -4.589489426652e+00,        -1.554629886018e+00,        +7.357953755221e-01,        -3.823129034425e+00,        +7.094421241678e+00,        +1.417118637626e+00
 1.50000000e+02,        +7.071067811865e+00,        +7.138222875311e+00,        +1.342120371208e+00,        +6.791448848525e-01,        -3.861078592743e+00,        -4.636284876955e+00,        -1.443432302694e+00,        -7.015078679190e-01,        -1.299853312265e+00,        +7.071067811865e+00,        +6.791448848525e-01,        -3.861078592743e+00,        +7.136766162459e+00,        +1.338605198384e+00,        -7.033675484215e-01,        -1.301821785348e+00,        -4.636491008577e+00,        -1.442972435323e+00,        +7.071067811865e+00,        -4.636284876955e+00,        -1.443432302694e+00,        -7.033675484214e-01,        -1.301821785348e+00,        +7.135151122284e+00,        +1.338926680311e+00,        +6.789420093093e-01,        -3.861274133997e+00,        +7.071067811865e+00,        -7.015078679190e-01,        -1.299853312265e+00,        -4.636491008577e+00,        -1.442972435323e+00,        +6.789420093093e-01,        -3.861274133998e+00,        +7.136941011014e+00,        +1.340775529466e+00
 1.51000000e+02,        +7.071067811865e+00,        +7.177905001580e+00,        +1.263934955235e+00,        +6.198379950375e-01,        -3.897828962827e+00,        -4.679925634328e+00,        -1.329951149726e+00,        -6.826502121718e-01,        -1.258538284172e+00,        +7.071067811865e+00,        +6.198379950376e-01,        -3.897828962827e+00,        +7.176432899691e+00,        +1.260398431800e+00,        -6.845979715327e-01,        -1.260442733537e+00,        -4.680114617460e+00,        -1.329472221521e+00,        +7.071067811865e+00,        -4.679925634328e+00,        -1.329951149726e+00,        -6.845979715326e-01,        -1.260442733537e+00,        +7.174829914051e+00,        +1.260775263246e+00,        +6.196301302317e-01,        -3.898012422781e+00,        +7.071067811865e+00,        -6.826502121718e-01,        -1.258538284172e+00,        -4.680114617460e+00,        -1.329472221521e+00,        +6.196301302316e-01,        -3.898012422781e+00,        +7.176594479442e+00,        +1.262599407813e+00
 1.52000000e+02,        +7.071067811865e+00,        +7.214630741943e+00,        +1.184053453117e+00,        +5.581244328592e-01,        -3.932989354921e+00,        -4.720101341318e+00,        -1.214769925360e+00,        -6.612723829991e-01,        -1.218697453407e+00,        +7.071067811865e+00,        +5.581244328593e-01,        -3.932989354921e+00,        +7.213142030634e+00,        +1.180495594748e+00,        -6.633062144219e-01,        -1.220533205779e+00,        -4.720271756302e+00,        -1.214272549230e+00,        +7.071067811865e+00,        -4.720101341318e+00,        -1.214769925360e+00,        -6.633062144219e-01,        -1.220533205779e+00,        +7.211554046683e+00,        +1.180927616173e+00,        +5.579122397333e-01,        -3.933160578792e+00,        +7.071067811865e+00,        -6.612723829991e-01,        -1.218697453407e+00,        -4.720271756302e+00,        -1.214272549230e+00,        +5.579122397334e-01,        -3.933160578792e+00,        +7.213291548833e+00,        +1.182728261386e+00
 1.53000000e+02,        +7.071067811865e+00,        +7.248319061260e+00,        +1.102618556531e+00,        +4.940723954538e-01,        -3.966378357531e+00,        -4.756732566356e+00,        -1.098036502768e+00,        -6.374478946524e-01,        -1.180513809635e+00,        +7.071067811865e+00,        +4.940723954538e-01,        -3.966378357531e+00,        +7.246812485582e+00,        +1.099039519244e+00,        -6.395655108668e-01,        -1.182276249597e+00,        -4.756883010989e+00,        -1.097521402105e+00,        +7.071067811865e+00,        -4.756732566356e+00,        -1.098036502768e+00,        -6.395655108669e-01,        -1.182276249597e+00,        +7.245242466009e+00,        +1.099526380273e+00,        +4.938565383691e-01,        -3.966537238018e+00,        +7.071067811865e+00,        -6.374478946523e-01,        -1.180513809635e+00,        -4.756883010989e+00,        -1.097521402105e+00,        +4.938565383691e-01,        -3.966537238018e+00,        +7.246951233322e+00,        +1.101304812796e+00
 1.54000000e+02,        +7.071067811865e+00,        +7.278898261421e+00,        +1.019776857450e+00,        +4.277657722493e-01,        -3.997818055006e+00,        -4.789749179752e+00,        -9.799026012902e-01,        -6.112659423640e-01,        -1.144166684570e+00,        +7.071067811865e+00,        +4.277657722493e-01,        -3.997818055006e+00,        +7.277372547101e+00,        +1.016176943912e+00,        -6.134647766755e-01,        -1.145851274168e+00,        -4.789878278909e+00,        -9.793706103272e-01,        +7.071067811865e+00,        -4.789749179752e+00,        -9.799026012902e-01,        -6.134647766755e-01,        -1.145851274168e+00,        +7.275823455040e+00,        +1.016718100392e+00,        +4.275469146243e-01,        -3.997964532272e+00,        +7.071067811865e+00,        -6.112659423640e-01,        -1.144166684570e+00,        -4.789878278909e+00,        -9.793706103274e-01,        +4.275469146243e-01,        -3.997964532273e+00,        +7.277501888208e+00,        +1.018475682749e+00
 1.55000000e+02,        +7.071067811865e+00,        +7.306306109194e+00,        +9.356780095406e-01,        +3.593039625102e-01,        -4.027135577773e+00,        -4.819090481086e+00,        -8.605229514858e-01,        -5.828312177018e-01,        -1.109830203487e+00,        +7.071067811865e+00,        +3.593039625102e-01,        -4.027135577773e+00,        +7.304759978844e+00,        +9.320576736697e-01,        -5.851084266487e-01,        -1.111432501871e+00,        -4.819196896512e+00,        -8.599750147101e-01,        +7.071067811865e+00,        -4.819090481086e+00,        -8.605229514858e-01,        -5.851084266488e-01,        -1.111432501871e+00,        +7.303234762398e+00,        +9.326523861526e-01,        +3.590827624683e-01,        -4.027269638952e+00,        +7.071067811865e+00,        -5.828312177018e-01,        -1.109830203487e+00,        -4.819196896513e+00,        -8.599750147102e-01,        +3.590827624683e-01,        -4.027269638952e+00,        +7.304881337759e+00,        +9.343905509637e-01
 1.56000000e+02,        +7.071067811865e+00,        +7.330489865104e+00,        +8.504739011443e-01,        +2.888015194270e-01,        -4.054164642919e+00,        -4.844705227705e+00,        -7.400544716885e-01,        -5.522635505476e-01,        -1.077671746379e+00,        +7.071067811865e+00,        +2.888015194270e-01,        -4.054164642919e+00,        +7.328922055211e+00,        +8.468337508400e-01,        -5.546160181700e-01,        -1.079187429339e+00,        -4.844787667880e+00,        -7.394916422571e-01,        +7.071067811865e+00,        -4.844705227705e+00,        -7.400544716886e-01,        -5.546160181701e-01,        -1.079187429339e+00,        +7.327423631730e+00,        +8.474810845405e-01,        +2.885786255121e-01,        -4.054286321145e+00,        +7.071067811865e+00,        -5.522635505476e-01,        -1.077671746379e+00,        -4.844787667880e+00,        -7.394916422571e-01,        +2.885786255121e-01,        -4.054286321145e+00,        +7.329036903985e+00,        +8.492013286501e-01
 1.57000000e+02,        +7.071067811865e+00,        +7.351406217912e+00,        +7.643178540501e-01,        +2.163876216696e-01,        -4.078747063340e+00,        -4.866551568880e+00,        -6.186554702821e-01,        -5.196973786233e-01,        -1.047850440549e+00,        +7.071067811865e+00,        +2.163876216696e-01,        -4.078747063340e+00,        +7.349815496357e+00,        +7.606586519407e-01,        -5.221217223276e-01,        -1.049275319782e+00,        -4.866608798837e+00,        -6.180789074353e-01,        +7.071067811865e+00,        -4.866551568880e+00,        -6.186554702820e-01,        -5.221217223277e-01,        -1.049275319782e+00,        +7.348346736652e+00,        +7.613574782052e-01,        +2.161636686888e-01,        -4.078856436316e+00,        +7.071067811865e+00,        -5.196973786231e-01,        -1.047850440549e+00,        -4.866608798837e+00,        -6.180789074354e-01,        +2.161636686888e-01,        -4.078856436316e+00,        +7.349925340962e+00,        +7.630613567825e-01
 1.58000000e+02,        +7.071067811865e+00,        +7.369021131568e+00,        +6.773638612189e-01,        +1.422053763695e-01,        -4.100734203915e+00,        -4.884596892499e+00,        -4.964848868550e-01,        -4.852810485318e-01,        -1.020515706159e+00,        +7.071067811865e+00,        +1.422053763695e-01,        -4.100734203915e+00,        +7.367406315439e+00,        +6.736865233320e-01,        -4.877736265231e-01,        -1.021845748133e+00,        -4.884627743482e+00,        -4.958958523214e-01,        +7.071067811865e+00,        -4.884596892499e+00,        -4.964848868549e-01,        -4.877736265231e-01,        -1.021845748133e+00,        +7.365970028089e+00,        +6.744355226213e-01,        +1.419809814216e-01,        -4.100831392031e+00,        +7.071067811865e+00,        -4.852810485319e-01,        -1.020515706159e+00,        -4.884627743482e+00,        -4.958958523213e-01,        +1.419809814216e-01,        -4.100831392030e+00,        +7.367512681555e+00,        +6.761246433213e-01
 1.59000000e+02,        +7.071067811865e+00,        +7.383309613641e+00,        +5.897658751048e-01,        +6.641096045399e-02,        -4.119988363904e+00,        -4.898817593273e+00,        -3.737015838926e-01,        -4.491759552386e-01,        -9.958058755403e-01,        +7.071067811865e+00,        +6.641096045397e-02,        -4.119988363904e+00,        +7.381669587060e+00,        +5.860714674083e-01,        -4.517328754730e-01,        -9.970372197938e-01,        -4.898820972113e+00,        -3.731014372965e-01,        +7.071067811865e+00,        -4.898817593273e+00,        -3.737015838927e-01,        -4.517328754731e-01,        -9.970372197938e-01,        +7.380268502985e+00,        +5.868691337848e-01,        +6.618671919742e-02,        -4.120073527932e+00,        +7.071067811865e+00,        -4.491759552385e-01,        -9.958058755403e-01,        -4.898820972113e+00,        -3.731014372966e-01,        +6.618671919729e-02,        -4.120073527932e+00,        +7.381774005554e+00,        +5.885451510469e-01
 1.60000000e+02,        +7.071067811865e+00,        +7.394255415958e+00,        +5.016771563667e-01,        -1.082738995358e-02,        -4.136384065938e+00,        -4.909198773201e+00,        -2.504636988054e-01,        -4.115555297071e-01,        -9.738469058832e-01,        +7.071067811865e+00,        -1.082738995357e-02,        -4.136384065938e+00,        +7.392589147663e+00,        +4.979668891626e-01,        -4.141726603068e-01,        -9.749758826469e-01,        -4.909173671300e+00,        -2.498538921068e-01,        +7.071067811865e+00,        -4.909198773201e+00,        -2.504636988053e-01,        -4.141726603067e-01,        -9.749758826469e-01,        +7.391225905133e+00,        +4.988115362468e-01,        -1.105090674083e-02,        -4.136457404337e+00,        +7.071067811865e+00,        -4.115555297071e-01,        -9.738469058832e-01,        -4.909173671301e+00,        -2.498538921068e-01,        -1.105090674080e-02,        -4.136457404337e+00,        +7.392693139960e+00,        +5.004761458043e-01
 1.61000000e+02,        +7.071067811865e+00,        +7.401850679622e+00,        +4.132496906094e-01,        -8.933052980244e-02,        -4.149809233503e+00,        -4.915733886433e+00,        -1.269280639446e-01,        -3.726040869540e-01,        -9.547512033967e-01,        +7.071067811865e+00,        -8.933052980243e-02,        -4.149809233503e+00,        +7.400157240014e+00,        +4.095249108023e-01,        -3.752770680115e-01,        -9.557743503936e-01,        -4.915679388238e+00,        -1.263101349520e-01,        +7.071067811865e+00,        -4.915733886433e+00,        -1.269280639447e-01,        -3.752770680115e-01,        -9.557743503937e-01,        +7.398834370245e+00,        +4.104146791457e-01,        -8.955277932604e-02,        -4.149870979382e+00,        +7.071067811865e+00,        -3.726040869542e-01,        -9.547512033965e-01,        -4.915679388238e+00,        -1.263101349519e-01,        -8.955277932579e-02,        -4.149870979382e+00,        +7.400262303572e+00,        +4.120696128094e-01
 1.62000000e+02,        +7.071067811865e+00,        +7.406095537479e+00,        +3.246336784325e-01,        -1.689096805266e-01,        -4.160166240782e+00,        -4.918424341618e+00,        -3.249699889367e-03,        -3.325155490475e-01,        -9.386165750752e-01,        +7.071067811865e+00,        -1.689096805266e-01,        -4.160166240782e+00,        +7.404374114871e+00,        +3.208958597300e-01,        -3.352398057372e-01,        -9.395306533914e-01,        -4.918339632486e+00,        -2.625264904036e-03,        +7.071067811865e+00,        -4.918424341618e+00,        -3.249699889351e-03,        -3.352398057372e-01,        -9.395306533915e-01,        +7.403094028368e+00,        +3.218287255280e-01,        -1.691301507009e-01,        -4.160216658547e+00,        +7.071067811865e+00,        -3.325155490476e-01,        -9.386165750753e-01,        -4.918339632486e+00,        -2.625264903999e-03,        -1.691301507008e-01,        -4.160216658547e+00,        +7.404481708984e+00,        +3.234757462998e-01
 1.63000000e+02,        +7.071067811865e+00,        +7.406997687633e+00,        +2.359771015799e-01,        -2.493678141600e-01,        -4.167372820852e+00,        -4.917279075322e+00,        +1.204186151860e-01,        -2.914920594862e-01,        -9.255253220549e-01,        +7.071067811865e+00,        -2.493678141600e-01,        -4.167372820852e+00,        +7.405247603427e+00,        +2.322278327245e-01,        -2.942628163902e-01,        -9.263273309724e-01,        -4.917163448668e+00,        +1.210478695249e-01,        +7.071067811865e+00,        -4.917279075322e+00,        +1.204186151860e-01,        -2.942628163902e-01,        -9.263273309723e-01,        +7.404012577212e+00,        +2.332016177800e-01,        -2.495860259225e-01,        -4.167412202612e+00,        +7.071067811865e+00,        -2.914920594862e-01,        -9.255253220548e-01,        -4.917163448668e+00,        +1.210478695249e-01,        -2.495860259227e-01,        -4.167412202612e+00,        +7.405359135548e+00,        +2.348425153391e-01
 1.64000000e+02,        +7.071067811865e+00,        +7.404571951568e+00,        +1.474253654858e-01,        -3.305011281666e-01,        -4.171362820680e+00,        -4.912314110075e+00,        +2.439266997619e-01,        -2.497425069417e-01,        -9.155434861209e-01,        +7.071067811865e+00,        -3.305011281666e-01,        -4.171362820680e+00,        +7.402792674111e+00,        +1.436663366504e-01,        -2.525548034908e-01,        -9.162306768175e-01,        -4.912166973721e+00,        +2.445590253485e-01,        +7.071067811865e+00,        -4.912314110075e+00,        +2.439266997619e-01,        -2.525548034908e-01,        -9.162306768177e-01,        +7.401604839962e+00,        +1.446787194780e-01,        -3.307166373560e-01,        -4.171391482445e+00,        +7.071067811865e+00,        -2.497425069419e-01,        -9.155434861208e-01,        -4.912166973721e+00,        +2.445590253486e-01,        -3.307166373560e-01,        -4.171391482445e+00,        +7.402909486911e+00,        +1.463153060720e-01
 1.65000000e+02,        +7.071067811865e+00,        +7.398839829994e+00,        +5.912101607899e-02,        -4.121005918431e-01,        -4.172086793880e+00,        -4.903552110171e+00,        +3.671272489652e-01,        -2.074809775048e-01,        -9.087202583840e-01,        +7.071067811865e+00,        -4.121005918431e-01,        -4.172086793880e+00,        +7.397030986883e+00,        +5.535400359525e-02,        -2.103296844289e-01,        -9.092901464189e-01,        -4.903372991817e+00,        +3.677608457214e-01,        +7.071067811865e+00,        -4.903552110171e+00,        +3.671272489651e-01,        -2.103296844289e-01,        -9.092901464188e-01,        +7.395892320695e+00,        +5.640253154627e-02,        -4.123129906210e-01,        -4.172105071626e+00,        +7.071067811865e+00,        -2.074809775049e-01,        -9.087202583839e-01,        -4.903372991817e+00,        +3.677608457213e-01,        -4.123129906211e-01,        -4.172105071626e+00,        +7.397154346228e+00,        +5.803663830263e-02
 1.66000000e+02,        +7.071067811865e+00,        +7.389829068612e+00,        -2.879647355376e-02,        -4.939535443811e-01,        -4.169512424845e+00,        -4.891021947410e+00,        +4.898760446930e-01,        -1.649251553393e-01,        -9.050875565185e-01,        +7.071067811865e+00,        -4.939535443811e-01,        -4.169512424845e+00,        +7.387990457234e+00,        -3.256962393533e-02,        -1.678049920157e-01,        -9.055379330269e-01,        -4.890810499160e+00,        +4.905090705839e-01,        +7.071067811865e+00,        -4.891021947410e+00,        +4.898760446929e-01,        -1.678049920157e-01,        -9.055379330269e-01,        +7.386902769604e+00,        -3.148752166249e-02,        -4.941624621912e-01,        -4.169520670495e+00,        +7.071067811865e+00,        -1.649251553394e-01,        -9.050875565186e-01,        -4.890810499160e+00,        +4.905090705838e-01,        -4.941624621912e-01,        -4.169520670495e+00,        +7.388121541255e+00,        -2.985404799486e-02
 1.67000000e+02,        +7.071067811865e+00,        +7.377573244682e+00,        -1.161908530629e-01,        -5.758453242976e-01,        -4.163624780498e+00,        -4.874758287674e+00,        +6.120321022753e-01,        -1.222946920311e-01,        -9.046597743092e-01,        +7.071067811865e+00,        -5.758453242976e-01,        -4.163624780498e+00,        +7.375704840811e+00,        -1.199682441547e-01,        -1.252002446177e-01,        -9.049887158487e-01,        -4.874514289563e+00,        +6.126626837363e-01,        +7.071067811865e+00,        -4.874758287674e+00,        +6.120321022754e-01,        -1.252002446179e-01,        -9.049887158487e-01,        +7.374669768917e+00,        -1.188552427583e-01,        -5.760504283568e-01,        -4.163623357878e+00,        +7.071067811865e+00,        -1.222946920312e-01,        -9.046597743092e-01,        -4.874514289563e+00,        +6.126626837364e-01,        -5.760504283568e-01,        -4.163623357878e+00,        +7.375844730218e+00,        -1.172205426495e-01
 1.68000000e+02,        +7.071067811865e+00,        +7.362111383626e+00,        -2.029291894085e-01,        -6.575609099202e-01,        -4.154426388507e+00,        -4.854801207585e+00,        +7.334577617874e-01,        -7.980956493894e-02,        -9.074337046554e-01,        +7.071067811865e+00,        -6.575609099202e-01,        -4.154426388507e+00,        +7.360213347937e+00,        -2.067088915609e-01,        -8.273530517392e-02,        -9.076395816497e-01,        -4.854524570078e+00,        +7.340840044487e-01,        +7.071067811865e+00,        -4.854801207585e+00,        +7.334577617875e-01,        -8.273530517390e-02,        -9.076395816499e-01,        +7.359232348772e+00,        -2.055677562836e-01,        -6.577619052514e-01,        -4.154415669341e+00,        +7.071067811865e+00,        -7.980956493877e-02,        -9.074337046555e-01,        -4.854524570078e+00,        +7.340840044486e-01,        -6.577619052516e-01,        -4.154415669341e+00,        +7.360363017712e+00,        -2.039299598623e-01
 1.69000000e+02,        +7.071067811865e+00,        +7.343487613019e+00,        -2.888819155577e-01,        -7.388865509347e-01,        -4.141937143319e+00,        -4.831195848583e+00,        +8.540187334502e-01,        -3.768844453069e-02,        -9.133886346683e-01,        +7.071067811865e+00,        -7.388865509346e-01,        -4.141937143319e+00,        +7.341560295391e+00,        -2.926619863594e-01,        -4.062874908189e-02,        -9.134701184098e-01,        -4.830886614012e+00,        +8.546387330411e-01,        +7.071067811865e+00,        -4.831195848583e+00,        +8.540187334503e-01,        -4.062874908174e-02,        -9.134701184097e-01,        +7.340634640390e+00,        -2.914955576913e-01,        -7.390831799527e-01,        -4.141917503315e+00,        +7.071067811865e+00,        -3.768844453064e-02,        -9.133886346681e-01,        -4.830886614012e+00,        +8.546387330411e-01,        -7.390831799527e-01,        -4.141917503315e+00,        +7.341720607962e+00,        -2.898527868166e-01
 1.70000000e+02,        +7.071067811865e+00,        +7.321750859181e+00,        -3.739228436738e-01,        -8.196113716256e-01,        -4.126194043778e+00,        -4.803992113678e+00,        +9.735841074807e-01,        +3.852909931092e-03,        -9.224866091159e-01,        +7.071067811865e+00,        -8.196113716256e-01,        -4.126194043778e+00,        +7.319794800729e+00,        -3.777013480989e-01,        +9.037396872741e-04,        -9.224426772930e-01,        -4.803650456615e+00,        +9.741959607947e-01,        +7.071067811865e+00,        -4.803992113678e+00,        +9.735841074808e-01,        +9.037396872750e-04,        -9.224426772929e-01,        +7.318925571818e+00,        -3.765125266883e-01,        -8.198034133002e-01,        -4.126165858859e+00,        +7.071067811865e+00,        +3.852909930910e-03,        -9.224866091159e-01,        -4.803650456615e+00,        +9.741959607947e-01,        -8.198034133002e-01,        -4.126165858859e+00,        +7.319966500713e+00,        -3.748628966958e-01
 1.71000000e+02,        +7.071067811865e+00,        +7.296954589469e+00,        -4.579291536548e-01,        -8.995289273427e-01,        -4.107250768260e+00,        -4.773244409945e+00,        +1.092026339245e+00,        +4.460320789362e-02,        -9.346728562503e-01,        +7.071067811865e+00,        -8.995289273427e-01,        -4.107250768260e+00,        +7.294970522256e+00,        -4.617041843712e-01,        +4.165092578293e-02,        -9.345027969805e-01,        -4.772870636521e+00,        +1.092628155048e+00,        +7.071067811865e+00,        -4.773244409945e+00,        +1.092026339245e+00,        +4.165092578300e-02,        -9.345027969805e-01,        +7.294158609319e+00,        -4.604959157955e-01,        -8.997161959650e-01,        -4.107214410990e+00,        +7.071067811865e+00,        +4.460320789361e-02,        -9.346728562503e-01,        -4.772870636521e+00,        +1.092628155048e+00,        -8.997161959650e-01,        -4.107214410990e+00,        +7.295154232818e+00,        -4.588375369658e-01
 1.72000000e+02,        +7.071067811865e+00,        +7.269156601106e+00,        -5.407813679378e-01,        -9.784386968542e-01,        -4.085177095353e+00,        -4.739011437652e+00,        +1.209221220625e+00,        +8.435712087749e-02,        -9.498763680157e-01,        +7.071067811865e+00,        -9.784386968541e-01,        -4.085177095353e+00,        +7.267145445549e+00,        -5.445510654867e-01,        +8.140751564894e-02,        -9.495797823701e-01,        -4.738605983835e+00,        +1.209811130395e+00,        +7.071067811865e+00,        -4.739011437652e+00,        +1.209221220625e+00,        +8.140751564901e-02,        -9.495797823700e-01,        +7.266391545293e+00,        -5.433263250309e-01,        -9.786210404404e-01,        -4.085132931596e+00,        +7.071067811865e+00,        +8.435712087746e-02,        -9.498763680155e-01,        -4.738605983835e+00,        +1.209811130395e+00,        -9.786210404403e-01,        -4.085132931596e+00,        +7.267341666406e+00,        -5.416573038440e-01
 1.73000000e+02,        +7.071067811865e+00,        +7.238418855340e+00,        -6.223633231274e-01,        -1.056147494588e+00,        -4.060058179889e+00,        -4.701356024789e+00,        +1.325047848161e+00,        +1.229166957058e-01,        -9.680106248069e-01,        +7.071067811865e+00,        -1.056147494588e+00,        -4.060058179889e+00,        +7.236381715331e+00,        -6.261258956936e-01,        +1.199755706827e-01,        -9.675874278204e-01,        -4.700919453663e+00,        +1.325624016541e+00,        +7.071067811865e+00,        -4.701356024789e+00,        +1.325047848161e+00,        +1.199755706827e-01,        -9.675874278204e-01,        +7.235686331537e+00,        -6.248876732779e-01,        -1.056324792960e+00,        -4.060006565754e+00,        +7.071067811865e+00,        +1.229166957058e-01,        -9.680106248069e-01,        -4.700919453663e+00,        +1.325624016541e+00,        -1.056324792960e+00,        -4.060006565754e+00,        +7.236590822404e+00,        -6.232061135102e-01
 1.74000000e+02,        +7.071067811865e+00,        +7.204807353697e+00,        -7.025621482630e-01,        -1.132470788262e+00,        -4.031993695804e+00,        -4.660345003805e+00,        +1.439388597779e+00,        +1.600926731077e-01,        -9.889744533240e-01,        +7.071067811865e+00,        -1.132470788262e+00,        -4.031993695804e+00,        +7.202745509541e+00,        -7.063158907601e-01,        +1.571658258868e-01,        -9.884248734988e-01,        -4.659878001892e+00,        +1.439949232651e+00,        +7.071067811865e+00,        -4.660345003805e+00,        +1.439388597779e+00,        +1.571658258868e-01,        -9.884248734988e-01,        +7.202108954638e+00,        -7.050671761523e-01,        -1.132642950850e+00,        -4.031934974889e+00,        +7.071067811865e+00,        +1.600926731077e-01,        -9.889744533240e-01,        -4.659878001892e+00,        +1.439949232651e+00,        -1.132642950850e+00,        -4.031934974889e+00,        +7.202967756219e+00,        -7.033711798886e-01
 1.75000000e+02,        +7.071067811865e+00,        +7.168392051426e+00,        -7.812682584582e-01,        -1.207233909054e+00,        -4.001096858654e+00,        -4.616049125623e+00,        +1.552129114844e+00,        +1.957056988470e-01,        -1.012653004677e+00,        +7.071067811865e+00,        -1.207233909054e+00,        -4.001096858654e+00,        +7.166306950682e+00,        -7.850115706697e-01,        +1.927989011659e-01,        -1.011977581989e+00,        -4.615552498311e+00,        +1.552672476917e+00,        +7.071067811865e+00,        -4.616049125624e+00,        +1.552129114844e+00,        +1.927989011659e-01,        -1.011977581989e+00,        +7.165729348589e+00,        -7.837553391079e-01,        -1.207400872459e+00,        -4.001031359627e+00,        +7.071067811865e+00,        +1.957056988469e-01,        -1.012653004677e+00,        -4.615552498311e+00,        +1.552672476918e+00,        -1.207400872459e+00,        -4.001031359627e+00,        +7.166542470652e+00,        -7.820430077321e-01
 1.76000000e+02,        +7.071067811865e+00,        +7.129246801696e+00,        -8.583753712754e-01,        -1.280273143197e+00,        -3.967493341820e+00,        -4.568543004553e+00,        +1.663158326899e+00,        +2.295874162767e-01,        -1.038918838711e+00,        +7.071067811865e+00,        -1.280273143197e+00,        -3.967493341820e+00,        +7.127140048090e+00,        -8.621067748129e-01,        +2.267063941655e-01,        -1.038118421146e+00,        -4.568017670698e+00,        +1.663682738737e+00,        +7.071067811865e+00,        -4.568543004553e+00,        +1.663158326899e+00,        +2.267063941654e-01,        -1.038118421146e+00,        +7.126621338254e+00,        -8.608459731533e-01,        -1.280434868571e+00,        -3.967421376355e+00,        +7.071067811865e+00,        +2.295874162766e-01,        -1.038918838711e+00,        -4.568017670698e+00,        +1.663682738738e+00,        -1.280434868571e+00,        -3.967421376355e+00,        +7.127388859645e+00,        -8.591154083861e-01
 1.77000000e+02,        +7.071067811865e+00,        +7.087449323030e+00,        -9.337805516158e-01,        -1.351436695741e+00,        -3.931320101380e+00,        -4.517905086549e+00,        +1.772368484889e+00,        +2.615814310562e-01,        -1.067633099589e+00,        +7.071067811865e+00,        -1.351436695741e+00,        -3.931320101380e+00,        +7.085322663592e+00,        -9.374987054761e-01,        +2.587318453895e-01,        -1.066708838229e+00,        -4.517352072326e+00,        +1.772872339288e+00,        +7.071067811865e+00,        -4.517905086549e+00,        +1.772368484889e+00,        +2.587318453895e-01,        -1.066708838229e+00,        +7.084862606150e+00,        -9.362362389699e-01,        -1.351593166029e+00,        -3.931241962454e+00,        +7.071067811865e+00,        +2.615814310561e-01,        -1.067633099589e+00,        -4.517352072326e+00,        +1.772872339288e+00,        -1.351593166029e+00,        -3.931241962454e+00,        +7.085584675334e+00,        -9.344855440199e-01
 1.78000000e+02,        +7.071067811865e+00,        +7.043081181619e+00,        -1.007384289167e+00,        -1.420585519103e+00,        -3.892724125334e+00,        -4.464217632500e+00,        +1.879655236898e+00,        +2.915441406611e-01,        -1.098646766923e+00,        +7.071067811865e+00,        -1.420585519103e+00,        -3.892724125334e+00,        +7.040936492255e+00,        -1.011088003698e+00,        +2.887315682255e-01,        -1.097600109638e+00,        -4.463638064592e+00,        +1.880137004560e+00,        +7.071067811865e+00,        -4.464217632500e+00,        +1.879655236898e+00,        +2.887315682256e-01,        -1.097600109638e+00,        +7.040534674210e+00,        -1.009826723490e+00,        -1.420736736193e+00,        -3.892640085899e+00,        +7.071067811865e+00,        +2.915441406610e-01,        -1.098646766923e+00,        -4.463638064592e+00,        +1.880137004560e+00,        -1.420736736193e+00,        -3.892640085899e+00,        +7.041211510060e+00,        -1.008054004375e+00
 1.79000000e+02,        +7.071067811865e+00,        +6.996227779752e+00,        -1.079090610637e+00,        -1.487594000962e+00,        -3.851861123383e+00,        -4.407566707775e+00,        +1.984917736663e+00,        +3.193454232512e-01,        -1.131801966273e+00,        +7.071067811865e+00,        -1.487594000962e+00,        -3.851861123383e+00,        +6.994067049467e+00,        -1.082778859758e+00,        +3.165753384371e-01,        -1.130634650055e+00,        -4.406961805988e+00,        +1.985375973110e+00,        +7.071067811865e+00,        -4.407566707775e+00,        +1.984917736663e+00,        +3.165753384372e-01,        -1.130634650055e+00,        +6.993722891798e+00,        -1.081521551182e+00,        -1.487739982798e+00,        -3.851771435399e+00,        +7.071067811865e+00,        +3.193454232513e-01,        -1.131801966273e+00,        -4.406961805988e+00,        +1.985375973109e+00,        -1.487739982798e+00,        -3.851771435399e+00,        +6.994354784580e+00,        -1.079724918277e+00
 1.80000000e+02,        +7.071067811865e+00,        +6.946978341515e+00,        -1.148807227198e+00,        -1.552350508014e+00,        -3.808894173706e+00,        -4.348042169191e+00,        +2.088058787271e+00,        +3.448691824085e-01,        -1.166933322553e+00,        +7.071067811865e+00,        -1.552350508014e+00,        -3.808894173706e+00,        +6.944803655518e+00,        -1.152479158733e+00,        +3.421469396361e-01,        -1.165647364553e+00,        -4.347413238591e+00,        +2.088492138949e+00,        +7.071067811865e+00,        -4.348042169191e+00,        +2.088058787271e+00,        +3.421469396361e-01,        -1.165647364553e+00,        +6.944516421110e+00,        -1.151228530478e+00,        -1.552491285711e+00,        -3.808799067545e+00,        +7.071067811865e+00,        +3.448691824084e-01,        -1.166933322553e+00,        -4.347413238591e+00,        +2.088492138949e+00,        -1.552491285711e+00,        -3.808799067545e+00,        +6.945103733634e+00,        -1.149406100332e+00
 1.81000000e+02,        +7.071067811865e+00,        +6.895425887177e+00,        -1.216445715789e+00,        -1.614757784031e+00,        -3.763992343272e+00,        -4.285737640833e+00,        +2.188985018714e+00,        +3.680137462007e-01,        -1.203869339822e+00,        +7.071067811865e+00,        -1.614757784031e+00,        -3.763992343272e+00,        +6.893239409123e+00,        -1.220100659835e+00,        +3.653445631815e-01,        -1.202467027166e+00,        -4.285086063500e+00,        +2.189392228280e+00,        +7.071067811865e+00,        -4.285737640833e+00,        +2.188985018714e+00,        +3.653445631815e-01,        -1.202467027166e+00,        +6.893008211421e+00,        -1.218859334022e+00,        -1.614893399043e+00,        -3.763892027461e+00,        +7.071067811865e+00,        +3.680137462006e-01,        -1.203869339822e+00,        -4.285086063500e+00,        +2.189392228281e+00,        -1.614893399043e+00,        -3.763892027461e+00,        +6.893551380293e+00,        -1.217009231488e+00
 1.82000000e+02,        +7.071067811865e+00,        +6.841667188300e+00,        -1.281921731326e+00,        -1.674733202596e+00,        -3.717329297984e+00,        -4.220750470748e+00,        +2.287607096363e+00,        +3.886921209400e-01,        -1.242433791150e+00,        +7.071067811865e+00,        -1.674733202596e+00,        -3.717329297984e+00,        +6.839471141911e+00,        -1.285559206585e+00,        +3.860810628730e-01,        -1.240917669601e+00,        -4.220077697246e+00,        +2.287987007113e+00,        +7.071067811865e+00,        -4.220750470748e+00,        +2.287607096363e+00,        +3.860810628730e-01,        -1.240917669601e+00,        +6.839294954176e+00,        -1.284329709811e+00,        -1.674863703967e+00,        -3.717223959284e+00,        +7.071067811865e+00,        +3.886921209400e-01,        -1.242433791150e+00,        -4.220077697246e+00,        +2.287987007113e+00,        -1.674863703967e+00,        -3.717223959284e+00,        +6.839794491102e+00,        -1.282450070504e+00
 1.83000000e+02,        +7.071067811865e+00,        +6.785802696428e+00,        -1.345155245409e+00,        -1.732208876724e+00,        -3.669081918614e+00,        -4.153181661395e+00,        +2.383839955946e+00,        +4.068321018656e-01,        -1.282447102603e+00,        +7.071067811865e+00,        -1.732208876724e+00,        -3.669081918614e+00,        +6.783599346759e+00,        -1.348774963453e+00,        +4.042840666582e-01,        -1.280819964162e+00,        -4.152489202054e+00,        +2.384191515394e+00,        +7.071067811865e+00,        -4.153181661395e+00,        +2.383839955946e+00,        +4.042840666581e-01,        -1.280819964162e+00,        +6.783477011832e+00,        -1.347559718809e+00,        -1.732334318474e+00,        -3.668971722407e+00,        +7.071067811865e+00,        +4.068321018656e-01,        -1.282447102603e+00,        -4.152489202054e+00,        +2.384191515394e+00,        -1.732334318474e+00,        -3.668971722407e+00,        +6.783933504906e+00,        -1.345648691934e+00
 1.84000000e+02,        +7.071067811865e+00,        +6.727936439370e+00,        -1.406070805880e+00,        -1.787131629397e+00,        -3.619428937850e+00,        -4.083135767840e+00,        +2.477603059412e+00,        +4.223762447656e-01,        -1.323727716028e+00,        +7.071067811865e+00,        -1.787131629397e+00,        -3.619428937850e+00,        +6.725728073961e+00,        -1.409672673375e+00,        +4.198959493628e-01,        -1.321992585576e+00,        -4.082425183943e+00,        +2.477925322030e+00,        +7.071067811865e+00,        -4.083135767840e+00,        +2.477603059412e+00,        +4.198959493629e-01,        -1.321992585576e+00,        +6.725658314417e+00,        -1.408473993473e+00,        -1.787252068061e+00,        -3.619314028802e+00,        +7.071067811865e+00,        +4.223762447655e-01,        -1.323727716028e+00,        -4.082425183944e+00,        +2.477925322030e+00,        -1.787252068060e+00,        -3.619314028802e+00,        +6.726072429334e+00,        -1.406529744995e+00
 1.85000000e+02,        +7.071067811865e+00,        +6.668175880314e+00,        -1.464597810660e+00,        -1.839462830687e+00,        -3.568549612966e+00,        -4.010720758959e+00,        +2.568820665113e+00,        +4.352817042314e-01,        -1.366093416129e+00,        +7.071067811865e+00,        -1.839462830687e+00,        -3.568549612966e+00,        +6.665964790476e+00,        -1.468181929567e+00,        +4.328736721283e-01,        -1.364253537196e+00,        -4.009993653926e+00,        +2.569112794235e+00,        +7.071067811865e+00,        -4.010720758959e+00,        +2.568820665113e+00,        +4.328736721283e-01,        -1.364253537196e+00,        +6.665946219075e+00,        -1.467002010560e+00,        -1.839578323039e+00,        -3.568430115945e+00,        +7.071067811865e+00,        +4.352817042315e-01,        -1.366093416129e+00,        -4.009993653926e+00,        +2.569112794235e+00,        -1.839578323039e+00,        -3.568430115945e+00,        +6.666318700200e+00,        -1.465022726749e+00
 1.86000000e+02,        +7.071067811865e+00,        +6.606631736459e+00,        -1.520670788570e+00,        -1.889178108714e+00,        -3.516622447633e+00,        -3.936047838315e+00,        +2.657422105005e+00,        +4.455199457964e-01,        -1.409362608297e+00,        +7.071067811865e+00,        -1.889178108714e+00,        -3.516622447633e+00,        +6.604420198938e+00,        -1.524237454398e+00,        +4.431884957966e-01,        -1.407421428093e+00,        -3.935305848965e+00,        +2.657683373942e+00,        +7.071067811865e+00,        -3.936047838315e+00,        +2.657422105005e+00,        +4.431884957966e-01,        -1.407421428093e+00,        +6.604451329250e+00,        -1.523078371002e+00,        -1.889288709710e+00,        -3.516498468849e+00,        +7.071067811865e+00,        +4.455199457964e-01,        -1.409362608297e+00,        -3.935305848965e+00,        +2.657683373942e+00,        -1.889288709710e+00,        -3.516498468849e+00,        +6.604783000495e+00,        -1.521062262312e+00
 1.87000000e+02,        +7.071067811865e+00,        +6.543417755299e+00,        -1.574229679452e+00,        -1.936266943090e+00,        -3.463823975217e+00,        -3.859231222839e+00,        +2.743342061225e+00,        +4.530763406102e-01,        -1.453355534877e+00,        +7.071067811865e+00,        -1.936266943090e+00,        -3.463823975217e+00,        +6.541208014510e+00,        -1.577779377669e+00,        +4.508255768853e-01,        -1.451316688686e+00,        -3.858476010817e+00,        +2.743571853609e+00,        +7.071067811865e+00,        -3.859231222839e+00,        +2.743342061225e+00,        +4.508255768853e-01,        -1.451316688686e+00,        +6.541287271645e+00,        -1.576643079159e+00,        -1.936372704026e+00,        -3.463695603543e+00,        +7.071067811865e+00,        +4.530763406103e-01,        -1.453355534877e+00,        -3.858476010817e+00,        +2.743571853609e+00,        -1.936372704026e+00,        -3.463695603543e+00,        +6.541579037078e+00,        -1.574588384430e+00
 1.88000000e+02,        +7.071067811865e+00,        +6.478650448156e+00,        -1.625220105822e+00,        -1.980732150711e+00,        -3.410327614560e+00,        -3.780387878926e+00,        +2.826520834253e+00,        +4.579496525295e-01,        -1.497895418851e+00,        +7.071067811865e+00,        -1.980732150711e+00,        -3.410327614560e+00,        +6.476444699211e+00,        -1.628753506531e+00,        +4.557834560190e-01,        -1.495762713917e+00,        -3.779621122362e+00,        +2.826718643666e+00,        +7.071067811865e+00,        -3.780387878926e+00,        +2.826520834253e+00,        +4.557834560190e-01,        -1.495762713917e+00,        +6.476570430544e+00,        -1.627641813683e+00,        -1.980833117635e+00,        -3.410194923008e+00,        +7.071067811865e+00,        +4.579496525294e-01,        -1.497895418851e+00,        -3.779621122362e+00,        +2.826718643666e+00,        -1.980833117635e+00,        -3.410194923008e+00,        +6.476823274686e+00,        -1.625546804640e+00
 1.89000000e+02,        +7.071067811865e+00,        +6.412448782023e+00,        -1.673593628402e+00,        -2.022589274823e+00,        -3.356302607801e+00,        -3.699637216977e+00,        +2.906904595030e+00,        +4.601514285435e-01,        -1.542809525390e+00,        +7.071067811865e+00,        -2.022589274823e+00,        -3.356302607801e+00,        +6.410249154715e+00,        -1.677111579437e+00,        +4.580734497245e-01,        -1.540586924420e+00,        -3.698860602445e+00,        +2.907070023968e+00,        +7.071067811865e+00,        -3.699637216977e+00,        +2.906904595030e+00,        +4.580734497245e-01,        -1.540586924420e+00,        +6.410419640521e+00,        -1.676026182391e+00,        -2.022685487188e+00,        -3.356165655119e+00,        +7.071067811865e+00,        +4.601514285435e-01,        -1.542809525390e+00,        -3.698860602445e+00,        +2.907070023968e+00,        -2.022685487188e+00,        -3.356165655119e+00,        +6.410634628293e+00,        -1.673889168379e+00
 1.90000000e+02,        +7.071067811865e+00,        +6.344933832079e+00,        -1.719307978333e+00,        -2.061865889073e+00,        -3.301913048240e+00,        -3.617100746770e+00,        +2.984445613839e+00,        +4.597053042724e-01,        -1.587930133275e+00,        +7.071067811865e+00,        -2.061865889073e+00,        -3.301913048240e+00,        +6.342742375989e+00,        -1.722811496929e+00,        +4.577189573135e-01,        -1.585621737699e+00,        -3.616315961600e+00,        +2.984578372065e+00,        +7.071067811865e+00,        -3.617100746770e+00,        +2.984445613839e+00,        +4.577189573136e-01,        -1.585621737699e+00,        +6.342955839918e+00,        -1.721753953915e+00,        -2.061957378651e+00,        -3.301771880589e+00,        +7.071067811865e+00,        +4.597053042725e-01,        -1.587930133275e+00,        -3.616315961600e+00,        +2.984578372065e+00,        -2.061957378651e+00,        -3.301771880589e+00,        +6.343134116180e+00,        -1.719573286857e+00
 1.91000000e+02,        +7.071067811865e+00,        +6.276228398471e+00,        -1.762327259481e+00,        -2.098600828899e+00,        -3.247317004597e+00,        -3.532901697222e+00,        +3.059102459360e+00,        +4.566462368850e-01,        -1.633095409834e+00,        +7.071067811865e+00,        -2.098600828899e+00,        -3.247317004597e+00,        +6.274047069317e+00,        -1.765817522693e+00,        +4.547546951871e-01,        -1.630705442933e+00,        -3.532110422219e+00,        +3.059202361707e+00,        +7.071067811865e+00,        -3.532901697222e+00,        +3.059102459360e+00,        +4.547546951870e-01,        -1.630705442933e+00,        +6.274301688636e+00,        -1.764789259587e+00,        -2.098687618943e+00,        -3.247171657283e+00,        +7.071067811865e+00,        +4.566462368850e-01,        -1.633095409834e+00,        -3.532110422219e+00,        +3.059202361707e+00,        -2.098687618943e+00,        -3.247171657283e+00,        +6.274444477294e+00,        -1.762563339076e+00
 1.92000000e+02,        +7.071067811865e+00,        +6.206456591980e+00,        -1.802622115066e+00,        -2.132843362958e+00,        -3.192665746377e+00,        -3.447164605169e+00,        +3.130840162136e+00,        +4.510196781545e-01,        -1.678150184681e+00,        +7.071067811865e+00,        -2.132843362958e+00,        -3.192665746377e+00,        +6.204287239319e+00,        -1.806100449127e+00,        +4.492258712637e-01,        -1.675682974732e+00,        -3.446368507778e+00,        +3.130907125839e+00,        +7.071067811865e+00,        -3.447164605169e+00,        +3.130840162136e+00,        +4.492258712637e-01,        -1.675682974732e+00,        +6.204581154849e+00,        -1.805102759769e+00,        -2.132925467619e+00,        -3.192516245605e+00,        +7.071067811865e+00,        +4.510196781544e-01,        -1.678150184681e+00,        -3.446368507778e+00,        +3.130907125839e+00,        -2.132925467619e+00,        -3.192516245605e+00,        +6.204689757516e+00,        -1.802830038276e+00
 1.93000000e+02,        +7.071067811865e+00,        +6.135743394022e+00,        -1.840169853811e+00,        -2.164652317455e+00,        -3.138103073387e+00,        -3.360014878606e+00,        +3.199630337661e+00,        +4.428807005168e-01,        -1.722946619234e+00,        +7.071067811865e+00,        -2.164652317455e+00,        -3.138103073387e+00,        +6.133587750382e+00,        -1.843637722623e+00,        +4.411873123873e-01,        -1.720406582778e+00,        -3.359215606557e+00,        +3.199664379262e+00,        +7.071067811865e+00,        -3.360014878606e+00,        +3.199630337661e+00,        +4.411873123873e-01,        -1.720406582778e+00,        +6.133919076085e+00,        -1.842671769851e+00,        -2.164729741440e+00,        -3.137949438006e+00,        +7.071067811865e+00,        +4.428807005168e-01,        -1.722946619234e+00,        -3.359215606557e+00,        +3.199664379262e+00,        -2.164729741440e+00,        -3.137949438006e+00,        +6.133994870265e+00,        -1.840350757963e+00
 1.94000000e+02,        +7.071067811865e+00,        +6.064214197101e+00,        -1.874954531874e+00,        -2.194095166144e+00,        -3.083764750795e+00,        -3.271578340496e+00,        +3.265451265330e+00,        +4.322930889211e-01,        -1.767344770589e+00,        +7.071067811865e+00,        -2.194095166144e+00,        -3.083764750795e+00,        +6.062073868600e+00,        -1.878413524826e+00,        +4.307025574859e-01,        -1.764736395970e+00,        -3.270777515944e+00,        +3.265452497254e+00,        +7.071067811865e+00,        -3.271578340496e+00,        +3.265451265330e+00,        +4.307025574860e-01,        -1.764736395970e+00,        +6.062440700757e+00,        -1.877480342149e+00,        -2.194167904609e+00,        -3.083606994009e+00,        +7.071067811865e+00,        +4.322930889210e-01,        -1.767344770589e+00,        -3.270777515944e+00,        +3.265452497254e+00,        -2.194167904609e+00,        -3.083606994009e+00,        +6.062485137562e+00,        -1.875109613803e+00
 1.95000000e+02,        +7.071067811865e+00,        +5.991994332226e+00,        -1.906966987935e+00,        -2.221247098498e+00,        -3.029778049583e+00,        -3.181980759650e+00,        +3.328287920655e+00,        +4.193284109685e-01,        -1.811213049948e+00,        +7.071067811865e+00,        -2.221247098498e+00,        -3.029778049583e+00,        +5.989870790702e+00,        -1.910418807254e+00,        +4.178429289695e-01,        -1.808540881213e+00,        -3.181179973840e+00,        +3.328256547503e+00,        +7.071067811865e+00,        -3.181980759650e+00,        +3.328287920655e+00,        +4.178429289695e-01,        -1.808540881213e+00,        +5.990271216646e+00,        -1.909519301112e+00,        -2.221315137161e+00,        -3.029616180607e+00,        +7.071067811865e+00,        +4.193284109684e-01,        -1.811213049948e+00,        -3.181179973840e+00,        +3.328256547503e+00,        -2.221315137161e+00,        -3.029616180607e+00,        +5.990285818038e+00,        -1.907097498750e+00
 1.96000000e+02,        +7.071067811865e+00,        +5.919208590036e+00,        -1.936204829964e+00,        -2.246190078044e+00,        -2.976261390741e+00,        -3.091347375422e+00,        +3.388131959236e+00,        +4.040650773489e-01,        -1.854428577221e+00,        +7.071067811865e+00,        -2.246190078044e+00,        -2.976261390741e+00,        +5.917103166686e+00,        -1.939651277788e+00,        +4.026865943612e-01,        -1.851697198511e+00,        -3.090548183874e+00,        +3.388068273889e+00,        +7.071067811865e+00,        -3.091347375422e+00,        +3.388131959236e+00,        +4.026865943612e-01,        -1.851697198511e+00,        +5.917535273066e+00,        -1.938786230321e+00,        -2.246253393502e+00,        -2.976095416377e+00,        +7.071067811865e+00,        +4.040650773490e-01,        -1.854428577221e+00,        -3.090548183874e+00,        +3.388068273889e+00,        -2.246253393502e+00,        -2.976095416377e+00,        +5.917521628640e+00,        -1.936312069930e+00
 1.97000000e+02,        +7.071067811865e+00,        +5.845980742373e+00,        -1.962672373296e+00,        -2.269011902188e+00,        -2.923324090220e+00,        -2.999802422958e+00,        +3.444981652159e+00,        +3.865874039192e-01,        -1.896877434810e+00,        +7.071067811865e+00,        -2.269011902188e+00,        -2.923324090220e+00,        +5.843894622894e+00,        -1.966115338670e+00,        +3.853176294984e-01,        -1.894091455330e+00,        -2.999006341175e+00,        +3.444886031745e+00,        +7.071067811865e+00,        -2.999802422958e+00,        +3.444981652159e+00,        +3.853176294984e-01,        -1.894091455330e+00,        +5.844356503423e+00,        -1.965285410936e+00,        -2.269070462437e+00,        -2.923154016339e+00,        +7.071067811865e+00,        +3.865874039193e-01,        -1.896877434810e+00,        -2.999006341175e+00,        +3.444886031745e+00,        -2.269070462437e+00,        -2.923154016339e+00,        +5.844316266753e+00,        -1.962757686911e+00
 1.98000000e+02,        +7.071067811865e+00,        +5.772433070886e+00,        -1.986380530728e+00,        -2.289805274074e+00,        -2.871066200425e+00,        -2.907468665560e+00,        +3.498841773482e+00,        +3.669846859507e-01,        -1.938454824802e+00,        +7.071067811865e+00,        -2.289805274074e+00,        -2.871066200425e+00,        +5.770367292060e+00,        -1.989821976699e+00,        +3.658250938186e-01,        -1.935618864474e+00,        -2.906677165252e+00,        +3.498714675292e+00,        +7.071067811865e+00,        -2.907468665560e+00,        +3.498841773482e+00,        +3.658250938187e-01,        -1.935618864474e+00,        +5.770857054751e+00,        -1.989027712265e+00,        -2.289859039191e+00,        -2.870892033336e+00,        +7.071067811865e+00,        +3.669846859507e-01,        -1.938454824802e+00,        -2.906677165252e+00,        +3.498714675292e+00,        -2.289859039191e+00,        -2.870892033335e+00,        +5.770791939322e+00,        -1.986445302056e+00
 1.99000000e+02,        +7.071067811865e+00,        +5.698685908880e+00,        -2.007346656308e+00,        -2.308666896018e+00,        -2.819578442987e+00,        -2.814466940398e+00,        +3.549723441520e+00,        +3.453502941282e-01,        -1.979065134825e+00,        +7.071067811865e+00,        -2.308666896018e+00,        -2.819578442987e+00,        +5.696641356549e+00,        -2.010788607312e+00,        +3.443021273065e-01,        -1.976183810694e+00,        -2.813681446204e+00,        +3.549565398931e+00,        +7.071067811865e+00,        -2.814466940398e+00,        +3.549723441520e+00,        +3.443021273065e-01,        -1.976183810694e+00,        +5.697157130421e+00,        -2.010030436141e+00,        -2.308715819017e+00,        -2.819400190684e+00,        +7.071067811865e+00,        +3.453502941281e-01,        -1.979065134825e+00,        -2.813681446204e+00,        +3.549565398931e+00,        -2.308715819017e+00,        -2.819400190684e+00,        +5.697068905178e+00,        -2.007392304649e+00
 2.00000000e+02,        +7.071067811865e+00,        +5.624857202177e+00,        -2.025594345366e+00,        -2.325696593087e+00,        -2.768942226665e+00,        -2.720915723315e+00,        +3.597643916462e+00,        +3.217808008461e-01,        -2.018621918748e+00,        +7.071067811865e+00,        -2.325696593087e+00,        -2.768942226665e+00,        +5.622834610522e+00,        -2.029038875061e+00,        +3.208450776389e-01,        -2.015699832220e+00,        -2.720137610006e+00,        +3.597455534940e+00,        +7.071067811865e+00,        -2.720915723315e+00,        +3.597643916462e+00,        +3.208450776389e-01,        -2.015699832220e+00,        +5.623374551769e+00,        -2.028317117640e+00,        -2.325740620908e+00,        -2.768759899938e+00,        +7.071067811865e+00,        +3.217808008460e-01,        -2.018621918748e+00,        -2.720137610006e+00,        +3.597455534939e+00,        -2.325740620908e+00,        -2.768759899938e+00,        +5.623265036319e+00,        -2.025622321326e+00
