        f (GHz),            I_inc[1][1] (A),            Re{I[1][1]} (A),            Im{I[1][1]} (A),            Re{I[2][1]} (A),            Im{I[2][1]} (A),            Re{I[3][1]} (A),            Im{I[3][1]} (A),            Re{I[4][1]} (A),            Im{I[4][1]} (A),            I_inc[2][2] (A),            Re{I[1][2]} (A),            Im{I[1][2]} (A),            Re{I[2][2]} (A),            Im{I[2][2]} (A),            Re{I[3][2]} (A),            Im{I[3][2]} (A),            Re{I[4][2]} (A),            Im{I[4][2]} (A),            I_inc[3][3] (A),            Re{I[1][3]} (A),            Im{I[1][3]} (A),            Re{I[2][3]} (A),            Im{I[2][3]} (A),            Re{I[3][3]} (A),            Im{I[3][3]} (A),            Re{I[4][3]} (A),            Im{I[4][3]} (A),            I_inc[4][4] (A),            Re{I[1][4]} (A),            Im{I[1][4]} (A),            Re{I[2][4]} (A),            Im{I[2][4]} (A),            Re{I[3][4]} (A),            Im{I[3][4]} (A),            Re{I[4][4]} (A),            Im{I[4][4]} (A)
 1.20000000e+02,        +1.414213562373e-01,        +1.040306295477e-01,        +5.012028978027e-02,        +2.984313058224e-02,        -5.491425697328e-02,        -4.670492014685e-02,        -7.270601562247e-02,        -4.442725362588e-03,        -4.966740901367e-02,        +1.414213562373e-01,        +2.984313058224e-02,        -5.491425697328e-02,        +1.040076835914e-01,        +5.005763908960e-02,        -4.430526397112e-03,        -4.970806430852e-02,        -4.670937900828e-02,        -7.270638742805e-02,        +1.414213562373e-01,        -4.670492014685e-02,        -7.270601562247e-02,        -4.430526397112e-03,        -4.970806430852e-02,        +1.039866541088e-01,        +5.004143681529e-02,        +2.984553448775e-02,        -5.492100296956e-02,        +1.414213562373e-01,        -4.442725362588e-03,        -4.966740901367e-02,        -4.670937900828e-02,        -7.270638742805e-02,        +2.984553448775e-02,        -5.492100296956e-02,        +1.040197606622e-01,        +5.009454580884e-02
 1.21000000e+02,        +1.414213562373e-01,        +1.053976382719e-01,        +5.011659766535e-02,        +2.966756084006e-02,        -5.541765716073e-02,        -4.847359387034e-02,        -7.205571510577e-02,        -5.192685163764e-03,        -4.917439751927e-02,        +1.414213562373e-01,        +2.966756084006e-02,        -5.541765716073e-02,        +1.053743687563e-01,        +5.005380233923e-02,        -5.181620520970e-03,        -4.921579707808e-02,        -4.847820330361e-02,        -7.205593108341e-02,        +1.414213562373e-01,        -4.847359387034e-02,        -7.205571510577e-02,        -5.181620520970e-03,        -4.921579707808e-02,        +1.053527100534e-01,        +5.003788653899e-02,        +2.966974105248e-02,        -5.542446961674e-02,        +1.414213562373e-01,        -5.192685163764e-03,        -4.917439751927e-02,        -4.847820330361e-02,        -7.205593108341e-02,        +2.966974105248e-02,        -5.542446961674e-02,        +1.053863765466e-01,        +5.009067892746e-02
 1.22000000e+02,        +1.414213562373e-01,        +1.067806902464e-01,        +5.006738681442e-02,        +2.948392084772e-02,        -5.594251170316e-02,        -5.024700692889e-02,        -7.135579149630e-02,        -5.929276194007e-03,        -4.865498122714e-02,        +1.414213562373e-01,        +2.948392084772e-02,        -5.594251170316e-02,        +1.067571117408e-01,        +5.000444951848e-02,        -5.919392189705e-03,        -4.869709764941e-02,        -5.025176480002e-02,        -7.135583966101e-02,        +1.414213562373e-01,        -5.024700692889e-02,        -7.135579149630e-02,        -5.919392189705e-03,        -4.869709764941e-02,        +1.067348228950e-01,        +4.998885060855e-02,        +2.948587233717e-02,        -5.594938138902e-02,        +1.414213562373e-01,        -5.929276194007e-03,        -4.865498122714e-02,        -5.025176480002e-02,        -7.135583966101e-02,        +2.948587233717e-02,        -5.594938138902e-02,        +1.067690286095e-01,        +5.004129928888e-02
 1.23000000e+02,        +1.414213562373e-01,        +1.081781998743e-01,        +4.997115961126e-02,        +2.929065083533e-02,        -5.648918281549e-02,        -5.202360805606e-02,        -7.060492253516e-02,        -6.651025126279e-03,        -4.810894443707e-02,        +1.414213562373e-01,        +2.929065083533e-02,        -5.648918281549e-02,        +1.081543270938e-01,        +4.990808177184e-02,        -6.642368145312e-03,        -4.815174773901e-02,        -5.202851153060e-02,        -7.060479058188e-02,        +1.414213562373e-01,        -5.202360805606e-02,        -7.060492253517e-02,        -6.642368145312e-03,        -4.815174773901e-02,        +1.081314085682e-01,        +4.989283106101e-02,        +2.929236896345e-02,        -5.649610008162e-02,        +1.414213562373e-01,        -6.651025126280e-03,        -4.810894443707e-02,        -5.202851153060e-02,        -7.060479058187e-02,        +2.929236896345e-02,        -5.649610008162e-02,        +1.081661312248e-01,        +4.994490953921e-02
 1.24000000e+02,        +1.414213562373e-01,        +1.095884612648e-01,        +4.982646331572e-02,        +2.908611052517e-02,        -5.705794931381e-02,        -5.380172674788e-02,        -6.980182719389e-02,        -7.356379893860e-03,        -4.753615033997e-02,        +1.414213562373e-01,        +2.908611052517e-02,        -5.705794931381e-02,        +1.095643089672e-01,        +4.976324507625e-02,        -7.348996261804e-03,        -4.757960785833e-02,        -5.380677224075e-02,        -6.980150252526e-02,        +1.414213562373e-01,        -5.380172674788e-02,        -6.980182719389e-02,        -7.348996261804e-03,        -4.757960785833e-02,        +1.095407627135e-01,        +4.974837472019e-02,        +2.908759108273e-02,        -5.706490410383e-02,        +1.414213562373e-01,        -7.356379893860e-03,        -4.753615033997e-02,        -5.380677224075e-02,        -6.980150252526e-02,        +2.908759108273e-02,        -5.706490410383e-02,        +1.095759784746e-01,        +4.980005721081e-02
 1.25000000e+02,        +1.414213562373e-01,        +1.110096472074e-01,        +4.963189992154e-02,        +2.886858152844e-02,        -5.764899681529e-02,        -5.557957211969e-02,        -6.894527561364e-02,        -8.043711980866e-03,        -4.693655087375e-02,        +1.414213562373e-01,        +2.886858152844e-02,        -5.764899681529e-02,        +1.109852300817e-01,        +4.956854010655e-02,        -8.037647823681e-03,        -4.698062717402e-02,        -5.558475524430e-02,        -6.894474537312e-02,        +1.414213562373e-01,        -5.557957211969e-02,        -6.894527561364e-02,        -8.037647823682e-03,        -4.698062717402e-02,        +1.109610596449e-01,        +4.955408305254e-02,        +2.886982077334e-02,        -5.765597868240e-02,        +1.414213562373e-01,        -8.043711980866e-03,        -4.693655087375e-02,        -5.558475524430e-02,        -6.894474537312e-02,        +2.886982077334e-02,        -5.765597868240e-02,        +1.109967431243e-01,        +4.960534458089e-02
 1.26000000e+02,        +1.414213562373e-01,        +1.124398089759e-01,        +4.938613651117e-02,        +2.863627074851e-02,        -5.826240762573e-02,        -5.735523259665e-02,        -6.803409954276e-02,        -8.711319724160e-03,        -4.631019689116e-02,        +1.414213562373e-01,        +2.863627074851e-02,        -5.826240762573e-02,        +1.124151415233e-01,        +4.932263259936e-02,        -8.706620815536e-03,        -4.635485368123e-02,        -5.736054811384e-02,        -6.803335065330e-02,        +1.414213562373e-01,        -5.735523259665e-02,        -6.803409954276e-02,        -8.706620815537e-03,        -4.635485368123e-02,        +1.123903521466e-01,        +4.930862252078e-02,        +2.863726544398e-02,        -5.826940575279e-02,        +1.414213562373e-01,        -8.711319724161e-03,        -4.631019689116e-02,        -5.736054811384e-02,        -6.803335065330e-02,        +2.863726544398e-02,        -5.826940575279e-02,        +1.124264764263e-01,        +4.935943902740e-02
 1.27000000e+02,        +1.414213562373e-01,        +1.138768770539e-01,        +4.908791604238e-02,        +2.838731488302e-02,        -5.889815040287e-02,        -5.912667653084e-02,        -6.706720320706e-02,        -9.357432718625e-03,        -4.565724855126e-02,        +1.414213562373e-01,        +2.838731488302e-02,        -5.889815040287e-02,        +1.138519734607e-01,        +4.902426414985e-02,        -9.354144314930e-03,        -4.570244460192e-02,        -5.913211829813e-02,        -6.706622241576e-02,        +1.414213562373e-01,        -5.912667653084e-02,        -6.706720320706e-02,        -9.354144314930e-03,        -4.570244460192e-02,        +1.138265721915e-01,        +4.901073536971e-02,        +2.838806233562e-02,        -5.890515362635e-02,        +1.414213562373e-01,        -9.357432718626e-03,        -4.565724855126e-02,        -5.913211829813e-02,        -6.706622241576e-02,        +2.838806233562e-02,        -5.890515362635e-02,        +1.138631088466e-01,        +4.906108381666e-02
 1.28000000e+02,        +1.414213562373e-01,        +1.153186628719e-01,        +4.873606848576e-02,        +2.811978611216e-02,        -5.955606970028e-02,        -6.089175383447e-02,        -6.604357453197e-02,        -9.980217412982e-03,        -4.497798582959e-02,        +1.414213562373e-01,        +2.811978611216e-02,        -5.955606970028e-02,        +1.152935368762e-01,        +4.867226336079e-02,        -9.978384075802e-03,        -4.502367690328e-02,        -6.089731475620e-02,        -6.604234846108e-02,        +1.414213562373e-01,        -6.089175383447e-02,        -6.604357453197e-02,        -9.978384075802e-03,        -4.502367690328e-02,        +1.152675326698e-01,        +4.865925076389e-02,        +2.812028420920e-02,        -5.956306653820e-02,        +1.414213562373e-01,        -9.980217412982e-03,        -4.497798582959e-02,        -6.089731475620e-02,        -6.604234846108e-02,        +2.812028420920e-02,        -5.956306653820e-02,        +1.153044518023e-01,        +4.870910924197e-02
 1.29000000e+02,        +1.414213562373e-01,        +1.167628616399e-01,        +4.832952221666e-02,        +2.783169905306e-02,        -6.023587551396e-02,        -6.264819871339e-02,        -6.496229662012e-02,        -1.057778397572e-02,        -4.427281902461e-02,        +1.414213562373e-01,        +2.783169905306e-02,        -6.023587551396e-02,        +1.167375263928e-01,        +4.826555724737e-02,        -1.057744938215e-02,        -4.431895781378e-02,        -6.265387069235e-02,        -6.496081182453e-02,        +1.414213562373e-01,        -6.264819871339e-02,        -6.496229662012e-02,        -1.057744938215e-02,        -4.431895781378e-02,        +1.167109302143e-01,        +4.825309618048e-02,        +2.783194629897e-02,        -6.024285419808e-02,        +1.414213562373e-01,        -1.057778397572e-02,        -4.427281902461e-02,        -6.265387069235e-02,        -6.496081182453e-02,        +2.783194629897e-02,        -6.024285419808e-02,        +1.167482004949e-01,        +4.830244401680e-02
 1.30000000e+02,        +1.414213562373e-01,        +1.182070563524e-01,        +4.786731554925e-02,        +2.752101904946e-02,        -6.093713297145e-02,        -6.439363357672e-02,        -6.382255937170e-02,        -1.114819450027e-02,        -4.354229912071e-02,        +1.414213562373e-01,        +2.752101904946e-02,        -6.093713297146e-02,        +1.181815242735e-01,        +4.780318278530e-02,        -1.114940124125e-02,        -4.358883519739e-02,        -6.439940746811e-02,        -6.382080240327e-02,        +1.414213562373e-01,        -6.439363357672e-02,        -6.382255937170e-02,        -1.114940124125e-02,        -4.358883519739e-02,        +1.181543491966e-01,        +4.779130894507e-02,        +2.752101460073e-02,        -6.094408148361e-02,        +1.414213562373e-01,        -1.114819450027e-02,        -4.354229912071e-02,        -6.439940746811e-02,        -6.382080240327e-02,        +2.752101460073e-02,        -6.094408148361e-02,        +1.181919379168e-01,        +4.784012681004e-02
 1.31000000e+02,        +1.414213562373e-01,        +1.196487230292e-01,        +4.734860828450e-02,        +2.718567185263e-02,        -6.165925231982e-02,        -6.612557418747e-02,        -6.262367111955e-02,        -1.168947260484e-02,        -4.278712785102e-02,        +1.414213562373e-01,        +2.718567185263e-02,        -6.165925231982e-02,        +1.196230056599e-01,        +4.728429847410e-02,        -1.169226197207e-02,        -4.283400762914e-02,        -6.613143975582e-02,        -6.262162859832e-02,        +1.414213562373e-01,        -6.612557418747e-02,        -6.262367111955e-02,        -1.169226197207e-02,        -4.283400762914e-02,        +1.195952669604e-01,        +4.727304778240e-02,        +2.718541555072e-02,        -6.166615843263e-02,        +1.414213562373e-01,        -1.168947260484e-02,        -4.278712785102e-02,        -6.613143975582e-02,        -6.262162859832e-02,        +2.718541555072e-02,        -6.166615843263e-02,        +1.196331400926e-01,        +4.732131779533e-02
 1.32000000e+02,        +1.414213562373e-01,        +1.210852372442e-01,        +4.677269312932e-02,        +2.682355473211e-02,        -6.240147938545e-02,        -6.784143610476e-02,        -6.136507013600e-02,        -1.219961446549e-02,        -4.200816728729e-02,        +1.414213562373e-01,        +2.682355473211e-02,        -6.240147938545e-02,        +1.210593450983e-01,        +4.670819577263e-02,        -1.220402622755e-02,        -4.205533399925e-02,        -6.784738198477e-02,        -6.136272882841e-02,        +1.414213562373e-01,        -6.784143610476e-02,        -6.136507013600e-02,        -1.220402622755e-02,        -4.205533399925e-02,        +1.210310603417e-01,        +4.669760423920e-02,        +2.682304713387e-02,        -6.240833070717e-02,        +1.414213562373e-01,        -1.219961446549e-02,        -4.200816728729e-02,        -6.784738198477e-02,        -6.136272882841e-02,        +2.682304713387e-02,        -6.240833070717e-02,        +1.210691826104e-01,        +4.674531007146e-02
 1.33000000e+02,        +1.414213562373e-01,        +1.225138819753e-01,        +4.613900683051e-02,        +2.643254903472e-02,        -6.316288669289e-02,        -6.953854245155e-02,        -6.004633585508e-02,        -1.267660130057e-02,        -4.120644876924e-02,        +1.414213562373e-01,        +2.643254903472e-02,        -6.316288669289e-02,        +1.224878243900e-01,        +4.607431025038e-02,        -1.268267346910e-02,        -4.125384245837e-02,        -6.954455611374e-02,        -6.004368275914e-02,        +1.414213562373e-01,        -6.953854245155e-02,        -6.004633585508e-02,        -1.268267346910e-02,        -4.125384245837e-02,        +1.224590135111e-01,        +4.606441382280e-02,        +2.643179143980e-02,        -6.316967071647e-02,        +1.414213562373e-01,        -1.267660130057e-02,        -4.120644876924e-02,        -6.954455611374e-02,        -6.004368275914e-02,        +2.643179143980e-02,        -6.316967071647e-02,        +1.224973484727e-01,        +4.611154079756e-02
 1.34000000e+02,        +1.414213562373e-01,        +1.239318567891e-01,        +4.544714085555e-02,        +2.601053418679e-02,        -6.394236544260e-02,        -7.121413302121e-02,        -5.866719964205e-02,        -1.311841330098e-02,        -4.038318097377e-02,        +1.414213562373e-01,        +2.601053418679e-02,        -6.394236544260e-02,        +1.239056417777e-01,        +4.538223228636e-02,        -1.312618188812e-02,        -4.043073850420e-02,        -7.122020074326e-02,        -5.866422207935e-02,        +1.414213562373e-01,        -7.121413302121e-02,        -5.866719964205e-02,        -1.312618188812e-02,        -4.043073850420e-02,        +1.238763271506e-01,        +4.537306668769e-02,        +2.600952866132e-02,        -6.394906959873e-02,        +1.414213562373e-01,        -1.311841330098e-02,        -4.038318097377e-02,        -7.122020074326e-02,        -5.866422207935e-02,        +2.600952866132e-02,        -6.394906959873e-02,        +1.239148372831e-01,        +4.541960187516e-02
 1.35000000e+02,        +1.414213562373e-01,        +1.253362883509e-01,        +4.469685144348e-02,        +2.555540310715e-02,        -6.473861855687e-02,        -7.286537471389e-02,        -5.722755493344e-02,        -1.352304497400e-02,        -3.953975691445e-02,        +1.414213562373e-01,        +2.555540310715e-02,        -6.473861855687e-02,        +1.253099224597e-01,        +4.463171713877e-02,        -1.353254374221e-02,        -3.958741199980e-02,        -7.287148155873e-02,        -5.722424064770e-02,        +1.414213562373e-01,        -7.286537471389e-02,        -5.722755493344e-02,        -1.353254374221e-02,        -3.958741199980e-02,        +1.252801289575e-01,        +4.462331769304e-02,        +2.555415250338e-02,        -6.474523027075e-02,        +1.414213562373e-01,        -1.352304497401e-02,        -3.953975691445e-02,        -7.287148155873e-02,        -5.722424064770e-02,        +2.555415250338e-02,        -6.474523027075e-02,        +1.253187757596e-01,        +4.466925000017e-02
 1.36000000e+02,        +1.414213562373e-01,        +1.267242422262e-01,        +4.388806884338e-02,        +2.506507896938e-02,        -6.555015500951e-02,        -7.448937326771e-02,        -5.572746656495e-02,        -1.388852183843e-02,        -3.867775965597e-02,        +1.414213562373e-01,        +2.506507896938e-02,        -6.555015500951e-02,        +1.266977303977e-01,        +4.382269420249e-02,        -1.389978204439e-02,        -3.872544290835e-02,        -7.449550306936e-02,        -5.572380382673e-02,        +1.414213562373e-01,        -7.448937326771e-02,        -5.572746656495e-02,        -1.389978204438e-02,        -3.872544290836e-02,        +1.266674854384e-01,        +4.381509564889e-02,        +2.506358694041e-02,        -6.555666176106e-02,        +1.414213562373e-01,        -1.388852183843e-02,        -3.867775965597e-02,        -7.449550306936e-02,        -5.572380382673e-02,        +2.506358694041e-02,        -6.555666176106e-02,        +1.267062295379e-01,        +4.386041590229e-02
 1.37000000e+02,        +1.414213562373e-01,        +1.280927359106e-01,        +4.302090555592e-02,        +2.453753321890e-02,        -6.637528565629e-02,        -7.608318622286e-02,        -5.416717910265e-02,        -1.421291837678e-02,        -3.779896652635e-02,        +1.414213562373e-01,        +2.453753321890e-02,        -6.637528565629e-02,        +1.280660813556e-01,        +4.295527526972e-02,        -1.422596851098e-02,        -3.784660552688e-02,        -7.608932158093e-02,        -5.416315681978e-02,        +1.414213562373e-01,        -7.608318622286e-02,        -5.416717910265e-02,        -1.422596851098e-02,        -3.784660552688e-02,        +1.280354149346e-01,        +4.294851156626e-02,        +2.453580422828e-02,        -6.638167504335e-02,        +1.414213562373e-01,        -1.421291837678e-02,        -3.779896652635e-02,        -7.608932158093e-02,        -5.416315681978e-02,        +2.453580422828e-02,        -6.638167504335e-02,        +1.280742162043e-01,        +4.299321258742e-02
 1.38000000e+02,        +1.414213562373e-01,        +1.294387529970e-01,        +4.209566339632e-02,        +2.397080471712e-02,        -6.721212078048e-02,        -7.764383702710e-02,        -5.254712399577e-02,        -1.449437711633e-02,        -3.690535161285e-02,        +1.414213562373e-01,        +2.397080471712e-02,        -6.721212078048e-02,        +1.294119570785e-01,        +4.202976161175e-02,        -1.450924264029e-02,        -3.695287100476e-02,        -7.764995931108e-02,        -5.254273182864e-02,        +1.414213562373e-01,        -7.764383702710e-02,        -5.254712399577e-02,        -1.450924264029e-02,        -3.695287100476e-02,        +1.293809017846e-01,        +4.202386572950e-02,        +2.396884404250e-02,        -6.721838058455e-02,        +1.414213562373e-01,        -1.449437711633e-02,        -3.690535161285e-02,        -7.764995931108e-02,        -5.254273182864e-02,        +2.396884404250e-02,        -6.721838058455e-02,        +1.294197194674e-01,        +4.206794240104e-02
 1.39000000e+02,        +1.414213562373e-01,        +1.307592583606e-01,        +4.111283920416e-02,        +2.336301984912e-02,        -6.805856955886e-02,        -7.916833016212e-02,        -5.086792537623e-02,        -1.473112867530e-02,        -3.599908633601e-02,        +1.414213562373e-01,        +2.336301984912e-02,        -6.805856955886e-02,        +1.307323204917e-01,        +4.104664970694e-02,        -1.474783175861e-02,        -3.604640794139e-02,        -7.917441952628e-02,        -5.086315385730e-02,        +1.414213562373e-01,        -7.916833016212e-02,        -5.086792537623e-02,        -1.474783175861e-02,        -3.604640794139e-02,        +1.307009115050e-01,        +4.104165341616e-02,        +2.336083357972e-02,        -6.806468781280e-02,        +1.414213562373e-01,        -1.473112867530e-02,        -3.599908633601e-02,        -7.917441952628e-02,        -5.086315385730e-02,        +2.336083357972e-02,        -6.806468781280e-02,        +1.307397043451e-01,        +4.108510273833e-02
 1.40000000e+02,        +1.414213562373e-01,        +1.320512142091e-01,        +4.007312903851e-02,        +2.271241339662e-02,        -6.891234163956e-02,        -8.065366713993e-02,        -4.913040434347e-02,        -1.492151257579e-02,        -3.508253791084e-02,        +1.414213562373e-01,        +2.271241339662e-02,        -6.891234163956e-02,        +1.320241317680e-01,        +4.000663545292e-02,        -1.494007183516e-02,        -3.512958087156e-02,        -8.065970254982e-02,        -4.912524499988e-02,        +1.414213562373e-01,        -8.065366713993e-02,        -4.913040434347e-02,        -1.494007183516e-02,        -3.512958087156e-02,        +1.319924068395e-01,        +4.000256910279e-02,        +2.271000842397e-02,        -6.891830669654e-02,        +1.414213562373e-01,        -1.492151257579e-02,        -3.508253791084e-02,        -8.065970254982e-02,        -4.912524499988e-02,        +2.271000842397e-02,        -6.891830669654e-02,        +1.320311332201e-01,        +4.004539023907e-02
 1.41000000e+02,        +1.414213562373e-01,        +1.333115968206e-01,        +3.897743071469e-02,        +2.201734994307e-02,        -6.977095100219e-02,        -8.209686319054e-02,        -4.733558159065e-02,        -1.506399859011e-02,        -3.415826552456e-02,        +1.414213562373e-01,        +2.201734994307e-02,        -6.977095100219e-02,        +1.332843650855e-01,        +3.891061671907e-02,        -1.508442883301e-02,        -3.420494646802e-02,        -8.210282246180e-02,        -4.733002706886e-02,        +1.414213562373e-01,        -8.209686319054e-02,        -4.733558159065e-02,        -1.508442883301e-02,        -3.420494646802e-02,        +1.332523644957e-01,        +3.890750901273e-02,        +2.201473394474e-02,        -6.977675160521e-02,        +1.414213562373e-01,        -1.506399859011e-02,        -3.415826552456e-02,        -8.210282246180e-02,        -4.733002706886e-02,        +2.201473394474e-02,        -6.977675160521e-02,        +1.332909825817e-01,        +3.894970332381e-02
 1.42000000e+02,        +1.414213562373e-01,        +1.345374137641e-01,        +3.782684456279e-02,        +2.127634554560e-02,        -7.063172224407e-02,        -8.349496443549e-02,        -4.548467825220e-02,        -1.515720835512e-02,        -3.322901408741e-02,        +1.414213562373e-01,        +2.127634554560e-02,        -7.063172224407e-02,        +1.345100258698e-01,        +3.775969411881e-02,        -1.517952033039e-02,        -3.327524731712e-02,        -8.350082428574e-02,        -4.547872244335e-02,        +1.414213562373e-01,        -8.349496443549e-02,        -4.548467825220e-02,        -1.517952033039e-02,        -3.327524731712e-02,        +1.344777923662e-01,        +3.775757188582e-02,        +2.127352696167e-02,        -7.063734759521e-02,        +1.414213562373e-01,        -1.515720835512e-02,        -3.322901408741e-02,        -8.350082428574e-02,        -4.547872244335e-02,        +2.127352696167e-02,        -7.063734759521e-02,        +1.345162602503e-01,        +3.779914295124e-02
 1.43000000e+02,        +1.414213562373e-01,        +1.357257213731e-01,        +3.662267231677e-02,        +2.048808937914e-02,        -7.149179940334e-02,        -8.484506531895e-02,        -4.357911488154e-02,        -1.519993695968e-02,        -3.229770544571e-02,        +1.414213562373e-01,        +2.048808937914e-02,        -7.149179940334e-02,        +1.356981682935e-01,        +3.655516991019e-02,        -1.522413711794e-02,        -3.234340315668e-02,        -8.485080143324e-02,        -4.357275304611e-02,        +1.414213562373e-01,        -8.484506531895e-02,        -4.357911488154e-02,        -1.522413711794e-02,        -3.234340315668e-02,        +1.356657470047e-01,        +3.655405787872e-02,        +2.048507738121e-02,        -7.149723923191e-02,        +1.414213562373e-01,        -1.519993695968e-02,        -3.229770544571e-02,        -8.485080143324e-02,        -4.357275304611e-02,        +2.048507738121e-02,        -7.149723923191e-02,        +1.357040228564e-01,        +3.659501150565e-02
 1.44000000e+02,        +1.414213562373e-01,        +1.368736422270e-01,        +3.536641407662e-02,        +1.965146503306e-02,        -7.234815739097e-02,        -8.614432604937e-02,        -4.162050850113e-02,        -1.519117418571e-02,        -3.136742698536e-02,        +1.414213562373e-01,        +1.965146503306e-02,        -7.234815739097e-02,        +1.368459127830e-01,        +3.529854496682e-02,        -1.521726445205e-02,        -3.141249950389e-02,        -8.614991315961e-02,        -4.161373739130e-02,        +1.414213562373e-01,        -8.614432604937e-02,        -4.162050850113e-02,        -1.521726445205e-02,        -3.141249950389e-02,        +1.368133511110e-01,        +3.529846553799e-02,        +1.964826948583e-02,        -7.235340201965e-02,        +1.414213562373e-01,        -1.519117418570e-02,        -3.136742698536e-02,        -8.614991315961e-02,        -4.161373739131e-02,        +1.964826948583e-02,        -7.235340201965e-02,        +1.368513933261e-01,        +3.533880975672e-02
 1.45000000e+02,        +1.414213562373e-01,        +1.379783823782e-01,        +3.405976332360e-02,        +1.876557112160e-02,        -7.319761606004e-02,        -8.738998979157e-02,        -3.961066770479e-02,        -1.513012506374e-02,        -3.044141759765e-02,        +1.414213562373e-01,        +1.876557112160e-02,        -7.319761606004e-02,        +1.379504632762e-01,        +3.399151379881e-02,        -1.515810262555e-02,        -3.048577364470e-02,        -8.739540177015e-02,        -3.960348568301e-02,        +1.414213562373e-01,        -8.738998979157e-02,        -3.961066770479e-02,        -1.515810262555e-02,        -3.048577364470e-02,        +1.379178107636e-01,        +3.399248682577e-02,        +1.876220253709e-02,        -7.320265646803e-02,        +1.414213562373e-01,        -1.513012506374e-02,        -3.044141759765e-02,        -8.739540177015e-02,        -3.960348568301e-02,        +1.876220253709e-02,        -7.320265646803e-02,        +1.379555781136e-01,        +3.403223187178e-02
 1.46000000e+02,        +1.414213562373e-01,        +1.390372480603e-01,        +3.270460000952e-02,        +1.782974085639e-02,        -7.403685689217e-02,        -8.857939934218e-02,        -3.755158583320e-02,        -1.501622939155e-02,        -2.952305102743e-02,        +1.414213562373e-01,        +1.782974085639e-02,        -7.403685689217e-02,        +1.390091239602e-01,        +3.263595764416e-02,        -1.504608650396e-02,        -2.956659800449e-02,        -8.858460930977e-02,        -3.754399298505e-02,        +1.414213562373e-01,        -8.857939934218e-02,        -3.755158583320e-02,        -1.504608650396e-02,        -2.956659800449e-02,        +1.389764321353e-01,        +3.263800021870e-02,        +1.782621034093e-02,        -7.404168477448e-02,        +1.414213562373e-01,        -1.501622939155e-02,        -2.952305102742e-02,        -8.858460930977e-02,        -3.754399298505e-02,        +1.782621034093e-02,        -7.404168477448e-02,        +1.390138839141e-01,        +3.267715850135e-02
 1.47000000e+02,        +1.414213562373e-01,        +1.400476616091e-01,        +3.130298178350e-02,        +1.684356022435e-02,        -7.486244223022e-02,        -8.971001302184e-02,        -3.544543228574e-02,        -1.484917985893e-02,        -2.861581667482e-02,        +1.414213562373e-01,        +1.684356022435e-02,        -7.486244223022e-02,        +1.400193152239e-01,        +3.123393569400e-02,        -1.488090367053e-02,        -2.865846097099e-02,        -8.971499346905e-02,        -3.543743052545e-02,        +1.414213562373e-01,        -8.971001302184e-02,        -3.544543228574e-02,        -1.488090367053e-02,        -2.865846097100e-02,        +1.399866374218e-01,        +3.123706194334e-02,        +1.683987941881e-02,        -7.486705005210e-02,        +1.414213562373e-01,        -1.484917985893e-02,        -2.861581667482e-02,        -8.971499346905e-02,        -3.543743052545e-02,        +1.683987941881e-02,        -7.486705005210e-02,        +1.400237335890e-01,        +3.127564800141e-02
 1.48000000e+02,        +1.414213562373e-01,        +1.410071763385e-01,        +2.985713346319e-02,        +1.580688441735e-02,        -7.567083693287e-02,        -9.077941952524e-02,        -3.329454207558e-02,        -1.462893842516e-02,        -2.772329797495e-02,        +1.414213562373e-01,        +1.580688441735e-02,        -7.567083693287e-02,        +1.409785885665e-01,        +2.978767455799e-02,        -1.466251082625e-02,        -2.776494529328e-02,        -9.078414244782e-02,        -3.328613524235e-02,        +1.414213562373e-01,        -9.077941952524e-02,        -3.329454207559e-02,        -1.466251082625e-02,        -2.776494529328e-02,        +1.409459797276e-01,        +2.979189545480e-02,        +1.580306543100e-02,        -7.567521797856e-02,        +1.414213562373e-01,        -1.462893842516e-02,        -2.772329797495e-02,        -9.078414244782e-02,        -3.328613524235e-02,        +1.580306543100e-02,        -7.567521797856e-02,        +1.409826810465e-01,        +2.982992589930e-02
 1.49000000e+02,        +1.414213562373e-01,        +1.419134901286e-01,        +2.836943489950e-02,        +1.471985217181e-02,        -7.645843227370e-02,        -9.178535148629e-02,        -3.110140377698e-02,        -1.435575060732e-02,        -2.684914853309e-02,        +1.414213562373e-01,        +1.471985217181e-02,        -7.645843227370e-02,        +1.418846402174e-01,        +2.829955611929e-02,        -1.439114810300e-02,        -2.688970423438e-02,        -9.178978853304e-02,        -3.109259772035e-02,        +1.414213562373e-01,        -9.178535148630e-02,        -3.110140377698e-02,        -1.439114810300e-02,        -2.688970423438e-02,        +1.418521566648e-01,        +2.830487930736e-02,        +1.471590751044e-02,        -7.646258068851e-02,        +1.414213562373e-01,        -1.435575060732e-02,        -2.684914853309e-02,        -9.178978853304e-02,        -3.109259772035e-02,        +1.471590751044e-02,        -7.646258068851e-02,        +1.418884248336e-01,        +2.834237275252e-02
 1.50000000e+02,        +1.414213562373e-01,        +1.427644575062e-01,        +2.684240742415e-02,        +1.358289769705e-02,        -7.722157185486e-02,        -9.272569753909e-02,        -2.886864605387e-02,        -1.403015735838e-02,        -2.599706624531e-02,        +1.414213562373e-01,        +1.358289769705e-02,        -7.722157185486e-02,        +1.427353232492e-01,        +2.677210396767e-02,        -1.406735096843e-02,        -2.603643570695e-02,        -9.272982017154e-02,        -2.885944870647e-02,        +1.414213562373e-01,        -9.272569753909e-02,        -2.886864605387e-02,        -1.406735096843e-02,        -2.603643570695e-02,        +1.427030224457e-01,        +2.677853360622e-02,        +1.357884018619e-02,        -7.722548267995e-02,        +1.414213562373e-01,        -1.403015735838e-02,        -2.599706624531e-02,        -9.272982017154e-02,        -2.885944870647e-02,        +1.357884018619e-02,        -7.722548267995e-02,        +1.427388202203e-01,        +2.681551058931e-02
 1.51000000e+02,        +1.414213562373e-01,        +1.435581000316e-01,        +2.527869910471e-02,        +1.239675990075e-02,        -7.795657925654e-02,        -9.359851268655e-02,        -2.659902299451e-02,        -1.365300424344e-02,        -2.517076568344e-02,        +1.414213562373e-01,        +1.239675990075e-02,        -7.795657925654e-02,        +1.435286579938e-01,        +2.520796863599e-02,        -1.369195943065e-02,        -2.520885467075e-02,        -9.360229234919e-02,        -2.658944443042e-02,        +1.414213562373e-01,        -9.359851268655e-02,        -2.659902299451e-02,        -1.369195943065e-02,        -2.520885467075e-02,        +1.434965982810e-01,        +2.521550526492e-02,        +1.239260260463e-02,        -7.796024845562e-02,        +1.414213562373e-01,        -1.365300424344e-02,        -2.517076568344e-02,        -9.360229234919e-02,        -2.658944443042e-02,        +1.239260260463e-02,        -7.796024845562e-02,        +1.435318895888e-01,        +2.525198815625e-02
 1.52000000e+02,        +1.414213562373e-01,        +1.442926148389e-01,        +2.368106906234e-02,        +1.116248865718e-02,        -7.865978709842e-02,        -9.440202682636e-02,        -2.429539850719e-02,        -1.322544765998e-02,        -2.437394906814e-02,        +1.414213562373e-01,        +1.116248865719e-02,        -7.865978709842e-02,        +1.442628406127e-01,        +2.360991189496e-02,        -1.326612428844e-02,        -2.441066411558e-02,        -9.440543512603e-02,        -2.428545098460e-02,        +1.414213562373e-01,        -9.440202682636e-02,        -2.429539850719e-02,        -1.326612428844e-02,        -2.441066411558e-02,        +1.442310809337e-01,        +2.361855232346e-02,        +1.115824479467e-02,        -7.866321157584e-02,        +1.414213562373e-01,        -1.322544765998e-02,        -2.437394906814e-02,        -9.440543512603e-02,        -2.428545098460e-02,        +1.115824479467e-02,        -7.866321157584e-02,        +1.442658309767e-01,        +2.365456522772e-02
 1.53000000e+02,        +1.414213562373e-01,        +1.449663812252e-01,        +2.205237113062e-02,        +9.881447909076e-03,        -7.932756715062e-02,        -9.513465132711e-02,        -2.196073005536e-02,        -1.274895789305e-02,        -2.361027619270e-02,        +1.414213562373e-01,        +9.881447909076e-03,        -7.932756715062e-02,        +1.449362497116e-01,        +2.198079038488e-02,        -1.279131021734e-02,        -2.364552499194e-02,        -9.513766021979e-02,        -2.195042804209e-02,        +1.414213562373e-01,        -9.513465132712e-02,        -2.196073005536e-02,        -1.279131021734e-02,        -2.364552499194e-02,        +1.449048493202e-01,        +2.199052760547e-02,        +9.877130767382e-03,        -7.933074476036e-02,        +1.414213562373e-01,        -1.274895789305e-02,        -2.361027619270e-02,        -9.513766021979e-02,        -2.195042804209e-02,        +9.877130767381e-03,        -7.933074476036e-02,        +1.449390246664e-01,        +2.202609625593e-02
 1.54000000e+02,        +1.414213562373e-01,        +1.455779652284e-01,        +2.039553714899e-02,        +8.555315444986e-03,        -7.995636110012e-02,        -9.579498359504e-02,        -1.959805202580e-02,        -1.222531884728e-02,        -2.288333369141e-02,        +1.414213562373e-01,        +8.555315444986e-03,        -7.995636110012e-02,        +1.455474509420e-01,        +2.032353887824e-02,        -1.226929553351e-02,        -2.291702548336e-02,        -9.579756557819e-02,        -1.958741220654e-02,        +1.414213562373e-01,        -9.579498359504e-02,        -1.959805202580e-02,        -1.226929553351e-02,        -2.291702548336e-02,        +1.455164691008e-01,        +2.033436200785e-02,        +8.550938292486e-03,        -7.995929064545e-02,        +1.414213562373e-01,        -1.222531884728e-02,        -2.288333369141e-02,        -9.579756557819e-02,        -1.958741220655e-02,        +8.550938292486e-03,        -7.995929064545e-02,        +1.455500377642e-01,        +2.036951365498e-02
 1.55000000e+02,        +1.414213562373e-01,        +1.461261221839e-01,        +1.871356019081e-02,        +7.186079250203e-03,        -8.054271155546e-02,        -9.638180962172e-02,        -1.721045902972e-02,        -1.165662435404e-02,        -2.219660406974e-02,        +1.414213562373e-01,        +7.186079250203e-03,        -8.054271155546e-02,        +1.460951995769e-01,        +1.864115347339e-02,        -1.170216853297e-02,        -2.222865003743e-02,        -9.638393793025e-02,        -1.719950029420e-02,        +1.414213562373e-01,        -9.638180962172e-02,        -1.721045902972e-02,        -1.170216853298e-02,        -2.222865003743e-02,        +1.460646952480e-01,        +1.865304772305e-02,        +7.181655249367e-03,        -8.054539277903e-02,        +1.414213562373e-01,        -1.165662435404e-02,        -2.219660406974e-02,        -9.638393793025e-02,        -1.719950029420e-02,        +7.181655249366e-03,        -8.054539277903e-02,        +1.460976267552e-01,        +1.868781101927e-02
 1.56000000e+02,        +1.414213562373e-01,        +1.466097973021e-01,        +1.700947802289e-02,        +5.776030388540e-03,        -8.108329285839e-02,        -9.689410455410e-02,        -1.480108943377e-02,        -1.104527101095e-02,        -2.155343492758e-02,        +1.414213562373e-01,        +5.776030388541e-03,        -8.108329285839e-02,        +1.465784411042e-01,        +1.693667501680e-02,        -1.109232036340e-02,        -2.158374858677e-02,        -9.689575335761e-02,        -1.478983284514e-02,        +1.414213562373e-01,        -9.689410455410e-02,        -1.480108943377e-02,        -1.109232036340e-02,        -2.158374858677e-02,        +1.465484726346e-01,        +1.694962169081e-02,        +5.771572510243e-03,        -8.108572642291e-02,        +1.414213562373e-01,        -1.104527101095e-02,        -2.155343492758e-02,        -9.689575335761e-02,        -1.478983284514e-02,        +5.771572510242e-03,        -8.108572642290e-02,        +1.465807380797e-01,        +1.698402657300e-02
 1.57000000e+02,        +1.414213562373e-01,        +1.470281243582e-01,        +1.528635708100e-02,        +4.327752433393e-03,        -8.157494126680e-02,        -9.733103137760e-02,        -1.237310940564e-02,        -1.039394757247e-02,        -2.095700881097e-02,        +1.414213562373e-01,        +4.327752433392e-03,        -8.157494126680e-02,        +1.469963099271e-01,        +1.521317303881e-02,        -1.044243444655e-02,        -2.098550639565e-02,        -9.733217597674e-02,        -1.236157814871e-02,        +1.414213562373e-01,        -9.733103137760e-02,        -1.237310940564e-02,        -1.044243444655e-02,        -2.098550639565e-02,        +1.469669347330e-01,        +1.522714956410e-02,        +4.323273373777e-03,        -8.157712872633e-02,        +1.414213562373e-01,        -1.039394757246e-02,        -2.095700881098e-02,        -9.733217597675e-02,        -1.236157814871e-02,        +4.323273373775e-03,        -8.157712872633e-02,        +1.469985068192e-01,        +1.526122713565e-02
 1.58000000e+02,        +1.414213562373e-01,        +1.473804226314e-01,        +1.354727722438e-02,        +2.844107527390e-03,        -8.201468407829e-02,        -9.769193784997e-02,        -9.929697737100e-03,        -9.705620970636e-03,        -2.041031412319e-02,        +1.414213562373e-01,        +2.844107527389e-03,        -8.201468407829e-02,        +1.473481263088e-01,        +1.347373046664e-02,        -9.755472530461e-03,        -2.043691496266e-02,        -9.769255486964e-02,        -9.917917046428e-03,        +1.414213562373e-01,        -9.769193784997e-02,        -9.929697737099e-03,        -9.755472530461e-03,        -2.043691496266e-02,        +1.473194005618e-01,        +1.348871045243e-02,        +2.839619628432e-03,        -8.201662784061e-02,        +1.414213562373e-01,        -9.705620970638e-03,        -2.041031412319e-02,        -9.769255486964e-02,        -9.917917046427e-03,        +2.839619628433e-03,        -8.201662784061e-02,        +1.473502536311e-01,        +1.352249286643e-02
 1.59000000e+02,        +1.414213562373e-01,        +1.476661922728e-01,        +1.179531750210e-02,        +1.328219209080e-03,        -8.239976727809e-02,        -9.797635186546e-02,        -7.474031677851e-03,        -8.983519104773e-03,        -1.991611751081e-02,        +1.414213562373e-01,        +1.328219209079e-03,        -8.239976727809e-02,        +1.476333917412e-01,        +1.172142934817e-02,        -9.034657509460e-03,        -1.994074439588e-02,        -9.797641944227e-02,        -7.462028745931e-03,        +1.414213562373e-01,        -9.797635186546e-02,        -7.474031677853e-03,        -9.034657509461e-03,        -1.994074439588e-02,        +1.476053700597e-01,        +1.173738267570e-02,        +1.323734383948e-03,        -8.240147055863e-02,        +1.414213562373e-01,        -8.983519104770e-03,        -1.991611751081e-02,        -9.797641944227e-02,        -7.462028745931e-03,        +1.323734383946e-03,        -8.240147055863e-02,        +1.476354801111e-01,        +1.177090302094e-02
 1.60000000e+02,        +1.414213562373e-01,        +1.478851083192e-01,        +1.003354312733e-02,        -2.165477990716e-04,        -8.272768131876e-02,        -9.818397546403e-02,        -5.009273976108e-03,        -8.231110594142e-03,        -1.947693811766e-02,        +1.414213562373e-01,        -2.165477990714e-04,        -8.272768131876e-02,        +1.478517829533e-01,        +9.959337783251e-03,        -8.283453206135e-03,        -1.949951765294e-02,        -9.818347342601e-02,        -4.997077842136e-03,        +1.414213562373e-01,        -9.818397546403e-02,        -5.009273976106e-03,        -8.283453206135e-03,        -1.949951765294e-02,        +1.478245181027e-01,        +9.976230724936e-03,        -2.210181348166e-04,        -8.272914808675e-02,        +1.414213562373e-01,        -8.231110594141e-03,        -1.947693811766e-02,        -9.818347342601e-02,        -4.997077842137e-03,        -2.210181348160e-04,        -8.272914808675e-02,        +1.478538627992e-01,        +1.000952291609e-02
 1.61000000e+02,        +1.414213562373e-01,        +1.480370135924e-01,        +8.264993812188e-03,        -1.786610596049e-03,        -8.299618467006e-02,        -9.831467772865e-02,        -2.538561278892e-03,        -7.452081739079e-03,        -1.909502406793e-02,        +1.414213562373e-01,        -1.786610596049e-03,        -8.299618467006e-02,        +1.480031448003e-01,        +8.190498216046e-03,        -7.505541360231e-03,        -1.911548700787e-02,        -9.831358776477e-02,        -2.526202699040e-03,        +1.414213562373e-01,        -9.831467772865e-02,        -2.538561278894e-03,        -7.505541360230e-03,        -1.911548700787e-02,        +1.479766874049e-01,        +8.208293582914e-03,        -1.791055586521e-03,        -8.299741958764e-02,        +1.414213562373e-01,        -7.452081739084e-03,        -1.909502406793e-02,        -9.831358776477e-02,        -2.526202699038e-03,        -1.791055586516e-03,        -8.299741958764e-02,        +1.480052460714e-01,        +8.241392256188e-03
 1.62000000e+02,        +1.414213562373e-01,        +1.481219107496e-01,        +6.492673568649e-03,        -3.378193610533e-03,        -8.320332481563e-02,        -9.836848683235e-02,        -6.499399778733e-05,        -6.650310980949e-03,        -1.877233150150e-02,        +1.414213562373e-01,        -3.378193610533e-03,        -8.320332481563e-02,        +1.480874822974e-01,        +6.417917194600e-03,        -6.704796114745e-03,        -1.879061306783e-02,        -9.836679264973e-02,        -5.250529808071e-05,        +1.414213562373e-01,        -9.836848683235e-02,        -6.499399778703e-05,        -6.704796114745e-03,        -1.879061306783e-02,        +1.480618805674e-01,        +6.436574510560e-03,        -3.382603014017e-03,        -8.320433317095e-02,        +1.414213562373e-01,        -6.650310980951e-03,        -1.877233150151e-02,        -9.836679264973e-02,        -5.250529807997e-05,        -3.382603014016e-03,        -8.320433317094e-02,        +1.480896341797e-01,        +6.469514925996e-03
 1.63000000e+02,        +1.414213562373e-01,        +1.481399537527e-01,        +4.719542031598e-03,        -4.987356283199e-03,        -8.334745641705e-02,        -9.834558150643e-02,        +2.408372303720e-03,        -5.829841189724e-03,        -1.851050644110e-02,        +1.414213562373e-01,        -4.987356283199e-03,        -8.334745641705e-02,        +1.481049520685e-01,        +4.644556654491e-03,        -5.885256327803e-03,        -1.852654661945e-02,        -9.834326897336e-02,        +2.420957390499e-03,        +1.414213562373e-01,        -9.834558150644e-02,        +2.408372303721e-03,        -5.885256327804e-03,        -1.852654661945e-02,        +1.480802515442e-01,        +4.664032355599e-03,        -4.991720518451e-03,        -8.334824405224e-02,        +1.414213562373e-01,        -5.829841189723e-03,        -1.851050644110e-02,        -9.834326897336e-02,        +2.420957390498e-03,        -4.991720518453e-03,        -8.334824405224e-02,        +1.481071827110e-01,        +4.696850306782e-03
 1.64000000e+02,        +1.414213562373e-01,        +1.480914390314e-01,        +2.948507309717e-03,        -6.610022563332e-03,        -8.342725641361e-02,        -9.824628220150e-02,        +4.878533995238e-03,        -4.994850138835e-03,        -1.831086972242e-02,        +1.414213562373e-01,        -6.610022563333e-03,        -8.342725641361e-02,        +1.480558534822e-01,        +2.873326733008e-03,        -5.051096069815e-03,        -1.832461353635e-02,        -9.824333947442e-02,        +4.891180506971e-03,        +1.414213562373e-01,        -9.824628220150e-02,        +4.878533995238e-03,        -5.051096069816e-03,        -1.832461353635e-02,        +1.480320967992e-01,        +2.893574389561e-03,        -6.614332747119e-03,        -8.342782964890e-02,        +1.414213562373e-01,        -4.994850138837e-03,        -1.831086972242e-02,        -9.824333947442e-02,        +4.891180506972e-03,        -6.614332747119e-03,        -8.342782964891e-02,        +1.480581897382e-01,        +2.926306121439e-03
 1.65000000e+02,        +1.414213562373e-01,        +1.479767965999e-01,        +1.182420321580e-03,        -8.242011836862e-03,        -8.344173587760e-02,        -9.807104220343e-02,        +7.342544979305e-03,        -4.149619550097e-03,        -1.817440516768e-02,        +1.414213562373e-01,        -8.242011836863e-03,        -8.344173587759e-02,        +1.479406197377e-01,        +1.107080071905e-03,        -4.206593688577e-03,        -1.818580292838e-02,        -9.806745983635e-02,        +7.355216914428e-03,        +1.414213562373e-01,        -9.807104220343e-02,        +7.342544979303e-03,        -4.206593688579e-03,        -1.818580292838e-02,        +1.479178464139e-01,        +1.128050630925e-03,        -8.246259812420e-03,        -8.344210143252e-02,        +1.414213562373e-01,        -4.149619550098e-03,        -1.817440516768e-02,        -9.806745983635e-02,        +7.355216914427e-03,        -8.246259812421e-03,        -8.344210143253e-02,        +1.479430869246e-01,        +1.160732766053e-03
 1.66000000e+02,        +1.414213562373e-01,        +1.477965813722e-01,        -5.759294710753e-04,        -9.879070887622e-03,        -8.339024849690e-02,        -9.782043894820e-02,        +9.797520893860e-03,        -3.298503106785e-03,        -1.810175113037e-02,        +1.414213562373e-01,        -9.879070887622e-03,        -8.339024849690e-02,        +1.477598091447e-01,        -6.513924787067e-04,        -3.356099840315e-03,        -1.811075866054e-02,        -9.781620998319e-02,        +9.810181411678e-03,        +1.414213562373e-01,        -9.782043894820e-02,        +9.797520893859e-03,        -3.356099840315e-03,        -1.811075866054e-02,        +1.477380553921e-01,        -6.297504332499e-04,        -9.883249243824e-03,        -8.339041340990e-02,        +1.414213562373e-01,        -3.298503106787e-03,        -1.810175113037e-02,        -9.781620998320e-02,        +9.810181411677e-03,        -9.883249243824e-03,        -8.339041340990e-02,        +1.477624308251e-01,        -5.970809598973e-04
 1.67000000e+02,        +1.414213562373e-01,        +1.475514648936e-01,        -2.323817061257e-03,        -1.151690648595e-02,        -8.327249560997e-02,        -9.749516575348e-02,        +1.224064204551e-02,        -2.445893840622e-03,        -1.809319548618e-02,        +1.414213562373e-01,        -1.151690648595e-02,        -8.327249560997e-02,        +1.475140968162e-01,        -2.399364883094e-03,        -2.504004892355e-03,        -1.809977431697e-02,        -9.749028579126e-02,        +1.225325367473e-02,        +1.414213562373e-01,        -9.749516575348e-02,        +1.224064204551e-02,        -2.504004892358e-03,        -1.809977431697e-02,        +1.474933953783e-01,        -2.377104855167e-03,        -1.152100856714e-02,        -8.327246715757e-02,        +1.414213562373e-01,        -2.445893840624e-03,        -1.809319548618e-02,        -9.749028579126e-02,        +1.225325367473e-02,        -1.152100856714e-02,        -8.327246715757e-02,        +1.475168946044e-01,        -2.344410852990e-03
 1.68000000e+02,        +1.414213562373e-01,        +1.472422276725e-01,        -4.058583788170e-03,        -1.315121819840e-02,        -8.308852777013e-02,        -9.709602415170e-02,        +1.466915523575e-02,        -1.596191298779e-03,        -1.814867409311e-02,        +1.414213562373e-01,        -1.315121819840e-02,        -8.308852777013e-02,        +1.472042669587e-01,        -4.134177831217e-03,        -1.654706103478e-03,        -1.815279163299e-02,        -9.709049140156e-02,        +1.468168008897e-02,        +1.414213562373e-01,        -9.709602415170e-02,        +1.466915523575e-02,        -1.654706103478e-03,        -1.815279163300e-02,        +1.471846469754e-01,        -4.111355125672e-03,        -1.315523810503e-02,        -8.308831338682e-02,        +1.414213562373e-01,        -1.596191298775e-03,        -1.814867409311e-02,        -9.709049140157e-02,        +1.468168008897e-02,        -1.315523810503e-02,        -8.308831338682e-02,        +1.472072603542e-01,        -4.078599197246e-03
 1.69000000e+02,        +1.414213562373e-01,        +1.468697522604e-01,        -5.777638311154e-03,        -1.477773101869e-02,        -8.283874286638e-02,        -9.662391697167e-02,        +1.708037466900e-02,        -7.537688906138e-04,        -1.826777269337e-02,        +1.414213562373e-01,        -1.477773101869e-02,        -8.283874286638e-02,        +1.468312059078e-01,        -5.853239727187e-03,        -8.125749816379e-04,        -1.826940236820e-02,        -9.661773228024e-02,        +1.709277466082e-02,        +1.414213562373e-01,        -9.662391697167e-02,        +1.708037466901e-02,        -8.125749816348e-04,        -1.826940236819e-02,        +1.468126928078e-01,        -5.829911153826e-03,        -1.478166359905e-02,        -8.283835006631e-02,        +1.414213562373e-01,        -7.537688906128e-04,        -1.826777269336e-02,        -9.661773228024e-02,        +1.709277466082e-02,        -1.478166359905e-02,        -8.283835006631e-02,        +1.468344121592e-01,        -5.797055736332e-03
 1.70000000e+02,        +1.414213562373e-01,        +1.464350171836e-01,        -7.478456873476e-03,        -1.639222743251e-02,        -8.252388087556e-02,        -9.607984227356e-02,        +1.947168214961e-02,        +7.705819862183e-05,        -1.844973218232e-02,        +1.414213562373e-01,        -1.639222743251e-02,        -8.252388087556e-02,        +1.463958960146e-01,        -7.554026961979e-03,        +1.807479374548e-05,        -1.844885354586e-02,        -9.607300913231e-02,        +1.948391921589e-02,        +1.414213562373e-01,        -9.607984227356e-02,        +1.947168214962e-02,        +1.807479374550e-05,        -1.844885354586e-02,        +1.463785114364e-01,        -7.530250533766e-03,        -1.639606826600e-02,        -8.252331717718e-02,        +1.414213562373e-01,        +7.705819861821e-05,        -1.844973218232e-02,        -9.607300913230e-02,        +1.948391921589e-02,        -1.639606826600e-02,        -8.252331717718e-02,        +1.463993300143e-01,        -7.497257933915e-03
 1.71000000e+02,        +1.414213562373e-01,        +1.459390917894e-01,        -9.158583073096e-03,        -1.799057854685e-02,        -8.214501536521e-02,        -9.546488819889e-02,        +2.184052678489e-02,        +8.920641578725e-04,        -1.869345712501e-02,        +1.414213562373e-01,        -1.799057854685e-02,        -8.214501536521e-02,        +1.458994104451e-01,        -9.234083687423e-03,        +8.330185156585e-04,        -1.869005593961e-02,        -9.545741273041e-02,        +2.185256310096e-02,        +1.414213562373e-01,        -9.546488819889e-02,        +2.184052678489e-02,        +8.330185156600e-04,        -1.869005593961e-02,        +1.458831721864e-01,        -9.209918315910e-03,        -1.799432391930e-02,        -8.214428821979e-02,        +1.414213562373e-01,        +8.920641578722e-04,        -1.869345712501e-02,        -9.545741273042e-02,        +2.185256310096e-02,        -1.799432391930e-02,        -8.214428821979e-02,        +1.459030846564e-01,        -9.176750739316e-03
 1.72000000e+02,        +1.414213562373e-01,        +1.453831320221e-01,        -1.081562735876e-02,        -1.956877393708e-02,        -8.170354190705e-02,        -9.478022875303e-02,        +2.418442441249e-02,        +1.687142417550e-03,        -1.899752736031e-02,        +1.414213562373e-01,        -1.956877393708e-02,        -8.170354190705e-02,        +1.453429089110e-01,        -1.089102130973e-02,        +1.628150312979e-03,        -1.899159564740e-02,        -9.477211967670e-02,        +2.419622260789e-02,        +1.414213562373e-01,        -9.478022875303e-02,        +2.418442441249e-02,        +1.628150312980e-03,        -1.899159564740e-02,        +1.453278309059e-01,        -1.086652650062e-02,        -1.957242080881e-02,        -8.170265863192e-02,        +1.414213562373e-01,        +1.687142417549e-03,        -1.899752736031e-02,        -9.477211967670e-02,        +2.419622260789e-02,        -1.957242080881e-02,        -8.170265863192e-02,        +1.453468333281e-01,        -1.083314607688e-02
 1.73000000e+02,        +1.414213562373e-01,        +1.447683771068e-01,        -1.244726646255e-02,        -2.112294989175e-02,        -8.120116359778e-02,        -9.402712049579e-02,        +2.650095696321e-02,        +2.458333914116e-03,        -1.936021249614e-02,        +1.414213562373e-01,        -2.112294989175e-02,        -8.120116359778e-02,        +1.447276343066e-01,        -1.252251791387e-02,        +2.399511413654e-03,        -1.935174855641e-02,        -9.401838907326e-02,        +2.651248033082e-02,        +1.414213562373e-01,        -9.402712049579e-02,        +2.650095696321e-02,        +2.399511413653e-03,        -1.935174855641e-02,        +1.447137266307e-01,        -1.249775346556e-02,        -2.112649585920e-02,        -8.120013131508e-02,        +1.414213562373e-01,        +2.458333914115e-03,        -1.936021249614e-02,        -9.401838907326e-02,        +2.651248033082e-02,        -2.112649585921e-02,        -8.120013131508e-02,        +1.447318164481e-01,        -1.246412227020e-02
 1.74000000e+02,        +1.414213562373e-01,        +1.440961470739e-01,        -1.405124296526e-02,        -2.264941576523e-02,        -8.063987391609e-02,        -9.320690007610e-02,        +2.878777195558e-02,        +3.201853462154e-03,        -1.977948906648e-02,        +1.414213562373e-01,        -2.264941576523e-02,        -8.063987391609e-02,        +1.440549101908e-01,        -1.412631781520e-02,        +3.143316517736e-03,        -1.976849746998e-02,        -9.319756003784e-02,        +2.879898465302e-02,        +1.414213562373e-01,        -9.320690007610e-02,        +2.878777195558e-02,        +3.143316517736e-03,        -1.976849746998e-02,        +1.440421790928e-01,        -1.410134352305e-02,        -2.265285901700e-02,        -8.063869949778e-02,        +1.414213562373e-01,        +3.201853462155e-03,        -1.977948906648e-02,        -9.319756003784e-02,        +2.879898465302e-02,        -2.265285901700e-02,        -8.063869949778e-02,        +1.440593551244e-01,        -1.406742359777e-02
 1.75000000e+02,        +1.414213562373e-01,        +1.433678410285e-01,        -1.562536516916e-02,        -2.414467818107e-02,        -8.002193717308e-02,        -9.232098251247e-02,        +3.104258229687e-02,        +3.914113976939e-03,        -2.025306009353e-02,        +1.414213562373e-01,        -2.414467818107e-02,        -8.002193717308e-02,        +1.433261390136e-01,        -1.570023141339e-02,        +3.855978023318e-03,        -2.023955163978e-02,        -9.231104996623e-02,        +3.105344953835e-02,        +1.414213562373e-01,        -9.232098251247e-02,        +3.104258229687e-02,        +3.855978023318e-03,        -2.023955163978e-02,        +1.433145869718e-01,        -1.567510678216e-02,        -2.414801744918e-02,        -8.002062719254e-02,        +1.414213562373e-01,        +3.914113976939e-03,        -2.025306009353e-02,        -9.231104996623e-02,        +3.105344953835e-02,        -2.414801744918e-02,        -8.002062719254e-02,        +1.433308494130e-01,        -1.564086015464e-02
 1.76000000e+02,        +1.414213562373e-01,        +1.425849360339e-01,        -1.716750742551e-02,        -2.560546286394e-02,        -7.934986683640e-02,        -9.137086009106e-02,        +3.326316653798e-02,        +4.591748325534e-03,        -2.077837677422e-02,        +1.414213562373e-01,        -2.560546286394e-02,        -7.934986683640e-02,        +1.425428009618e-01,        -1.724213549626e-02,        +4.534127883309e-03,        -2.076236842291e-02,        -9.136035341396e-02,        +3.327365477475e-02,        +1.414213562373e-01,        -9.137086009106e-02,        +3.326316653798e-02,        +4.534127883309e-03,        -2.076236842291e-02,        +1.425324267651e-01,        -1.721691946307e-02,        -2.560869737142e-02,        -7.934842752709e-02,        +1.414213562373e-01,        +4.591748325533e-03,        -2.077837677422e-02,        -9.136035341396e-02,        +3.327365477475e-02,        -2.560869737142e-02,        -7.934842752709e-02,        +1.425477771929e-01,        -1.718230816772e-02
 1.77000000e+02,        +1.414213562373e-01,        +1.417489864606e-01,        -1.867561103232e-02,        -2.702873391482e-02,        -7.862640202759e-02,        -9.035810173098e-02,        +3.544736969777e-02,        +5.231628621124e-03,        -2.135266199178e-02,        +1.414213562373e-01,        -2.702873391482e-02,        -7.862640202759e-02,        +1.417064532718e-01,        -1.874997410952e-02,        +5.174636907791e-03,        -2.133417676458e-02,        -9.034704144652e-02,        +3.545744678575e-02,        +1.414213562373e-01,        -9.035810173098e-02,        +3.544736969777e-02,        +5.174636907791e-03,        -2.133417676458e-02,        +1.416972521230e-01,        -1.872472477940e-02,        -2.703186332058e-02,        -7.862483924908e-02,        +1.414213562373e-01,        +5.231628621121e-03,        -2.135266199179e-02,        -9.034704144652e-02,        +3.545744678575e-02,        -2.703186332058e-02,        -7.862483924908e-02,        +1.417116935067e-01,        -1.868971088040e-02
 1.78000000e+02,        +1.414213562373e-01,        +1.408616236324e-01,        -2.014768578333e-02,        -2.841171038206e-02,        -7.785448250668e-02,        -8.928435265000e-02,        +3.759310473796e-02,        +5.830882813222e-03,        -2.197293533846e-02,        +1.414213562373e-01,        -2.841171038207e-02,        -7.785448250668e-02,        +1.408187298451e-01,        -2.022176007397e-02,        +5.774631364510e-03,        -2.195200219276e-02,        -8.927276129184e-02,        +3.760274009120e-02,        +1.414213562373e-01,        -8.928435265000e-02,        +3.759310473796e-02,        +5.774631364511e-03,        -2.195200219276e-02,        +1.408106934842e-01,        -2.019653446980e-02,        -2.841473472386e-02,        -7.785280171798e-02,        +1.414213562373e-01,        +5.830882813220e-03,        -2.197293533846e-02,        -8.927276129184e-02,        +3.760274009120e-02,        -2.841473472386e-02,        -7.785280171798e-02,        +1.408242302012e-01,        -2.016108008751e-02
 1.79000000e+02,        +1.414213562373e-01,        +1.399245555950e-01,        -2.158181221274e-02,        -2.975188001924e-02,        -7.703722246765e-02,        -8.815133415550e-02,        +3.969835473327e-02,        +6.386908465024e-03,        -2.263603932546e-02,        +1.414213562373e-01,        -2.975188001924e-02,        -7.703722246765e-02,        +1.398813409893e-01,        -2.165557719516e-02,        +6.331506768743e-03,        -2.261269300110e-02,        -8.813923611976e-02,        +3.970751946219e-02,        +1.414213562373e-01,        -8.815133415550e-02,        +3.969835473327e-02,        +6.331506768744e-03,        -2.261269300110e-02,        +1.398744578360e-01,        -2.163043102364e-02,        -2.975479965596e-02,        -7.703542870798e-02,        +1.414213562373e-01,        +6.386908465025e-03,        -2.263603932546e-02,        -8.813923611976e-02,        +3.970751946219e-02,        -2.975479965596e-02,        -7.703542870798e-02,        +1.398870956916e-01,        -2.159449836555e-02
 1.80000000e+02,        +1.414213562373e-01,        +1.389395668303e-01,        -2.297614454395e-02,        -3.104701016028e-02,        -7.617788347412e-02,        -8.696084338382e-02,        +4.176117574542e-02,        +6.897383648170e-03,        -2.333866645105e-02,        +1.414213562373e-01,        -3.104701016028e-02,        -7.617788347412e-02,        +1.388960731104e-01,        -2.304958317467e-02,        +6.842938792722e-03,        -2.331294729107e-02,        -8.694826477182e-02,        +4.176984277899e-02,        +1.414213562373e-01,        -8.696084338382e-02,        +4.176117574542e-02,        +6.842938792722e-03,        -2.331294729107e-02,        +1.388903284222e-01,        -2.302457060955e-02,        -3.104982571422e-02,        -7.617598135090e-02,        +1.414213562373e-01,        +6.897383648168e-03,        -2.333866645105e-02,        -8.694826477182e-02,        +4.176984277899e-02,        -3.104982571422e-02,        -7.617598135090e-02,        +1.389020746727e-01,        -2.298812200664e-02
 1.81000000e+02,        +1.414213562373e-01,        +1.379085177435e-01,        -2.432891431577e-02,        -3.229515568063e-02,        -7.527984686545e-02,        -8.571475281666e-02,        +4.377970037428e-02,        +7.360274924015e-03,        -2.407738679644e-02,        +1.414213562373e-01,        -3.229515568063e-02,        -7.527984686545e-02,        +1.378647881825e-01,        -2.440201319671e-02,        +7.306891263631e-03,        -2.404934054333e-02,        -8.570172127000e-02,        +4.378784456561e-02,        +1.414213562373e-01,        -8.571475281666e-02,        +4.377970037428e-02,        +7.306891263630e-03,        -2.404934054333e-02,        +1.378601642284e-01,        -2.437718668045e-02,        -3.229786798086e-02,        -7.527784054922e-02,        +1.414213562373e-01,        +7.360274924013e-03,        -2.407738679644e-02,        -8.570172127000e-02,        +4.378784456561e-02,        -3.229786798086e-02,        -7.527784054922e-02,        +1.378710276059e-01,        -2.434018462975e-02
 1.82000000e+02,        +1.414213562373e-01,        +1.368333437660e-01,        -2.563843462653e-02,        -3.349466405192e-02,        -7.434658595968e-02,        -8.441500941496e-02,        +4.575214192727e-02,        +7.773842418800e-03,        -2.484867582300e-02,        +1.414213562373e-01,        -3.349466405192e-02,        -7.434658595968e-02,        +1.367894228382e-01,        -2.571118413169e-02,        +7.721621257460e-03,        -2.481835339202e-02,        -8.440155394492e-02,        +4.575974014226e-02,        +1.414213562373e-01,        -8.441500941497e-02,        +4.575214192727e-02,        +7.721621257460e-03,        -2.481835339202e-02,        +1.367858990835e-01,        -2.568659419621e-02,        -3.349727407934e-02,        -7.434447918569e-02,        +1.414213562373e-01,        +7.773842418801e-03,        -2.484867582300e-02,        -8.440155394492e-02,        +4.575974014226e-02,        -3.349727407934e-02,        -7.434447918569e-02,        +1.367958898220e-01,        -2.564900141008e-02
 1.83000000e+02,        +1.414213562373e-01,        +1.357160539286e-01,        -2.690310490818e-02,        -3.464417753448e-02,        -7.338163837229e-02,        -8.306363322790e-02,        +4.767679911891e-02,        +8.136642037313e-03,        -2.564894205205e-02,        +1.414213562373e-01,        -3.464417753447e-02,        -7.338163837229e-02,        +1.356719869352e-01,        -2.697549926906e-02,        +8.085681333163e-03,        -2.561639928324e-02,        -8.304978404109e-02,        +4.768383030787e-02,        +1.414213562373e-01,        -8.306363322790e-02,        +4.767679911891e-02,        +8.085681333162e-03,        -2.561639928324e-02,        +1.356695402366e-01,        -2.695119437619e-02,        -3.464668636948e-02,        -7.337943444814e-02,        +1.414213562373e-01,        +8.136642037312e-03,        -2.564894205205e-02,        -8.304978404109e-02,        +4.768383030788e-02,        -3.464668636948e-02,        -7.337943444815e-02,        +1.356786700981e-01,        -2.691297383868e-02
 1.84000000e+02,        +1.414213562373e-01,        +1.345587287874e-01,        -2.812141611759e-02,        -3.574263258794e-02,        -7.238857875701e-02,        -8.166271535680e-02,        +4.955206118825e-02,        +8.447524895312e-03,        -2.647455432056e-02,        +1.414213562373e-01,        -3.574263258794e-02,        -7.238857875701e-02,        +1.345145614792e-01,        -2.819345346750e-02,        +8.397918987256e-03,        -2.643985171151e-02,        -8.164850367887e-02,        +4.955850644059e-02,        +1.414213562373e-01,        -8.166271535681e-02,        +4.955206118825e-02,        +8.397918987258e-03,        -2.643985171151e-02,        +1.345131662883e-01,        -2.816947986946e-02,        -3.574504136121e-02,        -7.238628057605e-02,        +1.414213562373e-01,        +8.447524895310e-03,        -2.647455432056e-02,        -8.164850367887e-02,        +4.955850644059e-02,        -3.574504136121e-02,        -7.238628057605e-02,        +1.345214485867e-01,        -2.813059489990e-02
 1.85000000e+02,        +1.414213562373e-01,        +1.333635176063e-01,        -2.929195621320e-02,        -3.678925661374e-02,        -7.137099225931e-02,        -8.021441517919e-02,        +5.137641330226e-02,        +8.705634084628e-03,        -2.732186832259e-02,        +1.414213562373e-01,        -3.678925661374e-02,        -7.137099225931e-02,        +1.333192958095e-01,        -2.936363859134e-02,        +8.657473442566e-03,        -2.728507074392e-02,        -8.019987307852e-02,        +5.138225588470e-02,        +1.414213562373e-01,        -8.021441517919e-02,        +5.137641330226e-02,        +8.657473442565e-03,        -2.728507074392e-02,        +1.333189243815e-01,        -2.934004021120e-02,        -3.679156646079e-02,        -7.136860231891e-02,        +1.414213562373e-01,        +8.705634084630e-03,        -2.732186832258e-02,        -8.019987307852e-02,        +5.138225588470e-02,        -3.679156646079e-02,        -7.136860231891e-02,        +1.333263740040e-01,        -2.930045453498e-02
 1.86000000e+02,        +1.414213562373e-01,        +1.321326347292e-01,        -3.041341577140e-02,        -3.778356217429e-02,        -7.033244895266e-02,        -7.872095676631e-02,        +5.314844210009e-02,        +8.910398915929e-03,        -2.818725216594e-02,        +1.414213562373e-01,        -3.778356217429e-02,        -7.033244895266e-02,        +1.320884039788e-01,        -3.048474908796e-02,        +8.863769915933e-03,        -2.814842856187e-02,        -7.870611697929e-02,        +5.315366747884e-02,        +1.414213562373e-01,        -7.872095676631e-02,        +5.314844210009e-02,        +8.863769915933e-03,        -2.814842856187e-02,        +1.320890265850e-01,        -3.046156742004e-02,        -3.778577419419e-02,        -7.032996937699e-02,        +1.414213562373e-01,        +8.910398915927e-03,        -2.818725216594e-02,        -7.870611697929e-02,        +5.315366747884e-02,        -3.778577419419e-02,        -7.032996937699e-02,        +1.320956600099e-01,        -3.042124524623e-02
 1.87000000e+02,        +1.414213562373e-01,        +1.308683551060e-01,        -3.148459358905e-02,        -3.872533886180e-02,        -6.927647950435e-02,        -7.718462445679e-02,        +5.486684122450e-02,        +9.061526812203e-03,        -2.906711069754e-02,        +1.414213562373e-01,        -3.872533886180e-02,        -6.927647950435e-02,        +1.308241602902e-01,        -3.155558755338e-02,        +9.016511537706e-03,        -2.902633377372e-02,        -7.716952021634e-02,        +5.487143707218e-02,        +1.414213562373e-01,        -7.718462445678e-02,        +5.486684122450e-02,        +9.016511537706e-03,        -2.902633377372e-02,        +1.308257454329e-01,        -3.153286158317e-02,        -3.872745408051e-02,        -6.927391207086e-02,        +1.414213562373e-01,        +9.061526812205e-03,        -2.906711069754e-02,        -7.716952021634e-02,        +5.487143707218e-02,        -3.872745408051e-02,        -6.927391207087e-02,        +1.308315807416e-01,        -3.149176768860e-02
 1.88000000e+02,        +1.414213562373e-01,        +1.295730089631e-01,        -3.250440211644e-02,        -3.961464301423e-02,        -6.820655229120e-02,        -7.560775757851e-02,        +5.653041668506e-02,        +9.158993050590e-03,        -2.995790837703e-02,        +1.414213562373e-01,        -3.961464301423e-02,        -6.820655229120e-02,        +1.295288939842e-01,        -3.257507013063e-02,        +9.115669120381e-03,        -2.991525427833e-02,        -7.559242244724e-02,        +5.653437287333e-02,        +1.414213562373e-01,        -7.560775757851e-02,        +5.653041668505e-02,        +9.115669120380e-03,        -2.991525427833e-02,        +1.295314086109e-01,        -3.255283627367e-02,        -3.961666235269e-02,        -6.820389846016e-02,        +1.414213562373e-01,        +9.158993050587e-03,        -2.995790837703e-02,        -7.559242244724e-02,        +5.653437287333e-02,        -3.961666235269e-02,        -6.820389846016e-02,        +1.295364654937e-01,        -3.251093609279e-02
 1.89000000e+02,        +1.414213562373e-01,        +1.282489756405e-01,        -3.347187256803e-02,        -4.045178549646e-02,        -6.712605215603e-02,        -7.399274433954e-02,        +5.813809190060e-02,        +9.203028570870e-03,        -3.085619050780e-02,        +1.414213562373e-01,        -4.045178549646e-02,        -6.712605215603e-02,        +1.282049830943e-01,        -3.354223158875e-02,        +9.161468994490e-03,        -3.081173848841e-02,        -7.397721204890e-02,        +5.814140047937e-02,        +1.414213562373e-01,        -7.399274433954e-02,        +5.813809190060e-02,        +9.161468994490e-03,        -3.081173848841e-02,        +1.282083928104e-01,        -3.352052364782e-02,        -4.045370974376e-02,        -6.712331310238e-02,        +1.414213562373e-01,        +9.203028570871e-03,        -3.085619050780e-02,        -7.397721204890e-02,        +5.814140047937e-02,        -4.045370974377e-02,        -6.712331310238e-02,        +1.282126925659e-01,        -3.347778336759e-02
 1.90000000e+02,        +1.414213562373e-01,        +1.268986766416e-01,        -3.438615956665e-02,        -4.123731778146e-02,        -6.603826096481e-02,        -7.234201493540e-02,        +5.968891227678e-02,        +9.194106085447e-03,        -3.175860266550e-02,        +1.414213562373e-01,        -4.123731778146e-02,        -6.603826096481e-02,        +1.268548475198e-01,        -3.445622993859e-02,        +9.154379146271e-03,        -3.171243475398e-02,        -7.232631923200e-02,        +5.969156744130e-02,        +1.414213562373e-01,        -7.234201493540e-02,        +5.968891227678e-02,        +9.154379146271e-03,        -3.171243475398e-02,        +1.268591167984e-01,        -3.443507907830e-02,        -4.123914757302e-02,        -6.603543761178e-02,        +1.414213562373e-01,        +9.194106085449e-03,        -3.175860266550e-02,        -7.232631923200e-02,        +5.969156744130e-02,        -4.123914757302e-02,        -6.603543761178e-02,        +1.268626823236e-01,        -3.439146573713e-02
 1.91000000e+02,        +1.414213562373e-01,        +1.255245679694e-01,        -3.524654518962e-02,        -4.197201657797e-02,        -6.494634009193e-02,        -7.065803394445e-02,        +6.118204918719e-02,        +9.132924737700e-03,        -3.266190819667e-02,        +1.414213562373e-01,        -4.197201657798e-02,        -6.494634009193e-02,        +1.254809413863e-01,        -3.531635045387e-02,        +9.095093903741e-03,        -3.261410885867e-02,        -7.064220844438e-02,        +6.118404723415e-02,        +1.414213562373e-01,        -7.065803394445e-02,        +6.118204918719e-02,        +9.095093903741e-03,        -3.261410885867e-02,        +1.254860337727e-01,        -3.529578519173e-02,        -4.197375237885e-02,        -6.494343314566e-02,        +1.414213562373e-01,        +9.132924737701e-03,        -3.266190819667e-02,        -7.064220844438e-02,        +6.118404723415e-02,        -4.197375237885e-02,        -6.494343314566e-02,        +1.254888895459e-01,        -3.525126678152e-02
 1.92000000e+02,        +1.414213562373e-01,        +1.241291318396e-01,        -3.605244230132e-02,        -4.265686725916e-02,        -6.385331492753e-02,        -6.894329210338e-02,        +6.261680324272e-02,        +9.020393563090e-03,        -3.356300369363e-02,        +1.414213562373e-01,        -4.265686725916e-02,        -6.385331492754e-02,        +1.240857447864e-01,        -3.612200898254e-02,        +8.984517425275e-03,        -3.351365949464e-02,        -6.892737015557e-02,        +6.261814251677e-02,        +1.414213562373e-01,        -6.894329210338e-02,        +6.261680324272e-02,        +8.984517425274e-03,        -3.351365949464e-02,        +1.240916230970e-01,        -3.610205519539e-02,        -4.265850935238e-02,        -6.385032491210e-02,        +1.414213562373e-01,        +9.020393563088e-03,        -3.356300369363e-02,        -6.892737015556e-02,        +6.261814251677e-02,        -4.265850935238e-02,        -6.385032491210e-02,        +1.240937951503e-01,        -3.605660076553e-02
 1.93000000e+02,        +1.414213562373e-01,        +1.227148678804e-01,        -3.680339707623e-02,        -4.329304634910e-02,        -6.276206146773e-02,        -6.720029757213e-02,        +6.399260675321e-02,        +8.857614010336e-03,        -3.445893238467e-02,        +1.414213562373e-01,        -4.329304634910e-02,        -6.276206146773e-02,        +1.226717550076e-01,        -3.687275445245e-02,        +8.823746247746e-03,        -3.440813165556e-02,        -6.718431213113e-02,        +6.399328758524e-02,        +1.414213562373e-01,        -6.720029757213e-02,        +6.399260675321e-02,        +8.823746247746e-03,        -3.440813165556e-02,        +1.226783815217e-01,        -3.685343539701e-02,        -4.329459482880e-02,        -6.275898876011e-02,        +1.414213562373e-01,        +8.857614010336e-03,        -3.445893238467e-02,        -6.718431213113e-02,        +6.399328758524e-02,        -4.329459482880e-02,        -6.275898876011e-02,        +1.226798974053e-01,        -3.680701515927e-02
 1.94000000e+02,        +1.414213562373e-01,        +1.212842839420e-01,        -3.749909063748e-02,        -4.388190332288e-02,        -6.167529501590e-02,        -6.543156680992e-02,        +6.530902530661e-02,        +8.645861778421e-03,        -3.534689541177e-02,        +1.414213562373e-01,        -4.388190332288e-02,        -6.167529501590e-02,        +1.212414773720e-01,        -3.756827049652e-02,        +8.614051149719e-03,        -3.529472791939e-02,        -6.541555031888e-02,        +6.530904994507e-02,        +1.414213562373e-01,        -6.543156680992e-02,        +6.530902530661e-02,        +8.614051149719e-03,        -3.529472791939e-02,        +1.212488140151e-01,        -3.754960684298e-02,        -4.388335809218e-02,        -6.167213988018e-02,        +1.414213562373e-01,        +8.645861778421e-03,        -3.534689541177e-02,        -6.541555031887e-02,        +6.530904994507e-02,        -4.388335809218e-02,        -6.167213988019e-02,        +1.212497027512e-01,        -3.750219227606e-02
 1.95000000e+02,        +1.414213562373e-01,        +1.198398866445e-01,        -3.813933975870e-02,        -4.442494196997e-02,        -6.059556099166e-02,        -6.363961519299e-02,        +6.656575841309e-02,        +8.386568219370e-03,        -3.622426099896e-02,        +1.414213562373e-01,        -4.442494196997e-02,        -6.059556099166e-02,        +1.197974158140e-01,        -3.820837614509e-02,        +8.356858579389e-03,        -3.617081762427e-02,        -6.362359947680e-02,        +6.656513095005e-02,        +1.414213562373e-01,        -6.363961519299e-02,        +6.656575841309e-02,        +8.356858579390e-03,        -3.617081762427e-02,        +1.198054243329e-01,        -3.819038602223e-02,        -4.442630274321e-02,        -6.059232361214e-02,        +1.414213562373e-01,        +8.386568219367e-03,        -3.622426099896e-02,        -6.362359947680e-02,        +6.656513095005e-02,        -4.442630274321e-02,        -6.059232361214e-02,        +1.198057163608e-01,        -3.814194997500e-02
 1.96000000e+02,        +1.414213562373e-01,        +1.183841718007e-01,        -3.872409659927e-02,        -4.492380156087e-02,        -5.952522781482e-02,        -6.182694750844e-02,        +6.776263918473e-02,        +8.081301546978e-03,        -3.708857154442e-02,        +1.414213562373e-01,        -4.492380156087e-02,        -5.952522781482e-02,        +1.183420633337e-01,        -3.879302555577e-02,        +8.053731887223e-03,        -3.703394397021e-02,        -6.181096367748e-02,        +6.776136547778e-02,        +1.414213562373e-01,        -6.182694750844e-02,        +6.776263918473e-02,        +8.053731887223e-03,        -3.703394397021e-02,        +1.183507054613e-01,        -3.877572460642e-02,        -4.492506787005e-02,        -5.952190832753e-02,        +1.414213562373e-01,        +8.081301546980e-03,        -3.708857154442e-02,        -6.181096367749e-02,        +6.776136547778e-02,        -4.492506787005e-02,        -5.952190832753e-02,        +1.183504325728e-01,        -3.872624139861e-02
 1.97000000e+02,        +1.414213562373e-01,        +1.169196148475e-01,        -3.925344746592e-02,        -4.538023804376e-02,        -5.846648180440e-02,        -5.999604845917e-02,        +6.889963304318e-02,        +7.731748078384e-03,        -3.793754869620e-02,        +1.414213562373e-01,        -4.538023804376e-02,        -5.846648180440e-02,        +1.168778924579e-01,        -3.932230677339e-02,        +7.706352589967e-03,        -3.788182910661e-02,        -5.998012682350e-02,        +6.889772063491e-02,        +1.414213562373e-01,        -5.999604845917e-02,        +6.889963304318e-02,        +7.706352589968e-03,        -3.788182910661e-02,        +1.168871300685e-01,        -3.930570821872e-02,        -4.538140924874e-02,        -5.846308032677e-02,        +1.414213562373e-01,        +7.731748078385e-03,        -3.793754869620e-02,        -5.998012682350e-02,        +6.889772063491e-02,        -4.538140924874e-02,        -5.846308032677e-02,        +1.168863253351e-01,        -3.925515373821e-02
 1.98000000e+02,        +1.414213562373e-01,        +1.154486614177e-01,        -3.972761061457e-02,        -4.579610548147e-02,        -5.742132400850e-02,        -5.814937331120e-02,        +6.997683546963e-02,        +7.339693719014e-03,        -3.876909649603e-02,        +1.414213562373e-01,        -4.579610548147e-02,        -5.742132400850e-02,        +1.154073458412e-01,        -3.979643953399e-02,        +7.316501876373e-03,        -3.871237728947e-02,        -5.813354330503e-02,        +6.997429350585e-02,        +1.414213562373e-01,        -5.814937331120e-02,        +6.997683546964e-02,        +7.316501876373e-03,        -3.871237728947e-02,        +1.154171410950e-01,        -3.978055424531e-02,        -4.579718078383e-02,        -5.741784066671e-02,        +1.414213562373e-01,        +7.339693719014e-03,        -3.876909649604e-02,        -5.813354330503e-02,        +6.997429350585e-02,        -4.579718078383e-02,        -5.741784066671e-02,        +1.154158387864e-01,        -3.972890604112e-02
 1.99000000e+02,        +1.414213562373e-01,        +1.139737181776e-01,        -4.014693312615e-02,        -4.617333792037e-02,        -5.639156885975e-02,        -5.628933880795e-02,        +7.099446883041e-02,        +6.907005882563e-03,        -3.958130269651e-02,        +1.414213562373e-01,        -4.617333792037e-02,        -5.639156885975e-02,        +1.139328271310e-01,        -4.021577214624e-02,        +6.886042546131e-03,        -3.952367621388e-02,        -5.627362892409e-02,        +7.099130797863e-02,        +1.414213562373e-01,        -5.628933880795e-02,        +7.099446883041e-02,        +6.886042546130e-03,        -3.952367621388e-02,        +1.139431426084e-01,        -4.020060872282e-02,        -4.617431638034e-02,        -5.638800381367e-02,        +1.414213562373e-01,        +6.907005882563e-03,        -3.958130269651e-02,        -5.627362892409e-02,        +7.099130797863e-02,        -4.617431638034e-02,        -5.638800381367e-02,        +1.139413781036e-01,        -4.014784609297e-02
 2.00000000e+02,        +1.414213562373e-01,        +1.124971440435e-01,        -4.051188690732e-02,        -4.651393186174e-02,        -5.537884453330e-02,        -5.441831446629e-02,        +7.195287832925e-02,        +6.435616016921e-03,        -4.037243837495e-02,        +1.414213562373e-01,        -4.651393186174e-02,        -5.537884453330e-02,        +1.124566922104e-01,        -4.058077750123e-02,        +6.416901552778e-03,        -4.031399664441e-02,        -5.440275220013e-02,        +7.194911069879e-02,        +1.414213562373e-01,        -5.441831446629e-02,        +7.195287832925e-02,        +6.416901552778e-03,        -4.031399664441e-02,        +1.124674910354e-01,        -4.056634235281e-02,        -4.651481241815e-02,        -5.537519799875e-02,        +1.414213562373e-01,        +6.435616016921e-03,        -4.037243837495e-02,        -5.440275220013e-02,        +7.194911069879e-02,        -4.651481241815e-02,        -5.537519799875e-02,        +1.124653007264e-01,        -4.051244642652e-02
