        f (GHz),              E_elec[1] (J),               E_mag[1] (J),               E_cap[1] (J),               E_ind[1] (J),              E_elec[2] (J),               E_mag[2] (J),               E_cap[2] (J),               E_ind[2] (J),              E_elec[3] (J),               E_mag[3] (J),               E_cap[3] (J),               E_ind[3] (J),              E_elec[4] (J),               E_mag[4] (J),               E_cap[4] (J),               E_ind[4] (J)
 8.00000000e+01,        +7.379860929976e-13,        +1.102688491499e-12,        +0.000000000000e+00,        +0.000000000000e+00,        +7.384516057407e-13,        +1.102559619223e-12,        +0.000000000000e+00,        +0.000000000000e+00,        +7.381085375618e-13,        +1.102738930182e-12,        +0.000000000000e+00,        +0.000000000000e+00,        +7.382193598347e-13,        +1.103351860127e-12,        +0.000000000000e+00,        +0.000000000000e+00
 8.16000000e+01,        +7.407880012137e-13,        +1.112869371585e-12,        +0.000000000000e+00,        +0.000000000000e+00,        +7.412777746845e-13,        +1.112762563982e-12,        +0.000000000000e+00,        +0.000000000000e+00,        +7.409188890490e-13,        +1.112937146474e-12,        +0.000000000000e+00,        +0.000000000000e+00,        +7.410421846624e-13,        +1.113559766484e-12,        +0.000000000000e+00,        +0.000000000000e+00
 8.32000000e+01,        +7.441674283145e-13,        +1.123347722031e-12,        +0.000000000000e+00,        +0.000000000000e+00,        +7.446827289531e-13,        +1.123264412906e-12,        +0.000000000000e+00,        +0.000000000000e+00,        +7.443072800190e-13,        +1.123433579647e-12,        +0.000000000000e+00,        +0.000000000000e+00,        +7.444439930945e-13,        +1.124066320741e-12,        +0.000000000000e+00,        +0.000000000000e+00
 8.48000000e+01,        +7.481474552823e-13,        +1.134128121226e-12,        +0.000000000000e+00,        +0.000000000000e+00,        +7.486896189966e-13,        +1.134069776204e-12,        +0.000000000000e+00,        +0.000000000000e+00,        +7.482968209259e-13,        +1.134232823644e-12,        +0.000000000000e+00,        +0.000000000000e+00,        +7.484479469309e-13,        +1.134876127267e-12,        +0.000000000000e+00,        +0.000000000000e+00
 8.64000000e+01,        +7.527513915281e-13,        +1.145214805168e-12,        +0.000000000000e+00,        +0.000000000000e+00,        +7.533218261376e-13,        +1.145182919263e-12,        +0.000000000000e+00,        +0.000000000000e+00,        +7.529108519450e-13,        +1.145339128999e-12,        +0.000000000000e+00,        +0.000000000000e+00,        +7.530774394242e-13,        +1.145993446144e-12,        +0.000000000000e+00,        +0.000000000000e+00
 8.80000000e+01,        +7.580027427206e-13,        +1.156611571655e-12,        +0.000000000000e+00,        +0.000000000000e+00,        +7.586029301417e-13,        +1.156607666266e-12,        +0.000000000000e+00,        +0.000000000000e+00,        +7.581729107712e-13,        +1.156756306778e-12,        +0.000000000000e+00,        +0.000000000000e+00,        +7.583560629226e-13,        +1.157422096809e-12,        +0.000000000000e+00,        +0.000000000000e+00
 8.96000000e+01,        +7.639251640283e-13,        +1.168321672814e-12,        +0.000000000000e+00,        +0.000000000000e+00,        +7.645566621213e-13,        +1.168347292107e-12,        +0.000000000000e+00,        +0.000000000000e+00,        +7.641066858090e-13,        +1.168487620863e-12,        +0.000000000000e+00,        +0.000000000000e+00,        +7.643075618486e-13,        +1.169165349981e-12,        +0.000000000000e+00,        +0.000000000000e+00
 9.12000000e+01,        +7.705423965013e-13,        +1.180347694971e-12,        +0.000000000000e+00,        +0.000000000000e+00,        +7.712068404865e-13,        +1.180404401522e-12,        +0.000000000000e+00,        +0.000000000000e+00,        +7.707359524789e-13,        +1.180535667502e-12,        +0.000000000000e+00,        +0.000000000000e+00,        +7.709557687269e-13,        +1.181225806822e-12,        +0.000000000000e+00,        +0.000000000000e+00
 9.28000000e+01,        +7.778781841177e-13,        +1.192691424826e-12,        +0.000000000000e+00,        +0.000000000000e+00,        +7.785772874517e-13,        +1.192780794436e-12,        +0.000000000000e+00,        +0.000000000000e+00,        +7.780844901586e-13,        +1.192902241156e-12,        +0.000000000000e+00,        +0.000000000000e+00,        +7.783245207721e-13,        +1.193605264320e-12,        +0.000000000000e+00,        +0.000000000000e+00
 9.44000000e+01,        +7.859561688249e-13,        +1.205353700963e-12,        +0.000000000000e+00,        +0.000000000000e+00,        +7.866917234121e-13,        +1.205477316531e-12,        +0.000000000000e+00,        +0.000000000000e+00,        +7.861759770854e-13,        +1.205588185616e-12,        +0.000000000000e+00,        +0.000000000000e+00,        +7.864375543484e-13,        +1.206304565896e-12,        +0.000000000000e+00,        +0.000000000000e+00
 9.60000000e+01,        +7.947997607201e-13,        +1.218334249806e-12,        +0.000000000000e+00,        +0.000000000000e+00,        +7.955736363174e-13,        +1.218493694138e-12,        +0.000000000000e+00,        +0.000000000000e+00,        +7.950338603601e-13,        +1.218593229528e-12,        +0.000000000000e+00,        +0.000000000000e+00,        +7.953183744271e-13,        +1.219323436349e-12,        +0.000000000000e+00,        +0.000000000000e+00
 9.76000000e+01,        +8.044319803622e-13,        +1.231631505261e-12,        +0.000000000000e+00,        +0.000000000000e+00,        +8.052461230120e-13,        +1.231828352685e-12,        +0.000000000000e+00,        +0.000000000000e+00,        +8.046811980346e-13,        +1.231915805562e-12,        +0.000000000000e+00,        +0.000000000000e+00,        +8.049900960129e-13,        +1.232660300364e-12,        +0.000000000000e+00,        +0.000000000000e+00
 9.92000000e+01,        +8.148752700865e-13,        +1.245242411490e-12,        +0.000000000000e+00,        +0.000000000000e+00,        +8.157316993962e-13,        +1.245478218137e-12,        +0.000000000000e+00,        +0.000000000000e+00,        +8.151404701529e-13,        +1.245552852646e-12,        +0.000000000000e+00,        +0.000000000000e+00,        +8.154752543908e-13,        +1.246312084030e-12,        +0.000000000000e+00,        +0.000000000000e+00
 1.00800000e+02,        +8.261512711476e-13,        +1.259162208528e-12,        +0.000000000000e+00,        +0.000000000000e+00,        +8.270520762073e-13,        +1.259438501149e-12,        +0.000000000000e+00,        +0.000000000000e+00,        +8.264333555600e-13,        +1.259499601007e-12,        +0.000000000000e+00,        +0.000000000000e+00,        +8.267955809915e-13,        +1.260273999064e-12,        +0.000000000000e+00,        +0.000000000000e+00
 1.02400000e+02,        +8.382805635421e-13,        +1.273384200845e-12,        +0.000000000000e+00,        +0.000000000000e+00,        +8.392278972537e-13,        +1.273702463996e-12,        +0.000000000000e+00,        +0.000000000000e+00,        +8.385804713260e-13,        +1.273749340088e-12,        +0.000000000000e+00,        +0.000000000000e+00,        +8.389717417078e-13,        +1.274539309841e-12,        +0.000000000000e+00,        +0.000000000000e+00
 1.04000000e+02,        +8.512823655156e-13,        +1.287899509393e-12,        +0.000000000000e+00,        +0.000000000000e+00,        +8.522784370814e-13,        +1.288261170861e-12,        +0.000000000000e+00,        +0.000000000000e+00,        +8.516010717798e-13,        +1.288293169915e-12,        +0.000000000000e+00,        +0.000000000000e+00,        +8.520230346373e-13,        +1.289099083783e-12,        +0.000000000000e+00,        +0.000000000000e+00
 1.05600000e+02,        +8.651741900502e-13,        +1.302696808331e-12,        +0.000000000000e+00,        +0.000000000000e+00,        +8.662212553483e-13,        +1.303103222650e-12,        +0.000000000000e+00,        +0.000000000000e+00,        +8.655127044436e-13,        +1.303119737071e-12,        +0.000000000000e+00,        +0.000000000000e+00,        +8.659670445277e-13,        +1.303941926287e-12,        +0.000000000000e+00,        +0.000000000000e+00
 1.07200000e+02,        +8.799714561124e-13,        +1.317762048316e-12,        +0.000000000000e+00,        +0.000000000000e+00,        +8.810718056688e-13,        +1.318214478234e-12,        +0.000000000000e+00,        +0.000000000000e+00,        +8.803308206396e-13,        +1.318214957211e-12,        +0.000000000000e+00,        +0.000000000000e+00,        +8.808192516804e-13,        +1.319053702094e-12,        +0.000000000000e+00,        +0.000000000000e+00
 1.08800000e+02,        +8.956870531509e-13,        +1.333078169170e-12,        +0.000000000000e+00,        +0.000000000000e+00,        +8.968429973993e-13,        +1.333577764964e-12,        +0.000000000000e+00,        +0.000000000000e+00,        +8.960683392524e-13,        +1.333561726895e-12,        +0.000000000000e+00,        +0.000000000000e+00,        +8.965925937843e-13,        +1.334417245931e-12,        +0.000000000000e+00,        +0.000000000000e+00
 1.10400000e+02,        +9.123308583156e-13,        +1.348624805789e-12,        +0.000000000000e+00,        +0.000000000000e+00,        +9.135447098303e-13,        +1.349172582321e-12,        +0.000000000000e+00,        +0.000000000000e+00,        +9.127351631137e-13,        +1.349139628650e-12,        +0.000000000000e+00,        +0.000000000000e+00,        +9.132969801362e-13,        +1.350012066304e-12,        +0.000000000000e+00,        +0.000000000000e+00
 1.12000000e+02,        +9.299092071680e-13,        +1.364377992361e-12,        +0.000000000000e+00,        +0.000000000000e+00,        +9.311832595499e-13,        +1.364974803827e-12,        +0.000000000000e+00,        +0.000000000000e+00,        +9.303376487755e-13,        +1.364924634318e-12,        +0.000000000000e+00,        +0.000000000000e+00,        +9.309387590137e-13,        +1.365814047555e-12,        +0.000000000000e+00,        +0.000000000000e+00
 1.13600000e+02,        +9.484243203109e-13,        +1.380309871366e-12,        +0.000000000000e+00,        +0.000000000000e+00,        +9.497608234173e-13,        +1.380956383723e-12,        +0.000000000000e+00,        +0.000000000000e+00,        +9.488780321001e-13,        +1.380888813189e-12,        +0.000000000000e+00,        +0.000000000000e+00,        +9.495201406286e-13,        +1.381795156684e-12,        +0.000000000000e+00,        +0.000000000000e+00
 1.15200000e+02,        +9.678736904099e-13,        +1.396388415311e-12,        +0.000000000000e+00,        +0.000000000000e+00,        +9.692748216395e-13,        +1.397085076432e-12,        +0.000000000000e+00,        +0.000000000000e+00,        +9.683538141408e-13,        +1.397000052899e-12,        +0.000000000000e+00,        +0.000000000000e+00,        +9.690385801530e-13,        +1.397923162954e-12,        +0.000000000000e+00,        +0.000000000000e+00
 1.16800000e+02,        +9.882494365365e-13,        +1.412577170779e-12,        +0.000000000000e+00,        +0.000000000000e+00,        +9.897172679207e-13,        +1.413324178452e-12,        +0.000000000000e+00,        +0.000000000000e+00,        +9.887571142508e-13,        +1.413221802693e-12,        +0.000000000000e+00,        +0.000000000000e+00,        +9.894861277781e-13,        +1.414161379927e-12,        +0.000000000000e+00,        +0.000000000000e+00
 1.18400000e+02,        +1.009537635621e-12,        +1.428835036000e-12,        +0.000000000000e+00,        +0.000000000000e+00,        +1.011074096532e-12,        +1.429632304003e-12,        +0.000000000000e+00,        +0.000000000000e+00,        +1.010074000222e-12,        +1.429512850298e-12,        +0.000000000000e+00,        +0.000000000000e+00,        +1.010848755647e-12,        +1.430468441229e-12,        +0.000000000000e+00,        +0.000000000000e+00
 1.20000000e+02,        +1.031717644038e-12,        +1.445116084741e-12,        +0.000000000000e+00,        +0.000000000000e+00,        +1.033324479400e-12,        +1.445963207291e-12,        +0.000000000000e+00,        +0.000000000000e+00,        +1.032283808488e-12,        +1.445827145243e-12,        +0.000000000000e+00,        +0.000000000000e+00,        +1.033105674760e-12,        +1.446798122922e-12,        +0.000000000000e+00,        +0.000000000000e+00
 1.21600000e+02,        +1.054761425860e-12,        +1.461369450739e-12,        +0.000000000000e+00,        +0.000000000000e+00,        +1.056440149878e-12,        +1.462265665774e-12,        +0.000000000000e+00,        +0.000000000000e+00,        +1.055358470968e-12,        +1.462113682883e-12,        +0.000000000000e+00,        +0.000000000000e+00,        +1.056228658486e-12,        +1.463099226841e-12,        +0.000000000000e+00,        +0.000000000000e+00
 1.23200000e+02,        +1.078632908021e-12,        +1.477539287986e-12,        +0.000000000000e+00,        +0.000000000000e+00,        +1.080384753557e-12,        +1.478483439870e-12,        +0.000000000000e+00,        +0.000000000000e+00,        +1.079261868812e-12,        +1.478316464512e-12,        +0.000000000000e+00,        +0.000000000000e+00,        +1.080181393071e-12,        +1.479315540341e-12,        +0.000000000000e+00,        +0.000000000000e+00
 1.24800000e+02,        +1.103287386302e-12,        +1.493564822846e-12,        +0.000000000000e+00,        +0.000000000000e+00,        +1.105113250210e-12,        +1.494555325209e-12,        +0.000000000000e+00,        +0.000000000000e+00,        +1.103949237002e-12,        +1.494374549555e-12,        +0.000000000000e+00,        +0.000000000000e+00,        +1.104918879189e-12,        +1.495385888541e-12,        +0.000000000000e+00,        +0.000000000000e+00
 1.26400000e+02,        +1.128671009434e-12,        +1.509380513888e-12,        +0.000000000000e+00,        +0.000000000000e+00,        +1.130571394377e-12,        +1.510415313519e-12,        +0.000000000000e+00,        +0.000000000000e+00,        +1.129366647176e-12,        +1.510222215812e-12,        +0.000000000000e+00,        +0.000000000000e+00,        +1.130386912059e-12,        +1.511244295136e-12,        +0.000000000000e+00,        +0.000000000000e+00
 1.28000000e+02,        +1.154720371471e-12,        +1.524916334424e-12,        +0.000000000000e+00,        +0.000000000000e+00,        +1.156695324952e-12,        +1.525992877250e-12,        +0.000000000000e+00,        +0.000000000000e+00,        +1.155450598862e-12,        +1.525789242783e-12,        +0.000000000000e+00,        +0.000000000000e+00,        +1.156521670489e-12,        +1.526820266890e-12,        +0.000000000000e+00,        +0.000000000000e+00
 1.29600000e+02,        +1.181362244406e-12,        +1.540098190732e-12,        +0.000000000000e+00,        +0.000000000000e+00,        +1.183411296023e-12,        +1.541213391106e-12,        +0.000000000000e+00,        +0.000000000000e+00,        +1.182127751184e-12,        +1.541001331088e-12,        +0.000000000000e+00,        +0.000000000000e+00,        +1.183249447082e-12,        +1.542039214945e-12,        +0.000000000000e+00,        +0.000000000000e+00
 1.31200000e+02,        +1.208513483533e-12,        +1.554848485693e-12,        +0.000000000000e+00,        +0.000000000000e+00,        +1.210635581719e-12,        +1.555998700313e-12,        +0.000000000000e+00,        +0.000000000000e+00,        +1.209314827598e-12,        +1.555780667774e-12,        +0.000000000000e+00,        +0.000000000000e+00,        +1.210486552370e-12,        +1.556823022792e-12,        +0.000000000000e+00,        +0.000000000000e+00
 1.32800000e+02,        +1.236081136729e-12,        +1.569086832984e-12,        +0.000000000000e+00,        +0.000000000000e+00,        +1.238274586535e-12,        +1.570267840904e-12,        +0.000000000000e+00,        +0.000000000000e+00,        +1.236918724931e-12,        +1.570046642658e-12,        +0.000000000000e+00,        +0.000000000000e+00,        +1.238139424347e-12,        +1.571090766151e-12,        +0.000000000000e+00,        +0.000000000000e+00
 1.34400000e+02,        +1.263962785393e-12,        +1.582730921008e-12,        +0.000000000000e+00,        +0.000000000000e+00,        +1.266225189124e-12,        +1.583937911231e-12,        +0.000000000000e+00,        +0.000000000000e+00,        +1.264836854511e-12,        +1.583716714904e-12,        +0.000000000000e+00,        +0.000000000000e+00,        +1.266104971404e-12,        +1.584759583991e-12,        +0.000000000000e+00,        +0.000000000000e+00
 1.36000000e+02,        +1.292047138833e-12,        +1.595697518527e-12,        +0.000000000000e+00,        +0.000000000000e+00,        +1.294375341590e-12,        +1.596925086693e-12,        +0.000000000000e+00,        +0.000000000000e+00,        +1.292957737271e-12,        +1.596707421791e-12,        +0.000000000000e+00,        +0.000000000000e+00,        +1.294271170704e-12,        +1.597745692663e-12,        +0.000000000000e+00,        +0.000000000000e+00
 1.37600000e+02,        +1.320214895350e-12,        +1.607903605748e-12,        +0.000000000000e+00,        +0.000000000000e+00,        +1.322604937740e-12,        +1.609145761356e-12,        +0.000000000000e+00,        +0.000000000000e+00,        +1.321161866119e-12,        +1.608935513383e-12,        +0.000000000000e+00,        +0.000000000000e+00,        +1.322517935471e-12,        +1.609965526827e-12,        +0.000000000000e+00,        +0.000000000000e+00
 1.39200000e+02,        +1.348339872268e-12,        +1.619267605854e-12,        +0.000000000000e+00,        +0.000000000000e+00,        +1.350786952629e-12,        +1.620517791292e-12,        +0.000000000000e+00,        +0.000000000000e+00,        +1.349322837871e-12,        +1.620319188014e-12,        +0.000000000000e+00,        +0.000000000000e+00,        +1.350718253566e-12,        +1.621336982028e-12,        +0.000000000000e+00,        +0.000000000000e+00
 1.40800000e+02,        +1.376290393887e-12,        +1.629710683233e-12,        +0.000000000000e+00,        +0.000000000000e+00,        +1.378788842438e-12,        +1.630961805666e-12,        +0.000000000000e+00,        +0.000000000000e+00,        +1.377308743743e-12,        +1.630779394772e-12,        +0.000000000000e+00,        +0.000000000000e+00,        +1.378739586386e-12,        +1.631780724937e-12,        +0.000000000000e+00,        +0.000000000000e+00
 1.42400000e+02,        +1.403930911688e-12,        +1.639158066706e-12,        +0.000000000000e+00,        +0.000000000000e+00,        +1.406474178907e-12,        +1.640402543538e-12,        +0.000000000000e+00,        +0.000000000000e+00,        +1.404983792715e-12,        +1.640241161133e-12,        +0.000000000000e+00,        +0.000000000000e+00,        +1.406445502364e-12,        +1.641221529273e-12,        +0.000000000000e+00,        +0.000000000000e+00
 1.44000000e+02,        +1.431123815869e-12,        +1.647540349739e-12,        +0.000000000000e+00,        +0.000000000000e+00,        +1.433704477199e-12,        +1.648770167929e-12,        +0.000000000000e+00,        +0.000000000000e+00,        +1.432210126810e-12,        +1.648634897597e-12,        +0.000000000000e+00,        +0.000000000000e+00,        +1.433697503954e-12,        +1.649589588973e-12,        +0.000000000000e+00,        +0.000000000000e+00
 1.45600000e+02,        +1.457731382780e-12,        +1.654794715731e-12,        +0.000000000000e+00,        +0.000000000000e+00,        +1.460341161413e-12,        +1.656001504779e-12,        +0.000000000000e+00,        +0.000000000000e+00,        +1.458849772754e-12,        +1.655897627236e-12,        +0.000000000000e+00,        +0.000000000000e+00,        +1.460356992360e-12,        +1.656821756258e-12,        +0.000000000000e+00,        +0.000000000000e+00
 1.47200000e+02,        +1.483617790374e-12,        +1.660866035771e-12,        +0.000000000000e+00,        +0.000000000000e+00,        +1.486247599402e-12,        +1.662041153624e-12,        +0.000000000000e+00,        +0.000000000000e+00,        +1.484766662066e-12,        +1.661974087383e-12,        +0.000000000000e+00,        +0.000000000000e+00,        +1.486287301695e-12,        +1.662862651484e-12,        +0.000000000000e+00,        +0.000000000000e+00
 1.48800000e+02,        +1.508651124933e-12,        +1.665707789306e-12,        +0.000000000000e+00,        +0.000000000000e+00,        +1.511291129531e-12,        +1.666842419894e-12,        +0.000000000000e+00,        +0.000000000000e+00,        +1.509828642628e-12,        +1.666817653713e-12,        +0.000000000000e+00,        +0.000000000000e+00,        +1.511355725225e-12,        +1.667665594696e-12,        +0.000000000000e+00,        +0.000000000000e+00
 1.50400000e+02,        +1.532705298101e-12,        +1.669282765104e-12,        +0.000000000000e+00,        +0.000000000000e+00,        +1.535344997753e-12,        +1.670368025641e-12,        +0.000000000000e+00,        +0.000000000000e+00,        +1.533909400649e-12,        +1.670391043933e-12,        +0.000000000000e+00,        +0.000000000000e+00,        +1.535435452116e-12,        +1.671193315729e-12,        +0.000000000000e+00,        +0.000000000000e+00
 1.52000000e+02,        +1.555661794841e-12,        +1.671563510595e-12,        +0.000000000000e+00,        +0.000000000000e+00,        +1.558290124852e-12,        +1.672590566281e-12,        +0.000000000000e+00,        +0.000000000000e+00,        +1.556890213428e-12,        +1.672666769039e-12,        +0.000000000000e+00,        +0.000000000000e+00,        +1.558407334521e-12,        +1.673418410499e-12,        +0.000000000000e+00,        +0.000000000000e+00
 1.53600000e+02,        +1.577411180493e-12,        +1.672532511504e-12,        +0.000000000000e+00,        +0.000000000000e+00,        +1.580016631257e-12,        +1.673492694843e-12,        +0.000000000000e+00,        +0.000000000000e+00,        +1.578661460891e-12,        +1.673627313927e-12,        +0.000000000000e+00,        +0.000000000000e+00,        +1.580161412461e-12,        +1.674323524974e-12,        +0.000000000000e+00,        +0.000000000000e+00
 1.55200000e+02,        +1.597854308580e-12,        +1.672182099617e-12,        +0.000000000000e+00,        +0.000000000000e+00,        +1.600425060350e-12,        +1.673067031250e-12,        +0.000000000000e+00,        +0.000000000000e+00,        +1.599123837380e-12,        +1.673265045148e-12,        +0.000000000000e+00,        +0.000000000000e+00,        +1.600598137405e-12,        +1.673901264378e-12,        +0.000000000000e+00,        +0.000000000000e+00
 1.56800000e+02,        +1.616903189432e-12,        +1.670514103203e-12,        +0.000000000000e+00,        +0.000000000000e+00,        +1.619427259650e-12,        +1.671315810975e-12,        +0.000000000000e+00,        +0.000000000000e+00,        +1.618189223591e-12,        +1.671581860324e-12,        +0.000000000000e+00,        +0.000000000000e+00,        +1.619629253938e-12,        +1.672153842003e-12,        +0.000000000000e+00,        +0.000000000000e+00
 1.58400000e+02,        +1.634481501615e-12,        +1.667539270562e-12,        +0.000000000000e+00,        +0.000000000000e+00,        +1.636946901309e-12,        +1.668250303534e-12,        +0.000000000000e+00,        +0.000000000000e+00,        +1.635781200501e-12,        +1.668588609740e-12,        +0.000000000000e+00,        +0.000000000000e+00,        +1.637178320962e-12,        +1.669092498055e-12,        +0.000000000000e+00,        +0.000000000000e+00
 1.60000000e+02,        +1.650524751631e-12,        +1.663276510855e-12,        +0.000000000000e+00,        +0.000000000000e+00,        +1.652919646975e-12,        +1.663890045088e-12,        +0.000000000000e+00,        +0.000000000000e+00,        +1.651835210659e-12,        +1.664304334343e-12,        +0.000000000000e+00,        +0.000000000000e+00,        +1.653180877455e-12,        +1.664736732832e-12,        +0.000000000000e+00,        +0.000000000000e+00
 1.61600000e+02,        +1.664980110175e-12,        +1.657752006454e-12,        +0.000000000000e+00,        +0.000000000000e+00,        +1.667292985056e-12,        +1.658261939677e-12,        +0.000000000000e+00,        +0.000000000000e+00,        +1.666298395084e-12,        +1.658755374550e-12,        +0.000000000000e+00,        +0.000000000000e+00,        +1.667584280831e-12,        +1.659113408710e-12,        +0.000000000000e+00,        +0.000000000000e+00
 1.63200000e+02,        +1.677805973313e-12,        +1.650998256619e-12,        +0.000000000000e+00,        +0.000000000000e+00,        +1.680025788690e-12,        +1.651399289295e-12,        +0.000000000000e+00,        +0.000000000000e+00,        +1.679129154111e-12,        +1.651974409807e-12,        +0.000000000000e+00,        +0.000000000000e+00,        +1.680347266191e-12,        +1.652255781135e-12,        +0.000000000000e+00,        +0.000000000000e+00
 1.64800000e+02,        +1.688971312372e-12,        +1.643053112810e-12,        +0.000000000000e+00,        +0.000000000000e+00,        +1.691087658314e-12,        +1.643340813613e-12,        +0.000000000000e+00,        +0.000000000000e+00,        +1.690296496032e-12,        +1.643999489437e-12,        +0.000000000000e+00,        +0.000000000000e+00,        +1.691439290328e-12,        +1.644202519398e-12,        +0.000000000000e+00,        +0.000000000000e+00
 1.66400000e+02,        +1.698454885746e-12,        +1.633958861526e-12,        +0.000000000000e+00,        +0.000000000000e+00,        +1.700458122313e-12,        +1.634129715813e-12,        +0.000000000000e+00,        +0.000000000000e+00,        +1.699779246810e-12,        +1.634873110819e-12,        +0.000000000000e+00,        +0.000000000000e+00,        +1.700839733974e-12,        +1.634996773597e-12,        +0.000000000000e+00,        +0.000000000000e+00
 1.68000000e+02,        +1.706244388582e-12,        +1.623761401619e-12,        +0.000000000000e+00,        +0.000000000000e+00,        +1.708125772128e-12,        +1.623812842094e-12,        +0.000000000000e+00,        +0.000000000000e+00,        +1.707565196959e-12,        +1.624641392080e-12,        +0.000000000000e+00,        +0.000000000000e+00,        +1.708537038622e-12,        +1.624685335327e-12,        +0.000000000000e+00,        +0.000000000000e+00
 1.69600000e+02,        +1.712335612357e-12,        +1.612509550791e-12,        +0.000000000000e+00,        +0.000000000000e+00,        +1.714087404349e-12,        +1.612439970144e-12,        +0.000000000000e+00,        +0.000000000000e+00,        +1.713650257729e-12,        +1.613353374160e-12,        +0.000000000000e+00,        +0.000000000000e+00,        +1.714527850466e-12,        +1.613317927355e-12,        +0.000000000000e+00,        +0.000000000000e+00
 1.71200000e+02,        +1.716731676464e-12,        +1.600254501488e-12,        +0.000000000000e+00,        +0.000000000000e+00,        +1.718347232543e-12,        +1.600063247402e-12,        +0.000000000000e+00,        +0.000000000000e+00,        +1.718037688895e-12,        +1.601060472631e-12,        +0.000000000000e+00,        +0.000000000000e+00,        +1.718816234141e-12,        +1.600946643044e-12,        +0.000000000000e+00,        +0.000000000000e+00
 1.72800000e+02,        +1.719442379272e-12,        +1.587049431332e-12,        +0.000000000000e+00,        +0.000000000000e+00,        +1.720916216942e-12,        +1.586736784767e-12,        +0.000000000000e+00,        +0.000000000000e+00,        +1.720737445776e-12,        +1.587816084539e-12,        +0.000000000000e+00,        +0.000000000000e+00,        +1.721413004387e-12,        +1.587625541161e-12,        +0.000000000000e+00,        +0.000000000000e+00
 1.74400000e+02,        +1.720483698495e-12,        +1.572949258810e-12,        +0.000000000000e+00,        +0.000000000000e+00,        +1.721811542504e-12,        +1.572516396947e-12,        +0.000000000000e+00,        +0.000000000000e+00,        +1.721765675483e-12,        +1.573675341083e-12,        +0.000000000000e+00,        +0.000000000000e+00,        +1.722335206106e-12,        +1.573410387232e-12,        +0.000000000000e+00,        +0.000000000000e+00
 1.76000000e+02,        +1.719877451787e-12,        +1.558010522589e-12,        +0.000000000000e+00,        +0.000000000000e+00,        +1.721056256984e-12,        +1.557459468201e-12,        +0.000000000000e+00,        +0.000000000000e+00,        +1.721144373497e-12,        +1.558694984572e-12,        +0.000000000000e+00,        +0.000000000000e+00,        +1.721605754405e-12,        +1.558358520153e-12,        +0.000000000000e+00,        +0.000000000000e+00
 1.77600000e+02,        +1.717651110277e-12,        +1.542291353389e-12,        +0.000000000000e+00,        +0.000000000000e+00,        +1.718679062372e-12,        +1.541624912726e-12,        +0.000000000000e+00,        +0.000000000000e+00,        +1.718901193431e-12,        +1.542933338654e-12,        +0.000000000000e+00,        +0.000000000000e+00,        +1.719253227921e-12,        +1.542528813277e-12,        +0.000000000000e+00,        +0.000000000000e+00
 1.79200000e+02,        +1.713837741775e-12,        +1.525851501557e-12,        +0.000000000000e+00,        +0.000000000000e+00,        +1.714714237055e-12,        +1.525073192997e-12,        +0.000000000000e+00,        +0.000000000000e+00,        +1.715069386842e-12,        +1.526450334943e-12,        +0.000000000000e+00,        +0.000000000000e+00,        +1.715311792739e-12,        +1.525981693279e-12,        +0.000000000000e+00,        +0.000000000000e+00
 1.80800000e+02,        +1.708476047996e-12,        +1.508752381486e-12,        +0.000000000000e+00,        +0.000000000000e+00,        +1.709201653602e-12,        +1.507866357360e-12,        +0.000000000000e+00,        +0.000000000000e+00,        +1.709687837567e-12,        +1.509307557230e-12,        +0.000000000000e+00,        +0.000000000000e+00,        +1.709821221735e-12,        +1.508779178031e-12,        +0.000000000000e+00,        +0.000000000000e+00
 1.82400000e+02,        +1.701610452166e-12,        +1.491057095747e-12,        +0.000000000000e+00,        +0.000000000000e+00,        +1.702186848972e-12,        +1.490068059692e-12,        +0.000000000000e+00,        +0.000000000000e+00,        +1.702801147014e-12,        +1.491568266062e-12,        +0.000000000000e+00,        +0.000000000000e+00,        +1.702826966066e-12,        +1.490984896330e-12,        +0.000000000000e+00,        +0.000000000000e+00
 1.84000000e+02,        +1.693291190124e-12,        +1.472830406712e-12,        +0.000000000000e+00,        +0.000000000000e+00,        +1.693721100615e-12,        +1.471743528838e-12,        +0.000000000000e+00,        +0.000000000000e+00,        +1.694459723572e-12,        +1.473297371432e-12,        +0.000000000000e+00,        +0.000000000000e+00,        +1.694380232235e-12,        +1.472664057110e-12,        +0.000000000000e+00,        +0.000000000000e+00
 1.85600000e+02,        +1.683574359476e-12,        +1.454138630858e-12,        +0.000000000000e+00,        +0.000000000000e+00,        +1.683861463238e-12,        +1.452959462782e-12,        +0.000000000000e+00,        +0.000000000000e+00,        +1.684719830717e-12,        +1.454561328644e-12,        +0.000000000000e+00,        +0.000000000000e+00,        +1.684538019429e-12,        +1.453883343135e-12,        +0.000000000000e+00,        +0.000000000000e+00
 1.87200000e+02,        +1.672521886841e-12,        +1.435049439947e-12,        +0.000000000000e+00,        +0.000000000000e+00,        +1.672670726325e-12,        +1.433783831434e-12,        +0.000000000000e+00,        +0.000000000000e+00,        +1.673643553763e-12,        +1.435427941393e-12,        +0.000000000000e+00,        +0.000000000000e+00,        +1.673363077192e-12,        +1.434710713032e-12,        +0.000000000000e+00,        +0.000000000000e+00
 1.88800000e+02,        +1.660201381891e-12,        +1.415631562912e-12,        +0.000000000000e+00,        +0.000000000000e+00,        +1.660217261094e-12,        +1.414285581482e-12,        +0.000000000000e+00,        +0.000000000000e+00,        +1.661298653901e-12,        +1.415966065669e-12,        +0.000000000000e+00,        +0.000000000000e+00,        +1.660923752085e-12,        +1.415215105139e-12,        +0.000000000000e+00,        +0.000000000000e+00
 1.90400000e+02,        +1.646685857730e-12,        +1.395954391640e-12,        +0.000000000000e+00,        +0.000000000000e+00,        +1.646574736204e-12,        +1.394534246054e-12,        +0.000000000000e+00,        +0.000000000000e+00,        +1.647758288878e-12,        +1.396245217436e-12,        +0.000000000000e+00,        +0.000000000000e+00,        +1.647293702677e-12,        +1.395466045982e-12,        +0.000000000000e+00,        +0.000000000000e+00
 1.92000000e+02,        +1.632053308840e-12,        +1.376087502137e-12,        +0.000000000000e+00,        +0.000000000000e+00,        +1.631821693184e-12,        +1.374599470234e-12,        +0.000000000000e+00,        +0.000000000000e+00,        +1.633100591367e-12,        +1.376335095279e-12,        +0.000000000000e+00,        +0.000000000000e+00,        +1.632551473873e-12,        +1.375533174485e-12,        +0.000000000000e+00,        +0.000000000000e+00
 1.93600000e+02,        +1.616386149335e-12,        +1.356100109154e-12,        +0.000000000000e+00,        +0.000000000000e+00,        +1.616040984000e-12,        +1.354550470123e-12,        +0.000000000000e+00,        +0.000000000000e+00,        +1.617408107544e-12,        +1.356305035825e-12,        +0.000000000000e+00,        +0.000000000000e+00,        +1.616779933068e-12,        +1.355485699727e-12,        +0.000000000000e+00,        +0.000000000000e+00
 1.95200000e+02,        +1.599770524623e-12,        +1.336060476910e-12,        +0.000000000000e+00,        +0.000000000000e+00,        +1.599319083512e-12,        +1.334455447789e-12,        +0.000000000000e+00,        +0.000000000000e+00,        +1.600767108780e-12,        +1.336223424369e-12,        +0.000000000000e+00,        +0.000000000000e+00,        +1.600065581010e-12,        +1.335391814724e-12,        +0.000000000000e+00,        +0.000000000000e+00
 1.96800000e+02,        +1.582295517942e-12,        +1.316035310870e-12,        +0.000000000000e+00,        +0.000000000000e+00,        +1.581745298040e-12,        +1.314380986961e-12,        +0.000000000000e+00,        +0.000000000000e+00,        +1.583266797770e-12,        +1.316157085540e-12,        +0.000000000000e+00,        +0.000000000000e+00,        +1.582497758698e-12,        +1.315318091220e-12,        +0.000000000000e+00,        +0.000000000000e+00
 1.98400000e+02,        +1.564052279283e-12,        +1.296089155791e-12,        +0.000000000000e+00,        +0.000000000000e+00,        +1.563410897406e-12,        +1.294391454717e-12,        +0.000000000000e+00,        +0.000000000000e+00,        +1.564998436557e-12,        +1.296170679255e-12,        +0.000000000000e+00,        +0.000000000000e+00,        +1.564167777823e-12,        +1.295328880879e-12,        +0.000000000000e+00,        +0.000000000000e+00
 2.00000000e+02,        +1.545133107648e-12,        +1.276283823603e-12,        +0.000000000000e+00,        +0.000000000000e+00,        +1.544408201366e-12,        +1.274548433023e-12,        +0.000000000000e+00,        +0.000000000000e+00,        +1.546054427444e-12,        +1.276326125738e-12,        +0.000000000000e+00,        +0.000000000000e+00,        +1.545168005783e-12,        +1.275485746803e-12,        +0.000000000000e+00,        +0.000000000000e+00
 2.01600000e+02,        +1.525630518582e-12,        +1.256677871665e-12,        +0.000000000000e+00,        +0.000000000000e+00,        +1.524829652497e-12,        +1.254910201027e-12,        +0.000000000000e+00,        +0.000000000000e+00,        +1.526527378899e-12,        +1.256682080455e-12,        +0.000000000000e+00,        +0.000000000000e+00,        +1.525590937419e-12,        +1.255846946357e-12,        +0.000000000000e+00,        +0.000000000000e+00
 2.03200000e+02,        +1.505636327684e-12,        +1.237326147872e-12,        +0.000000000000e+00,        +0.000000000000e+00,        +1.504766906444e-12,        +1.235531285079e-12,        +0.000000000000e+00,        +0.000000000000e+00,        +1.506509187381e-12,        +1.237293475914e-12,        +0.000000000000e+00,        +0.000000000000e+00,        +1.505528284426e-12,        +1.236466982224e-12,        +0.000000000000e+00,        +0.000000000000e+00
 2.04800000e+02,        +1.485240777844e-12,        +1.218279414534e-12,        +0.000000000000e+00,        +0.000000000000e+00,        +1.484309967514e-12,        +1.216462088865e-12,        +0.000000000000e+00,        +0.000000000000e+00,        +1.486090163106e-12,        +1.218211142694e-12,        +0.000000000000e+00,        +0.000000000000e+00,        +1.485070110427e-12,        +1.217396234020e-12,        +0.000000000000e+00,        +0.000000000000e+00
 2.06400000e+02,        +1.464531733674e-12,        +1.199584058301e-12,        +0.000000000000e+00,        +0.000000000000e+00,        +1.463546393292e-12,        +1.197748611268e-12,        +0.000000000000e+00,        +0.000000000000e+00,        +1.465358223487e-12,        +1.199481517397e-12,        +0.000000000000e+00,        +0.000000000000e+00,        +1.464304035338e-12,        +1.198680677939e-12,        +0.000000000000e+00,        +0.000000000000e+00
 2.08000000e+02,        +1.443593961630e-12,        +1.181281888982e-12,        +0.000000000000e+00,        +0.000000000000e+00,        +1.442560586833e-12,        +1.179432254965e-12,        +0.000000000000e+00,        +0.000000000000e+00,        +1.444398172905e-12,        +1.181146440660e-12,        +0.000000000000e+00,        +0.000000000000e+00,        +1.443314527507e-12,        +1.180361697286e-12,        +0.000000000000e+00,        +0.000000000000e+00
 2.09600000e+02,        +1.422508508952e-12,        +1.163410026192e-12,        +0.000000000000e+00,        +0.000000000000e+00,        +1.421433189454e-12,        +1.161549724580e-12,        +0.000000000000e+00,        +0.000000000000e+00,        +1.423291082057e-12,        +1.163243044301e-12,        +0.000000000000e+00,        +0.000000000000e+00,        +1.422182296549e-12,        +1.162475982496e-12,        +0.000000000000e+00,        +0.000000000000e+00
 2.11200000e+02,        +1.401352189363e-12,        +1.146000869532e-12,        +0.000000000000e+00,        +0.000000000000e+00,        +1.400240581684e-12,        +1.144133009650e-12,        +0.000000000000e+00,        +0.000000000000e+00,        +1.402113774794e-12,        +1.145803723209e-12,        +0.000000000000e+00,        +0.000000000000e+00,        +1.400983794334e-12,        +1.145055515730e-12,        +0.000000000000e+00,        +0.000000000000e+00
 2.12800000e+02,        +1.380197178611e-12,        +1.129082145435e-12,        +0.000000000000e+00,        +0.000000000000e+00,        +1.379054494799e-12,        +1.127209444796e-12,        +0.000000000000e+00,        +0.000000000000e+00,        +1.380938425417e-12,        +1.128856184945e-12,        +0.000000000000e+00,        +0.000000000000e+00,        +1.379790826447e-12,        +1.128127632237e-12,        +0.000000000000e+00,        +0.000000000000e+00
 2.14400000e+02,        +1.359110718699e-12,        +1.112677022069e-12,        +0.000000000000e+00,        +0.000000000000e+00,        +1.357941730896e-12,        +1.110801837464e-12,        +0.000000000000e+00,        +0.000000000000e+00,        +1.359832265078e-12,        +1.112423568045e-12,        +0.000000000000e+00,        +0.000000000000e+00,        +1.358670271978e-12,        +1.111715148700e-12,        +0.000000000000e+00,        +0.000000000000e+00
 2.16000000e+02,        +1.338154926104e-12,        +1.096804282513e-12,        +0.000000000000e+00,        +0.000000000000e+00,        +1.336963985700e-12,        +1.094928652284e-12,        +0.000000000000e+00,        +0.000000000000e+00,        +1.338857392353e-12,        +1.096524618845e-12,        +0.000000000000e+00,        +0.000000000000e+00,        +1.337683905794e-12,        +1.095836547528e-12,        +0.000000000000e+00,        +0.000000000000e+00
 2.17600000e+02,        +1.317386696499e-12,        +1.081478545861e-12,        +0.000000000000e+00,        +0.000000000000e+00,        +1.316177765540e-12,        +1.079604240589e-12,        +0.000000000000e+00,        +0.000000000000e+00,        +1.318070680247e-12,        +1.081173916067e-12,        +0.000000000000e+00,        +0.000000000000e+00,        +1.316888314687e-12,        +1.080506205598e-12,        +0.000000000000e+00,        +0.000000000000e+00
 2.19200000e+02,        +1.296857696424e-12,        +1.066710525846e-12,        +0.000000000000e+00,        +0.000000000000e+00,        +1.295634387945e-12,        +1.064839103742e-12,        +0.000000000000e+00,        +0.000000000000e+00,        +1.297523769868e-12,        +1.066382132354e-12,        +0.000000000000e+00,        +0.000000000000e+00,        +1.296334896890e-12,        +1.065734656182e-12,        +0.000000000000e+00,        +0.000000000000e+00
 2.20800000e+02,        +1.276614430960e-12,        +1.052507316760e-12,        +0.000000000000e+00,        +0.000000000000e+00,        +1.275380054333e-12,        +1.050640179628e-12,        +0.000000000000e+00,        +0.000000000000e+00,        +1.277263139672e-12,        +1.052156322311e-12,        +0.000000000000e+00,        +0.000000000000e+00,        +1.276069933497e-12,        +1.051528873548e-12,        +0.000000000000e+00,        +0.000000000000e+00
 2.22400000e+02,        +1.256698375738e-12,        +1.038872697077e-12,        +0.000000000000e+00,        +0.000000000000e+00,        +1.255455982940e-12,        +1.037011142743e-12,        +0.000000000000e+00,        +0.000000000000e+00,        +1.257330238528e-12,        +1.038500227312e-12,        +0.000000000000e+00,        +0.000000000000e+00,        +1.256134720044e-12,        +1.037892570891e-12,        +0.000000000000e+00,        +0.000000000000e+00
 2.24000000e+02,        +1.237146161392e-12,        +1.025807441935e-12,        +0.000000000000e+00,        +0.000000000000e+00,        +1.235898590495e-12,        +1.023952709687e-12,        +0.000000000000e+00,        +0.000000000000e+00,        +1.237761670725e-12,        +1.025414588292e-12,        +0.000000000000e+00,        +0.000000000000e+00,        +1.236565746873e-12,        +1.024826503643e-12,        +0.000000000000e+00,        +0.000000000000e+00
 2.25600000e+02,        +1.217989798912e-12,        +1.013309636655e-12,        +0.000000000000e+00,        +0.000000000000e+00,        +1.216739711882e-12,        +1.011462943259e-12,        +0.000000000000e+00,        +0.000000000000e+00,        +1.218589421461e-12,        +1.012897458832e-12,        +0.000000000000e+00,        +0.000000000000e+00,        +1.217394917650e-12,        +1.012328771589e-12,        +0.000000000000e+00,        +0.000000000000e+00
 2.27200000e+02,        +1.199256935070e-12,        +1.001374984624e-12,        +0.000000000000e+00,        +0.000000000000e+00,        +1.198006848042e-12,        +9.995375497741e-13,        +0.000000000000e+00,        +0.000000000000e+00,        +1.199841112080e-12,        +1.000944512126e-12,        +0.000000000000e+00,        +0.000000000000e+00,        +1.198649796373e-12,        +1.000395114595e-12,        +0.000000000000e+00,        +0.000000000000e+00
 2.28800000e+02,        +1.180971128106e-12,        +9.899971041305e-13,        +0.000000000000e+00,        +0.000000000000e+00,        +1.179723433455e-12,        +9.881701654183e-13,        +0.000000000000e+00,        +0.000000000000e+00,        +1.181540275408e-12,        +9.895493366631e-13,        +0.000000000000e+00,        +0.000000000000e+00,        +1.180353874267e-12,        +9.890191978662e-13,        +0.000000000000e+00,        +0.000000000000e+00
 2.30400000e+02,        +1.163152135127e-12,        +9.791678100066e-13,        +0.000000000000e+00,        +0.000000000000e+00,        +1.161909115656e-12,        +9.773526285258e-13,        +0.000000000000e+00,        +0.000000000000e+00,        +1.163706642747e-12,        +9.787037167143e-13,        +0.000000000000e+00,        +0.000000000000e+00,        +1.162526849029e-12,        +9.781928836434e-13,        +0.000000000000e+00,        +0.000000000000e+00
 2.32000000e+02,        +1.145816203953e-12,        +9.688773771373e-13,        +0.000000000000e+00,        +0.000000000000e+00,        +1.144580040287e-12,        +9.670752355335e-13,        +0.000000000000e+00,        +0.000000000000e+00,        +1.146356435349e-12,        +9.683978948597e-13,        +0.000000000000e+00,        +0.000000000000e+00,        +1.145184909901e-12,        +9.679064870557e-13,        +0.000000000000e+00,        +0.000000000000e+00
 2.33600000e+02,        +1.128976363473e-12,        +9.591147839912e-13,        +0.000000000000e+00,        +0.000000000000e+00,        +1.127749136166e-12,        +9.573269790700e-13,        +0.000000000000e+00,        +0.000000000000e+00,        +1.129502654512e-12,        +9.586208148127e-13,        +0.000000000000e+00,        +0.000000000000e+00,        +1.128341022993e-12,        +9.581490144844e-13,        +0.000000000000e+00,        +0.000000000000e+00
 2.35200000e+02,        +1.112642707765e-12,        +9.498679352414e-13,        +0.000000000000e+00,        +0.000000000000e+00,        +1.111426395791e-12,        +9.480957672361e-13,        +0.000000000000e+00,        +0.000000000000e+00,        +1.113155365549e-12,        +9.493603436419e-13,        +0.000000000000e+00,        +0.000000000000e+00,        +1.112005212209e-12,        +9.489083833853e-13,        +0.000000000000e+00,        +0.000000000000e+00
 2.36800000e+02,        +1.096822670352e-12,        +9.411238632832e-13,        +0.000000000000e+00,        +0.000000000000e+00,        +1.095619147519e-12,        +9.393686236323e-13,        +0.000000000000e+00,        +0.000000000000e+00,        +1.097321972019e-12,        +9.406034731742e-13,        +0.000000000000e+00,        +0.000000000000e+00,        +1.096184831953e-12,        +9.401716230102e-13,        +0.000000000000e+00,        +0.000000000000e+00
 2.38400000e+02,        +1.081521285886e-12,        +9.328689090140e-13,        +0.000000000000e+00,        +0.000000000000e+00,        +1.080332316492e-12,        +9.311318681159e-13,        +0.000000000000e+00,        +0.000000000000e+00,        +1.082007477475e-12,        +9.323365008920e-13,        +0.000000000000e+00,        +0.000000000000e+00,        +1.080884828622e-12,        +9.319250559087e-13,        +0.000000000000e+00,        +0.000000000000e+00
 2.40000000e+02,        +1.066741437355e-12,        +9.250888826440e-13,        +0.000000000000e+00,        +0.000000000000e+00,        +1.065568672082e-12,        +9.233712786341e-13,        +0.000000000000e+00,        +0.000000000000e+00,        +1.067214732806e-12,        +9.245451910226e-13,        +0.000000000000e+00,        +0.000000000000e+00,        +1.066107988617e-12,        +9.241544604837e-13,        +0.000000000000e+00,        +0.000000000000e+00
