        f (GHz),             |S[1][1]| (dB),        arg(S[1][1]) (deg.),             |S[2][1]| (dB),        arg(S[2][1]) (deg.),             |S[3][1]| (dB),        arg(S[3][1]) (deg.),             |S[4][1]| (dB),        arg(S[4][1]) (deg.),             |S[1][2]| (dB),        arg(S[1][2]) (deg.),             |S[2][2]| (dB),        arg(S[2][2]) (deg.),             |S[3][2]| (dB),        arg(S[3][2]) (deg.),             |S[4][2]| (dB),        arg(S[4][2]) (deg.),             |S[1][3]| (dB),        arg(S[1][3]) (deg.),             |S[2][3]| (dB),        arg(S[2][3]) (deg.),             |S[3][3]| (dB),        arg(S[3][3]) (deg.),             |S[4][3]| (dB),        arg(S[4][3]) (deg.),             |S[1][4]| (dB),        arg(S[1][4]) (deg.),             |S[2][4]| (dB),        arg(S[2][4]) (deg.),             |S[3][4]| (dB),        arg(S[3][4]) (deg.),             |S[4][4]| (dB),        arg(S[4][4]) (deg.)
 8.00000000e+01,        -5.222955843953e+00,        +1.576742695227e+02,        -7.478354536041e+00,        -4.850364350038e+01,        -5.721715745624e+00,        -7.975015258073e+01,        -7.465065114390e+00,        -6.236333350830e+01,        -7.478354536041e+00,        -4.850364350038e+01,        -5.226339990589e+00,        +1.576978463596e+02,        -7.462350332776e+00,        -6.234925829193e+01,        -5.719865147846e+00,        -7.975584506997e+01,        -5.721715745624e+00,        -7.975015258073e+01,        -7.462350332776e+00,        -6.234925829193e+01,        -5.222712025512e+00,        +1.576802660423e+02,        -7.480962587028e+00,        -4.849901363938e+01,        -7.465065114390e+00,        -6.236333350830e+01,        -5.719865147846e+00,        -7.975584506997e+01,        -7.480962587028e+00,        -4.849901363938e+01,        -5.223045231865e+00,        +1.576497838852e+02
 8.16000000e+01,        -5.234300814620e+00,        +1.567345645399e+02,        -7.505252478469e+00,        -4.914102468249e+01,        -5.682138912214e+00,        -8.132972586919e+01,        -7.506988166457e+00,        -6.356309898858e+01,        -7.505252478469e+00,        -4.914102468249e+01,        -5.237849315985e+00,        +1.567582173633e+02,        -7.504162187719e+00,        -6.354907272347e+01,        -5.680208862750e+00,        -8.133581348709e+01,        -5.682138912214e+00,        -8.132972586919e+01,        -7.504162187719e+00,        -6.354907272347e+01,        -5.234063099905e+00,        +1.567401708627e+02,        -7.507960260498e+00,        -4.913581362477e+01,        -7.506988166457e+00,        -6.356309898858e+01,        -5.680208862749e+00,        -8.133581348709e+01,        -7.507960260498e+00,        -4.913581362477e+01,        -5.234439789354e+00,        +1.567087881067e+02
 8.32000000e+01,        -5.249125949741e+00,        +1.557739478819e+02,        -7.530196502853e+00,        -4.976249145664e+01,        -5.640808135327e+00,        -8.291538276444e+01,        -7.549504197270e+00,        -6.476726147836e+01,        -7.530196502853e+00,        -4.976249145664e+01,        -5.252847636202e+00,        +1.557976304450e+02,        -7.546564182938e+00,        -6.475330796708e+01,        -5.638796994468e+00,        -8.292188912588e+01,        -5.640808135327e+00,        -8.291538276444e+01,        -7.546564182938e+00,        -6.475330796708e+01,        -5.248895173870e+00,        +1.557791220424e+02,        -7.533003861312e+00,        -4.975665918596e+01,        -7.549504197270e+00,        -6.476726147836e+01,        -5.638796994468e+00,        -8.292188912588e+01,        -7.533003861312e+00,        -4.975665918596e+01,        -5.249319387154e+00,        +1.557468156931e+02
 8.48000000e+01,        -5.267580036053e+00,        +1.547921162256e+02,        -7.553005933403e+00,        -5.036820913272e+01,        -5.597721929097e+00,        -8.450776528984e+01,        -7.592685853418e+00,        -6.597645543413e+01,        -7.553005933403e+00,        -5.036820913272e+01,        -5.271484455677e+00,        +1.548157791148e+02,        -7.589628897148e+00,        -6.596259955736e+01,        -5.595628087867e+00,        -8.451471527238e+01,        -5.597721929097e+00,        -8.450776528984e+01,        -7.589628897148e+00,        -6.596259955736e+01,        -5.267357096722e+00,        +1.547968136165e+02,        -7.555912339800e+00,        -5.036171425139e+01,        -7.592685853418e+00,        -6.597645543413e+01,        -5.595628087867e+00,        -8.451471527238e+01,        -7.555912339800e+00,        -5.036171425139e+01,        -5.267833214703e+00,        +1.547635591610e+02
 8.64000000e+01,        -5.289821453152e+00,        +1.537887314700e+02,        -7.573491862132e+00,        -5.095841170301e+01,        -5.552883409408e+00,        -8.610753385038e+01,        -7.636616513692e+00,        -6.719133010793e+01,        -7.573491862132e+00,        -5.095841170301e+01,        -5.293918938728e+00,        +1.538123219175e+02,        -7.633439635174e+00,        -6.717759789175e+01,        -5.550705300222e+00,        -8.611495365277e+01,        -5.552883409408e+00,        -8.610753385038e+01,        -7.633439635174e+00,        -6.717759789175e+01,        -5.289607317307e+00,        +1.537929046368e+02,        -7.576496376787e+00,        -5.095121154088e+01,        -7.636616513692e+00,        -6.719133010793e+01,        -5.550705300222e+00,        -8.611495365277e+01,        -7.576496376787e+00,        -5.095121154088e+01,        -5.290140097129e+00,        +1.537586759505e+02
 8.80000000e+01,        -5.316019240375e+00,        +1.527634207395e+02,        -7.591457214434e+00,        -5.153341138118e+01,        -5.506300604440e+00,        -8.771536660476e+01,        -7.681391150248e+00,        -6.841254752671e+01,        -7.591457214434e+00,        -5.153341138118e+01,        -5.320320983108e+00,        +1.527868824200e+02,        -7.678091288439e+00,        -6.839896621732e+01,        -5.504036712763e+00,        -8.772328380587e+01,        -5.506300604440e+00,        -8.771536660476e+01,        -7.678091288439e+00,        -6.839896621732e+01,        -5.315814951499e+00,        +1.527670191551e+02,        -7.594558448064e+00,        -5.152546213730e+01,        -7.681391150248e+00,        -6.841254752671e+01,        -5.504036712763e+00,        -8.772328380587e+01,        -7.594558448064e+00,        -5.152546213730e+01,        -5.316409566365e+00,        +1.527317884027e+02
 8.96000000e+01,        -5.346354227042e+00,        +1.517157765013e+02,        -7.606696970256e+00,        -5.209360897473e+01,        -5.457986784085e+00,        -8.933195869786e+01,        -7.727117259671e+00,        -6.964078005804e+01,        -7.606696970256e+00,        -5.209360897473e+01,        -5.350872357782e+00,        +1.517390493084e+02,        -7.723691265288e+00,        -6.962737820509e+01,        -5.455635661167e+00,        -8.934040231585e+01,        -5.457986784085e+00,        -8.933195869786e+01,        -7.723691265288e+00,        -6.962737820509e+01,        -5.346160913125e+00,        +1.517187463181e+02,        -7.609893044958e+00,        -5.208486589525e+01,        -7.727117259671e+00,        -6.964078005804e+01,        -5.455635661167e+00,        -8.934040231585e+01,        -7.609893044958e+00,        -5.208486589525e+01,        -5.346822996163e+00,        +1.516824838479e+02
 9.12000000e+01,        -5.381020233374e+00,        +1.506453567983e+02,        -7.618998571668e+00,        -5.263950504412e+01,        -5.407960808455e+00,        -9.095802132807e+01,        -7.773915868585e+00,        -7.087670749077e+01,        -7.618998571668e+00,        -5.263950504412e+01,        -5.385767912336e+00,        +1.506683766015e+02,        -7.770360495785e+00,        -7.086351504047e+01,        -5.405521085257e+00,        -9.096702187944e+01,        -5.407960808455e+00,        -9.095802132807e+01,        -7.770360495785e+00,        -7.086351504047e+01,        -5.380839115633e+00,        +1.506476405749e+02,        -7.622287081954e+00,        -5.262992264015e+01,        -7.773915868585e+00,        -7.087670749077e+01,        -5.405521085257e+00,        -9.096702187944e+01,        -7.622287081954e+00,        -5.262992264015e+01,        -5.381574808364e+00,        +1.506103148065e+02
 9.28000000e+01,        -5.420225350007e+00,        +1.495516856027e+02,        -7.628142549949e+00,        -5.317171176748e+01,        -5.356247495341e+00,        -9.259428062132e+01,        -7.821922618353e+00,        -7.212101354948e+01,        -7.628142549949e+00,        -5.317171176748e+01,        -5.425216866069e+00,        +1.495743839814e+02,        -7.818234515515e+00,        -7.210806194903e+01,        -5.353717897746e+00,        -9.260387017934e+01,        -5.356247495341e+00,        -9.259428062132e+01,        -7.818234515515e+00,        -7.210806194903e+01,        -5.420057752431e+00,        +1.495532220034e+02,        -7.631520524627e+00,        -5.316124407614e+01,        -7.821922618353e+00,        -7.212101354948e+01,        -5.353717897746e+00,        -9.260387017934e+01,        -7.631520524627e+00,        -5.316124407614e+01,        -5.420873758438e+00,        +1.495147993075e+02
 9.44000000e+01,        -5.464193304715e+00,        +1.484342532941e+02,        -7.633903406994e+00,        -5.369096538877e+01,        -5.302878006001e+00,        -9.424147628050e+01,        -7.871288933258e+00,        -7.337438174967e+01,        -7.633903406994e+00,        -5.369096538877e+01,        -5.469444185540e+00,        +1.484565572465e+02,        -7.867464632794e+00,        -7.336170406471e+01,        -5.300257371415e+00,        -9.425168853250e+01,        -5.302878006001e+00,        -9.424147628050e+01,        -7.867464632794e+00,        -7.336170406471e+01,        -5.464040664524e+00,        +1.484349767559e+02,        -7.637367272844e+00,        -5.367956628037e+01,        -7.871288933258e+00,        -7.337438174967e+01,        -5.300257371415e+00,        -9.425168853250e+01,        -7.637367272844e+00,        -5.367956628037e+01,        -5.464944308978e+00,        +1.483954213259e+02
 9.60000000e+01,        -5.513164925770e+00,        +1.472925172655e+02,        -7.636050786611e+00,        -5.419813907911e+01,        -5.247890248043e+00,        -9.590035997648e+01,        -7.922183276279e+00,        -7.463749048843e+01,        -7.636050786611e+00,        -5.419813907911e+01,        -5.518692060160e+00,        +1.473143488892e+02,        -7.918219183378e+00,        -7.462512153548e+01,        -5.245177543511e+00,        -9.591123027934e+01,        -5.247890248043e+00,        -9.590035997648e+01,        -7.918219183378e+00,        -7.462512153548e+01,        -5.513028804855e+00,        +1.472923576293e+02,        -7.639596334957e+00,        -5.418576261236e+01,        -7.922183276279e+00,        -7.463749048843e+01,        -5.245177543511e+00,        -9.591123027934e+01,        -7.639596334957e+00,        -5.418576261236e+01,        -5.514028100675e+00,        +1.472516313435e+02
 9.76000000e+01,        -5.567399712250e+00,        +1.461259026572e+02,        -7.634350970876e+00,        -5.469425598680e+01,        -5.191329293502e+00,        -9.757169344403e+01,        -7.974792496141e+00,        -7.591100725083e+01,        -7.634350970876e+00,        -5.469425598680e+01,        -5.573221486340e+00,        +1.461471787988e+02,        -7.970684876357e+00,        -7.589898374712e+01,        -5.188523635443e+00,        -9.758325887717e+01,        -5.191329293502e+00,        -9.757169344403e+01,        -7.970684876357e+00,        -7.589898374712e+01,        -5.567281809706e+00,        +1.461247847588e+02,        -7.637973328318e+00,        -5.468085681332e+01,        -7.974792496141e+00,        -7.591100725083e+01,        -5.188523635443e+00,        -9.758325887717e+01,        -7.637973328318e+00,        -5.468085681332e+01,        -5.568385531207e+00,        +1.460828470334e+02
 9.92000000e+01,        -5.627177522713e+00,        +1.449338032179e+02,        -7.628568734703e+00,        -5.518050219185e+01,        -5.133247809344e+00,        -9.925624624371e+01,        -8.029323268768e+00,        -7.719558179612e+01,        -7.628568734703e+00,        -5.518050219185e+01,        -5.633313971865e+00,        +1.449544350874e+02,        -8.025068234360e+00,        -7.718394252952e+01,        -5.130348485023e+00,        -9.926854565846e+01,        -5.133247809344e+00,        -9.925624624371e+01,        -8.025068234360e+00,        -7.718394252952e+01,        -5.627079688538e+00,        +1.449316464325e+02,        -7.632262339405e+00,        -5.516603600957e+01,        -8.029323268768e+00,        -7.719558179612e+01,        -5.130348485023e+00,        -9.926854565846e+01,        -7.632262339405e+00,        -5.516603600957e+01,        -5.628297453576e+00,        +1.448884540631e+02
 1.00800000e+02,        -5.692800394956e+00,        +1.437155822848e+02,        -7.618469587897e+00,        -5.565823921694e+01,        -5.073706496646e+00,        -1.009547931484e+02,        -8.086003635484e+00,        -7.849183817042e+01,        -7.618469587897e+00,        -5.565823921694e+01,        -5.699273373471e+00,        +1.437354750300e+02,        -8.081597130419e+00,        -7.848062419266e+01,        -5.070712987506e+00,        -1.009678672129e+02,        -5.073706496646e+00,        -1.009547931484e+02,        -8.081597130419e+00,        -7.848062419266e+01,        -5.692724645021e+00,        +1.437123000188e+02,        -7.622228172940e+00,        -5.564266327062e+01,        -8.086003635484e+00,        -7.849183817042e+01,        -5.070712987506e+00,        -1.009678672129e+02,        -7.622228172940e+00,        -5.564266327062e+01,        -5.694067006773e+00,        +1.436678070101e+02
 1.02400000e+02,        -5.764594511167e+00,        +1.424705738671e+02,        -7.603822427744e+00,        -5.612901568129e+01,        -5.012774533556e+00,        -1.026681111121e+02,        -8.145084639343e+00,        -7.980036537204e+01,        -7.603822427744e+00,        -5.612901568129e+01,        -5.771427882276e+00,        +1.424896261026e+02,        -8.140522422866e+00,        -7.978962021914e+01,        -5.009686540527e+00,        -1.026820023504e+02,        -5.012774533556e+00,        -1.026681111121e+02,        -8.140522422866e+00,        -7.978962021914e+01,        -5.764543043546e+00,        +1.424660729893e+02,        -7.607639013131e+00,        -5.611228930645e+01,        -8.145084639343e+00,        -7.980036537204e+01,        -5.009686540527e+00,        -1.026820023504e+02,        -7.607639013131e+00,        -5.611228930645e+01,        -5.766021593232e+00,        +1.424202303719e+02
 1.04000000e+02,        -5.842912324759e+00,        +1.411980838071e+02,        -7.584402616447e+00,        -5.659457762040e+01,        -4.950530015823e+00,        -1.043969757778e+02,        -8.206842059681e+00,        -8.112170647357e+01,        -7.584402616447e+00,        -5.659457762040e+01,        -5.850132173747e+00,        +1.412161870919e+02,        -8.202119688383e+00,        -8.111147641778e+01,        -4.947347486700e+00,        -1.044117286014e+02,        -4.950530015823e+00,        -1.043969757778e+02,        -8.202119688383e+00,        -8.111147641778e+01,        -5.842887537513e+00,        +1.411922640114e+02,        -7.588269511363e+00,        -5.657666282460e+01,        -8.206842059681e+00,        -8.112170647357e+01,        -4.947347486700e+00,        -1.044117286014e+02,        -7.588269511363e+00,        -5.657666282460e+01,        -5.844515019601e+00,        +1.411450196429e+02
 1.05600000e+02,        -5.928134867709e+00,        +1.398973909780e+02,        -7.559995486141e+00,        -5.705687693573e+01,        -4.887060387158e+00,        -1.061421574812e+02,        -8.271578243483e+00,        -8.245634597950e+01,        -7.559995486141e+00,        -5.705687693573e+01,        -5.935769741457e+00,        +1.399144292329e+02,        -8.266691051784e+00,        -8.244668031806e+01,        -4.883783546180e+00,        -1.061578182122e+02,        -4.887060387158e+00,        -1.061421574812e+02,        -8.266691051784e+00,        -8.244668031806e+01,        -5.928139378189e+00,        +1.398901440661e+02,        -7.563904303029e+00,        -5.703773900890e+01,        -8.271578243483e+00,        -8.245634597950e+01,        -4.883783546180e+00,        -1.061578182122e+02,        -7.563904303029e+00,        -5.703773900890e+01,        -5.929929819831e+00,        +1.398414424157e+02
 1.07200000e+02,        -6.020674260343e+00,        +1.385677484574e+02,        -7.530400259787e+00,        -5.751807739109e+01,        -4.822462850061e+00,        -1.079044167105e+02,        -8.339624030188e+00,        -8.380469516967e+01,        -7.530400259787e+00,        -5.751807739109e+01,        -6.028755437182e+00,        +1.385835973125e+02,        -8.334567109210e+00,        -8.379564655670e+01,        -4.819092229757e+00,        -1.079210335934e+02,        -4.822462850061e+00,        -1.079044167105e+02,        -8.334567109210e+00,        -8.379564655670e+01,        -6.020710926095e+00,        +1.385589575286e+02,        -7.534341941674e+00,        -5.749768553403e+01,        -8.339624030188e+00,        -8.380469516967e+01,        -4.819092229757e+00,        -1.079210335934e+02,        -7.534341941674e+00,        -5.749768553403e+01,        -6.022679782852e+00,        +1.385087394418e+02
 1.08800000e+02,        -6.120976449668e+00,        +1.372083845890e+02,        -7.495434359048e+00,        -5.798055754001e+01,        -4.756844745868e+00,        -1.096844989843e+02,        -8.411340764299e+00,        -8.516707514707e+01,        -7.495434359048e+00,        -5.798055754001e+01,        -6.129538244046e+00,        +1.372229106500e+02,        -8.406108939104e+00,        -8.515869997578e+01,        -4.753381221248e+00,        -1.097021221849e+02,        -4.756844745868e+00,        -1.096844989843e+02,        -8.406108939104e+00,        -8.515869997578e+01,        -6.121048390953e+00,        +1.371979231233e+02,        -7.499399221322e+00,        -5.795888549765e+01,        -8.411340764299e+00,        -8.516707514707e+01,        -4.753381221248e+00,        -1.097021221849e+02,        -7.499399221322e+00,        -5.795888549765e+01,        -6.123212711218e+00,        +1.371461255643e+02
 1.10400000e+02,        -6.229524207578e+00,        +1.358185038107e+02,        -7.454938050586e+00,        -5.844690995824e+01,        -4.690323890818e+00,        -1.114831291178e+02,        -8.487122387317e+00,        -8.654369727159e+01,        -7.454938050586e+00,        -5.844690995824e+01,        -6.238604314888e+00,        +1.358315638281e+02,        -8.481710192562e+00,        -8.653605611566e+01,        -4.686768715965e+00,        -1.115018107067e+02,        -4.690323890818e+00,        -1.114831291178e+02,        -8.481710192562e+00,        -8.653605611566e+01,        -6.229634831512e+00,        +1.358062346266e+02,        -7.458915838103e+00,        -5.842393664177e+01,        -8.487122387317e+00,        -8.654369727159e+01,        -4.686768715965e+00,        -1.115018107067e+02,        -7.458915838103e+00,        -5.842393664177e+01,        -6.232013442451e+00,        +1.357527903932e+02
 1.12000000e+02,        -6.346840427144e+00,        +1.343972870836e+02,        -7.408779360766e+00,        -5.891993617234e+01,        -4.623028852885e+00,        -1.133010048543e+02,        -8.567397597219e+00,        -8.793464061956e+01,        -7.408779360766e+00,        -5.891993617234e+01,        -6.356480315035e+00,        +1.344087270068e+02,        -8.561799251329e+00,        -8.792779874402e+01,        -4.619383699952e+00,        -1.133207987724e+02,        -4.623028852885e+00,        -1.133010048543e+02,        -8.561799251329e+00,        -8.792779874402e+01,        -6.346993453395e+00,        +1.343830611487e+02,        -7.412759320750e+00,        -5.889564625244e+01,        -8.567397597219e+00,        -8.793464061956e+01,        -4.619383699952e+00,        -1.133207987724e+02,        -7.412759320750e+00,        -5.889564625244e+01,        -6.349607171736e+00,        +1.343278985559e+02
 1.13600000e+02,        -6.473491764153e+00,        +1.329438916973e+02,        -7.356859166346e+00,        -5.940263672461e+01,        -4.555099151970e+00,        -1.151387898540e+02,        -8.652632059648e+00,        -8.933982605991e+01,        -7.356859166346e+00,        -5.940263672461e+01,        -6.483737117812e+00,        +1.329535455899e+02,        -8.646841437732e+00,        -8.933385401391e+01,        -4.551366152560e+00,        -1.151597518566e+02,        -4.555099151970e+00,        -1.151387898540e+02,        -8.646841437732e+00,        -8.933385401391e+01,        -6.473691252019e+00,        +1.329275467663e+02,        -7.360830136996e+00,        -5.937702117641e+01,        -8.652632059648e+00,        -8.933982605991e+01,        -4.551366152560e+00,        -1.151597518566e+02,        -7.360830136996e+00,        -5.937702117641e+01,        -6.476563123669e+00,        +1.328705892896e+02
 1.15200000e+02,        -6.610092682684e+00,        +1.314574501548e+02,        -7.299116346546e+00,        -5.989819590016e+01,        -4.486685364041e+00,        -1.169971060452e+02,        -8.743330650192e+00,        -9.075898648086e+01,        -7.299116346546e+00,        -5.989819590016e+01,        -6.620993913103e+00,        +1.314651389411e+02,        -8.737341256045e+00,        -9.075396078705e+01,        -4.482867152903e+00,        -1.170192936216e+02,        -4.486685364041e+00,        -1.169971060452e+02,        -8.737341256045e+00,        -9.075396078705e+01,        -6.610343059287e+00,        +1.314388092023e+02,        -7.303066860683e+00,        -5.987125247980e+01,        -8.743330650192e+00,        -9.075898648086e+01,        -4.482867152903e+00,        -1.170192936216e+02,        -7.303066860683e+00,        -5.987125247980e+01,        -6.613498632481e+00,        +1.313799750739e+02
 1.16800000e+02,        -6.757309978782e+00,        +1.299370677469e+02,        -7.235532861372e+00,        -6.040996076503e+01,        -4.417949107910e+00,        -1.188765253659e+02,        -8.840039701279e+00,        -9.219163263241e+01,        -7.235532861372e+00,        -6.040996076503e+01,        -6.768922804821e+00,        +1.299425977516e+02,        -8.833844639034e+00,        -9.218763659067e+01,        -4.414048868787e+00,        -1.188999976309e+02,        -4.417949107910e+00,        -1.188765253659e+02,        -8.833844639034e+00,        -9.218763659067e+01,        -6.757616067909e+00,        +1.299159371558e+02,        -7.239451263783e+00,        -6.038169439775e+01,        -8.840039701279e+00,        -9.219163263241e+01,        -4.414048868788e+00,        -1.188999976309e+02,        -7.239451263783e+00,        -6.038169439775e+01,        -6.761083705610e+00,        +1.298551389001e+02
 1.18400000e+02,        -6.915867876205e+00,        +1.283818183045e+02,        -7.166138603703e+00,        -6.094141432476e+01,        -4.349062891756e+00,        -1.207775609460e+02,        -8.943349220114e+00,        -9.363701396806e+01,        -7.166138603703e+00,        -6.094141432476e+01,        -6.928253993554e+00,        +1.283849795366e+02,        -8.936941166364e+00,        -9.363413859475e+01,        -4.345084405204e+00,        -1.208023785001e+02,        -4.349062891756e+00,        -1.207775609460e+02,        -8.936941166364e+00,        -9.363413859475e+01,        -6.916234927074e+00,        +1.283579857619e+02,        -7.170013180170e+00,        -6.091183738579e+01,        -8.943349220114e+00,        -9.363701396806e+01,        -4.345084405204e+00,        -1.208023785001e+02,        -7.170013180170e+00,        -6.091183738579e+01,        -6.920046165490e+00,        +1.282951296545e+02
 1.20000000e+02,        -7.086553814211e+00,        +1.267907374669e+02,        -7.091015860125e+00,        -6.149614280656e+01,        -4.280209795493e+00,        -1.227006578142e+02,        -9.053895035219e+00,        -9.509407376828e+01,        -7.091015860125e+00,        -6.149614280656e+01,        -7.099781667247e+00,        +1.267913015844e+02,        -9.047266212799e+00,        -9.509241889652e+01,        -4.276157488332e+00,        -1.227268825664e+02,        -4.280209795492e+00,        -1.227006578142e+02,        -9.047266212799e+00,        -9.509241889652e+01,        -7.086987529090e+00,        +1.267639695078e+02,        -7.094834975451e+00,        -6.146527527826e+01,        -9.053895035219e+00,        -9.509407376828e+01,        -4.276157488332e+00,        -1.227268825664e+02,        -7.094834975451e+00,        -6.146527527826e+01,        -7.091177490728e+00,        +1.266989549372e+02
 1.21600000e+02,        -7.270225081398e+00,        +1.251628126086e+02,        -7.010303209172e+00,        -6.207779728846e+01,        -4.211582964699e+00,        -1.246461832425e+02,        -9.172360817874e+00,        -9.656139770408e+01,        -7.010303209172e+00,        -6.207779728846e+01,        -7.284370757553e+00,        +1.251605304807e+02,        -9.165502973043e+00,        -9.656107327569e+01,        -4.207461960703e+00,        -1.246738781941e+02,        -4.211582964699e+00,        -1.246461832425e+02,        -9.165502973043e+00,        -9.656107327569e+01,        -7.270731640489e+00,        +1.251328517312e+02,        -7.014055450952e+00,        -6.204566678063e+01,        -9.172360817874e+00,        -9.656139770408e+01,        -4.207461960703e+00,        -1.246738781941e+02,        -7.014055450952e+00,        -6.204566678063e+01,        -7.275339512056e+00,        +1.250655704338e+02
 1.23200000e+02,        -7.467816493972e+00,        +1.234969683157e+02,        -6.924198686865e+00,        -6.269005013544e+01,        -4.143384892489e+00,        -1.266144168855e+02,        -9.299479910204e+00,        -9.803715484294e+01,        -6.924198686865e+00,        -6.269005013544e+01,        -7.482964764913e+00,        +1.234915670749e+02,        -9.292384295649e+00,        -9.803828242909e+01,        -4.139201063777e+00,        -1.266436458688e+02,        -4.143384892489e+00,        -1.266144168855e+02,        -9.292384295648e+00,        -9.803828242909e+01,        -7.468402575259e+00,        +1.234635295750e+02,        -6.927873011258e+00,        -6.265669176008e+01,        -9.299479910204e+00,        -9.803715484294e+01,        -4.139201063777e+00,        -1.266436458688e+02,        -6.927873011258e+00,        -6.265669176008e+01,        -7.473472163213e+00,        +1.233938647053e+02
 1.24800000e+02,        -7.680349374900e+00,        +1.217920459817e+02,        -6.832962058951e+00,        -6.333654694351e+01,        -4.075826467549e+00,        -1.286055409112e+02,        -9.436036872207e+00,        -9.951902990333e+01,        -6.832962058951e+00,        -6.333654694351e+01,        -7.696594914771e+00,        +1.217832254199e+02,        -9.428694239295e+00,        -9.952174449846e+01,        -4.071586486004e+00,        -1.286363682782e+02,        -4.075826467549e+00,        -1.286055409112e+02,        -9.428694239295e+00,        -9.952174449846e+01,        -7.681022165633e+00,        +1.217548129410e+02,        -6.836547934415e+00,        -6.330200304068e+01,        -9.436036872207e+00,        -9.951902990333e+01,        -4.071586486004e+00,        -1.286363682782e+02,        -6.836547934415e+00,        -6.330200304068e+01,        -7.686602545339e+00,        +1.216826379226e+02
 1.26400000e+02,        -7.908942166253e+00,        +1.200467756652e+02,        -6.736916057331e+00,        -6.402085492341e+01,        -4.009125769959e+00,        -1.306196303631e+02,        -9.582868633583e+00,        -1.010041453155e+02,        -6.736916057331e+00,        -6.402085492341e+01,        -7.926390985032e+00,        +1.200342037845e+02,        -9.575269238658e+00,        -1.010085974583e+02,        -4.004837157846e+00,        -1.306521206225e+02,        -4.009125769959e+00,        -1.306196303631e+02,        -9.575269238658e+00,        -1.010085974583e+02,        -7.909709361268e+00,        +1.200053955520e+02,        -6.740403602147e+00,        -6.398517464032e+01,        -9.582868633583e+00,        -1.010041453155e+02,        -4.004837157846e+00,        -1.306521206225e+02,        -6.740403602147e+00,        -6.398517464032e+01,        -7.915855639921e+00,        +1.199305726404e+02
 1.28000000e+02,        -8.154823106493e+00,        +1.182597377974e+02,        -6.636446464499e+00,        -6.474640886176e+01,        -3.943506601508e+00,        -1.326566440427e+02,        -9.740865099450e+00,        -1.024889713306e+02,        -6.636446464499e+00,        -6.474640886176e+01,        -8.173594246623e+00,        +1.182430452549e+02,        -9.732998730866e+00,        -1.024953296171e+02,        -3.939177780301e+00,        -1.326908614382e+02,        -3.943506601508e+00,        -1.326566440427e+02,        -9.732998730866e+00,        -1.024953296171e+02,        -8.155692886446e+00,        +1.182138156674e+02,        -6.639826574028e+00,        -6.470964759337e+01,        -9.740865099450e+00,        -1.024889713306e+02,        -3.939177780301e+00,        -1.326908614382e+02,        -6.639826574028e+00,        -6.470964759337e+01,        -8.162467105350e+00,        +1.181361941219e+02
 1.29600000e+02,        -8.419345534957e+00,        +1.164293115723e+02,        -6.532000963449e+00,        -6.551645596566e+01,        -3.879196744327e+00,        -1.347164162373e+02,        -9.910969007113e+00,        -1.039692220221e+02,        -6.532000963449e+00,        -6.551645596566e+01,        -8.439573092802e+00,        +1.164080846713e+02,        -9.902825042310e+00,        -1.039776760882e+02,        -3.874837080573e+00,        -1.347524242662e+02,        -3.879196744327e+00,        -1.347164162373e+02,        -9.902825042310e+00,        -1.039776760882e+02,        -8.420326514470e+00,        +1.163784032237e+02,        -6.535265423361e+00,        -6.547867467047e+01,        -9.910969007113e+00,        -1.039692220221e+02,        -3.874837080573e+00,        -1.347524242662e+02,        -6.535265423361e+00,        -6.547867467047e+01,        -8.427798723529e+00,        +1.162978169550e+02
 1.31200000e+02,        -8.704006557884e+00,        +1.145536058325e+02,        -6.424086709879e+00,        -6.633400101398e+01,        -3.816425950820e+00,        -1.367986496584e+02,        -1.009417475663e+01,        -1.054397345214e+02,        -6.424086709879e+00,        -6.633400101398e+01,        -8.725842109252e+00,        +1.145273775795e+02,        -1.008574226226e+01,        -1.054504985889e+02,        -3.812045797669e+00,        -1.368365105263e+02,        -3.816425950820e+00,        -1.367986496584e+02,        -1.008574226226e+01,        -1.054504985889e+02,        -8.705107689023e+00,        +1.144972091359e+02,        -6.427228292125e+00,        -6.629526542390e+01,        -1.009417475663e+01,        -1.054397345214e+02,        -3.812045797669e+00,        -1.368365105263e+02,        -6.427228292125e+00,        -6.629526542390e+01,        -8.713357236009e+00,        +1.144134736364e+02
 1.32800000e+02,        -9.010470038114e+00,        +1.126303668420e+02,        -6.313266626749e+00,        -6.720175329809e+01,        -3.755423679107e+00,        -1.389029099794e+02,        -1.029152583060e+01,        -1.068943282077e+02,        -6.313266626749e+00,        -6.720175329809e+01,        -9.034085570846e+00,        +1.125986054070e+02,        -1.028279372380e+01,        -1.069076453035e+02,        -3.751034411984e+00,        -1.389426839907e+02,        -3.755423679107e+00,        -1.389029099794e+02,        -1.028279372380e+01,        -1.069076453035e+02,        -9.011700447838e+00,        +1.125679110403e+02,        -6.316279165713e+00,        -6.716213304517e+01,        -1.029152583060e+01,        -1.068943282077e+02,        -3.751034411984e+00,        -1.389426839907e+02,        -6.316279165713e+00,        -6.716213304517e+01,        -9.020817538115e+00,        +1.124808193301e+02
 1.34400000e+02,        -9.340595174212e+00,        +1.106568553304e+02,        -6.200154465942e+00,        -6.812207682921e+01,        -3.696416601385e+00,        -1.410286223729e+02,        -1.050411026263e+01,        -1.083256398147e+02,        -6.200154465942e+00,        -6.812207682921e+01,        -9.366186662753e+00,        +1.106189489827e+02,        -1.049506755870e+01,        -1.083417867927e+02,        -3.692030646057e+00,        -1.410703672558e+02,        -3.696416601385e+00,        -1.410286223729e+02,        -1.049506755870e+01,        -1.083417867927e+02,        -9.341963904169e+00,        +1.105876877135e+02,        -6.203032913034e+00,        -6.808164451491e+01,        -1.050411026263e+01,        -1.083256398147e+02,        -3.692030646057e+00,        -1.410703672558e+02,        -6.203032913034e+00,        -6.808164451491e+01,        -9.352051504373e+00,        +1.104970049201e+02
 1.36000000e+02,        -9.696472342016e+00,        +1.086296822943e+02,        -6.085408725782e+00,        -6.909694522066e+01,        -3.639625927226e+00,        -1.431750704389e+02,        -1.073305338702e+01,        -1.097249295189e+02,        -6.085408725782e+00,        -6.909694522066e+01,        -9.724264142290e+00,        +1.085849194991e+02,        -1.072368956885e+01,        -1.097442230323e+02,        -3.635256778402e+00,        -1.432188406073e+02,        -3.639625927226e+00,        -1.431750704389e+02,        -1.072368956885e+01,        -1.097442230323e+02,        -9.697987943316e+00,        +1.085530514465e+02,        -6.088149181589e+00,        -6.905577545479e+01,        -1.073305338702e+01,        -1.097249295189e+02,        -3.635256778402e+00,        -1.432188406073e+02,        -6.088149181589e+00,        -6.905577545479e+01,        -9.709164127032e+00,        +1.084585074706e+02
 1.37600000e+02,        -1.008046842244e+01,        +1.065445887822e+02,        -5.969725553985e+00,        -7.012790252180e+01,        -3.585264599469e+00,        -1.453413978847e+02,        -1.097950677168e+01,        -1.110818520684e+02,        -5.969725553985e+00,        -7.012790252180e+01,        -1.011071872461e+01,        +1.064921315661e+02,        -1.096981233021e+01,        -1.111046556559e+02,        -3.580926827911e+00,        -1.453872436405e+02,        -3.585264599469e+00,        -1.453413978847e+02,        -1.096981233021e+01,        -1.111046556559e+02,        -1.008213833356e+01,        +1.064596233020e+02,        -5.972325277995e+00,        -7.008607095815e+01,        -1.097950677168e+01,        -1.110818520684e+02,        -3.580926827911e+00,        -1.453872436405e+02,        -5.972325277995e+00,        -7.008607095815e+01,        -1.009453920096e+01,        +1.063609027717e+02
 1.39200000e+02,        -1.049528459033e+01,        +1.043961484856e+02,        -5.853830801404e+00,        -7.121603109460e+01,        -3.533534435883e+00,        -1.475266132568e+02,        -1.124463175539e+01,        -1.123841859716e+02,        -5.853830801404e+00,        -7.121603109460e+01,        -1.052829224831e+01,        +1.043349963123e+02,        -1.123459897021e+01,        -1.124109184250e+02,        -3.529243681952e+00,        -1.475745799387e+02,        -3.533534435883e+00,        -1.475266132568e+02,        -1.123459897021e+01,        -1.124109184250e+02,        -1.049711418743e+01,        +1.043018296591e+02,        -5.856288200132e+00,        -7.117361348908e+01,        -1.124463175539e+01,        -1.123841859716e+02,        -3.529243681952e+00,        -1.475745799387e+02,        -5.856288200133e+00,        -7.117361348908e+01,        -1.051089753828e+01,        +1.041985579917e+02
 1.40800000e+02,        -1.094403057060e+01,        +1.021773621443e+02,        -5.738471420876e+00,        -7.236192739231e+01,        -3.484623304328e+00,        -1.497295979368e+02,        -1.152957531412e+01,        -1.136175128894e+02,        -5.738471420876e+00,        -7.236192739231e+01,        -1.098014373942e+01,        +1.021063022007e+02,        -1.151919937061e+01,        -1.136486580564e+02,        -3.480396255851e+00,        -1.497797250241e+02,        -3.484623304328e+00,        -1.497295979368e+02,        -1.151919937061e+01,        -1.136486580564e+02,        -1.094602171686e+01,        +1.020724884426e+02,        -5.740786015969e+00,        -7.231899870681e+01,        -1.152957531412e+01,        -1.136175128894e+02,        -3.480396255851e+00,        -1.497797250241e+02,        -5.740786015969e+00,        -7.231899870681e+01,        -1.096137172290e+01,        +1.019642122421e+02
 1.42400000e+02,        -1.143032079326e+01,        +9.987909740278e+01,        -5.624406426305e+00,        -7.356568623371e+01,        -3.438702431141e+00,        -1.519491174944e+02,        -1.183543497774e+01,        -1.147648390545e+02,        -5.624406426305e+00,        -7.356568623371e+01,        -1.146994795897e+01,        +9.979663508890e+01,        -1.182471555517e+01,        -1.148009571683e+02,        -3.434556783566e+00,        -1.520014376786e+02,        -3.438702431141e+00,        -1.519491174944e+02,        -1.182471555517e+01,        -1.148009571683e+02,        -1.143246961027e+01,        +9.976223778005e+01,        -5.626578804780e+00,        -7.352231980550e+01,        -1.183543497774e+01,        -1.147648390545e+02,        -3.434556783566e+00,        -1.520014376786e+02,        -5.626578804780e+00,        -7.352231980550e+01,        -1.144960282720e+01,        +9.964839685155e+01
 1.44000000e+02,        -1.195839985083e+01,        +9.748930312534e+01,        -5.512397639009e+00,        -7.482689387953e+01,        -3.395923950779e+00,        -1.541838363456e+02,        -1.216320808811e+01,        -1.158061515286e+02,        -5.512397639009e+00,        -7.482689387953e+01,        -1.200202404784e+01,        +9.739356315478e+01,        -1.215215160482e+01,        -1.158478920186e+02,        -3.391878347743e+00,        -1.542383745849e+02,        -3.395923950779e+00,        -1.541838363456e+02,        -1.215215160482e+01,        -1.158478920186e+02,        -1.196069326044e+01,        +9.735873476493e+01,        -5.514429388236e+00,        -7.478316067194e+01,        -1.216320808811e+01,        -1.158061515286e+02,        -3.391878347743e+00,        -1.542383745849e+02,        -5.514429388236e+00,        -7.478316067194e+01,        -1.197986645265e+01,        +9.723862149862e+01
 1.45600000e+02,        -1.253330737376e+01,        +9.499188678328e+01,        -5.403200450837e+00,        -7.614462992194e+01,        -3.356418807687e+00,        -1.564323354959e+02,        -1.251371868197e+01,        -1.167179057992e+02,        -5.403200450837e+00,        -7.614462992194e+01,        -1.258150466233e+01,        +9.488046971238e+01,        -1.250234145239e+01,        -1.167660212483e+02,        -3.352492760399e+00,        -1.564891080706e+02,        -3.356418807687e+00,        -1.564323354959e+02,        -1.250234145239e+01,        -1.167660212483e+02,        -1.253571765602e+01,        +9.484551094709e+01,        -5.405094081134e+00,        -7.610059786789e+01,        -1.251371868197e+01,        -1.167179057992e+02,        -3.352492760399e+00,        -1.564891080706e+02,        -5.405094081134e+00,        -7.610059786789e+01,        -1.255723809419e+01,        +9.471821026442e+01
 1.47200000e+02,        -1.316109608412e+01,        +9.236507554253e+01,        -5.297554826665e+00,        -7.751747770813e+01,        -3.320295117949e+00,        -1.586931329683e+02,        -1.288751253464e+01,        -1.174724500920e+02,        -5.297554826665e+00,        -7.751747770813e+01,        -1.321455970885e+01,        +9.223484508468e+01,        -1.287584518063e+01,        -1.175278104711e+02,        -3.316508902183e+00,        -1.587521465594e+02,        -3.320295117949e+00,        -1.586931329683e+02,        -1.287584518063e+01,        -1.175278104711e+02,        -1.316357215858e+01,        +9.220030215299e+01,        -5.299313684476e+00,        -7.747321115342e+01,        -1.288751253464e+01,        -1.174724500920e+02,        -3.316508902183e+00,        -1.587521465594e+02,        -5.299313684477e+00,        -7.747321115342e+01,        -1.318781130635e+01,        +9.206460083185e+01
 1.48800000e+02,        -1.384912140228e+01,        +8.957896405691e+01,        -5.196176752998e+00,        -7.894354274718e+01,        -3.287637087412e+00,        -1.609647063316e+02,        -1.328470730117e+01,        -1.180374101337e+02,        -5.196176752998e+00,        -7.894354274718e+01,        -1.390869341951e+01,        +8.942572404594e+01,        -1.327280086224e+01,        -1.181010154693e+02,        -3.284011617471e+00,        -1.610259571469e+02,        -3.287637087412e+00,        -1.609647063316e+02,        -1.327280086224e+01,        -1.181010154693e+02,        -1.385157455037e+01,        +8.939255105578e+01,        -5.197804927606e+00,        -7.889910199669e+01,        -1.328470730117e+01,        -1.180374101337e+02,        -3.284011617471e+00,        -1.610259571469e+02,        -5.197804927606e+00,        -7.889910199669e+01,        -1.387898638748e+01,        +8.924679752432e+01
 1.50400000e+02,        -1.460642591338e+01,        +8.659174231467e+01,        -5.099750315367e+00,        -8.042047830871e+01,        -3.258504564524e+00,        -1.632455165775e+02,        -1.370478032848e+01,        -1.183750930422e+02,        -5.099750315367e+00,        -8.042047830871e+01,        -1.467313825452e+01,        +8.640973254302e+01,        -1.369271461558e+01,        -1.184480810111e+02,        -3.255061244142e+00,        -1.633089895525e+02,        -3.258504564524e+00,        -1.632455165775e+02,        -1.369271461558e+01,        -1.184480810111e+02,        -1.460870578175e+01,        +8.637956897400e+01,        -5.101252541892e+00,        -8.037591927474e+01,        -1.370478032848e+01,        -1.183750930422e+02,        -3.255061244142e+00,        -1.633089895525e+02,        -5.101252541892e+00,        -8.037591927474e+01,        -1.463985137219e+01,        +8.622145059145e+01
 1.52000000e+02,        -1.544424426429e+01,        +8.334371118009e+01,        -5.008920556204e+00,        -8.194551722293e+01,        -3.232933280105e+00,        -1.655340324499e+02,        -1.414627223955e+01,        -1.184420316852e+02,        -5.008920556204e+00,        -8.194551722293e+01,        -1.551937049301e+01,        +8.312479637118e+01,        -1.413416702529e+01,        -1.185256738866e+02,        -3.229693831089e+00,        -1.655997005510e+02,        -3.232933280105e+00,        -1.655340324499e+02,        -1.413416702529e+01,        -1.185256738866e+02,        -1.544609729084e+01,        +8.310045475396e+01,        -5.010302117430e+00,        -8.190089117192e+01,        -1.414627223955e+01,        -1.184420316852e+02,        -3.229693831089e+00,        -1.655997005510e+02,        -5.010302117430e+00,        -8.190089117192e+01,        -1.548167737080e+01,        +8.292663310961e+01
 1.53600000e+02,        -1.637664321629e+01,        +7.974746046161e+01,        -4.924287228549e+00,        -8.351550874442e+01,        -3.210935794022e+00,        -1.678287542328e+02,        -1.460638175199e+01,        -1.181888968814e+02,        -4.924287228549e+00,        -8.351550874442e+01,        -1.646175845948e+01,        +7.947978156277e+01,        -1.459441127702e+01,        -1.182845732915e+02,        -3.207922064270e+00,        -1.678965778921e+02,        -3.210935794022e+00,        -1.678287542328e+02,        -1.459441127702e+01,        -1.182845732915e+02,        -1.637763805251e+01,        +7.946613369173e+01,        -4.925553857746e+00,        -8.347086213593e+01,        -1.460638175199e+01,        -1.181888968814e+02,        -3.207922064270e+00,        -1.678965778921e+02,        -4.925553857746e+00,        -8.347086213593e+01,        -1.641853456078e+01,        +7.927162694321e+01
 1.55200000e+02,        -1.742125361110e+01,        +7.567115006734e+01,        -4.846399521148e+00,        -8.512695925340e+01,        -3.192503131744e+00,        -1.701282359566e+02,        -1.508043096624e+01,        -1.175611719024e+02,        -4.846399521148e+00,        -8.512695925340e+01,        -1.751828652827e+01,        +7.533680135992e+01,        -1.506884174554e+01,        -1.176703070344e+02,        -3.189736885222e+00,        -1.701981626665e+02,        -3.192503131744e+00,        -1.701282359566e+02,        -1.506884174554e+01,        -1.176703070344e+02,        -1.742064202542e+01,        +7.534245121824e+01,        -4.847557307743e+00,        -8.508233366326e+01,        -1.508043096624e+01,        -1.175611719024e+02,        -3.189736885222e+00,        -1.701981626665e+02,        -4.847557307743e+00,        -8.508233366326e+01,        -1.746796484052e+01,        +7.511954948477e+01
 1.56800000e+02,        -1.859983594621e+01,        +7.090897329455e+01,        -4.775751789527e+00,        -8.677607554135e+01,        -3.177607054689e+00,        -1.724311050074e+02,        -1.556119976630e+01,        -1.165012199604e+02,        -4.775751789527e+00,        -8.677607554135e+01,        -1.871105175823e+01,        +7.047986492980e+01,        -1.555033041834e+01,        -1.166251571930e+02,        -3.175109746870e+00,        -1.725030690997e+02,        -3.177607054689e+00,        -1.724311050074e+02,        -1.555033041834e+01,        -1.166251571930e+02,        -1.859628238597e+01,        +7.052043916318e+01,        -4.776807089077e+00,        -8.673150765996e+01,        -1.556119976630e+01,        -1.165012199604e+02,        -3.175109746870e+00,        -1.725030690997e+02,        -4.776807089077e+00,        -8.673150765996e+01,        -1.865139973555e+01,        +7.025673063077e+01
 1.58400000e+02,        -1.993768740993e+01,        +6.512725349735e+01,        -4.712780287695e+00,        -8.845880946423e+01,        -3.166202869867e+00,        -1.747360782142e+02,        -1.603817874029e+01,        -1.149526469805e+02,        -4.712780287695e+00,        -8.845880946423e+01,        -2.006539560175e+01,        +6.455757459480e+01,        -1.602847800729e+01,        -1.150924324821e+02,        -3.163995413069e+00,        -1.748100008457e+02,        -3.166202869867e+00,        -1.747360782142e+02,        -1.602847800729e+01,        -1.150924324821e+02,        -1.992872235393e+01,        +6.466244974861e+01,        -4.713739637272e+00,        -8.841433116024e+01,        -1.603817874029e+01,        -1.149526469805e+02,        -3.163995413069e+00,        -1.748100008457e+02,        -4.713739637272e+00,        -8.841433116024e+01,        -1.999319080687e+01,        +6.433713031484e+01
 1.60000000e+02,        -2.145843789709e+01,        +5.776493631400e+01,        -4.657860858651e+00,        -9.017090284060e+01,        -3.158232649860e+00,        -1.770419736493e+02,        -1.649689241313e+01,        -1.128680264078e+02,        -4.657860858651e+00,        -9.017090284060e+01,        -2.160374702247e+01,        +5.697768230877e+01,        -1.648892729735e+01,        -1.130240790679e+02,        -3.156335173669e+00,        -1.771177630112e+02,        -3.158232649860e+00,        -1.770419736493e+02,        -1.648892729735e+01,        -1.130240790679e+02,        -2.143933062001e+01,        +5.720400987046e+01,        -4.658730898412e+00,        -9.012654128021e+01,        -1.649689241313e+01,        -1.128680264078e+02,        -3.156335173669e+00,        -1.771177630112e+02,        -4.658730898412e+00,        -9.012654128021e+01,        -2.151442638509e+01,        +5.678103626679e+01
 1.61600000e+02,        -2.316272196781e+01,        +4.786144159310e+01,        -4.611307510874e+00,        -9.190793161710e+01,        -3.153628706536e+00,        -1.793477175991e+02,        -1.691860850493e+01,        -1.102207653683e+02,        -4.611307510874e+00,        -9.190793161710e+01,        -2.332121477809e+01,        +4.672833949308e+01,        -1.691304914768e+01,        -1.103924386802e+02,        -3.152060319142e+00,        -1.794252693586e+02,        -3.153628706536e+00,        -1.793477175991e+02,        -1.691304914768e+01,        -1.103924386802e+02,        -2.312427852486e+01,        +4.718868704809e+01,        -4.612094912293e+00,        -9.186370942951e+01,        -1.691860850493e+01,        -1.102207653683e+02,        -3.152060319142e+00,        -1.794252693586e+02,        -4.612094912293e+00,        -9.186370942951e+01,        -2.320913956342e+01,        +4.660572023897e+01
 1.63200000e+02,        -2.495652044999e+01,        +3.386392001683e+01,        -4.573371784200e+00,        -9.366534850767e+01,        -3.152317143747e+00,        +1.783476535707e+02,        -1.728093329477e+01,        -1.070205879716e+02,        -4.573371784200e+00,        -9.366534850767e+01,        -2.510556457415e+01,        +3.220330172671e+01,        -1.727849819085e+01,        -1.072056996209e+02,        -3.151095700428e+00,        +1.782684555928e+02,        -3.152317143747e+00,        +1.783476535707e+02,        -1.727849819085e+01,        -1.072056996209e+02,        -2.488219199537e+01,        +3.310183510327e+01,        -4.574083185179e+00,        -9.362128398780e+01,        -1.728093329477e+01,        -1.070205879716e+02,        -3.151095700428e+00,        +1.782684555928e+02,        -4.574083185179e+00,        -9.362128398780e+01,        -2.496792962111e+01,        +3.226456654619e+01
 1.64800000e+02,        -2.647395699540e+01,        +1.403365950543e+01,        -4.544242793119e+00,        -9.543852352140e+01,        -3.154221307471e+00,        +1.760449966354e+02,        -1.755984567449e+01,        -1.033293518830e+02,        -4.544242793119e+00,        -9.543852352140e+01,        -2.655149674753e+01,        +1.176354778651e+01,        -1.756119710572e+01,        -1.035238611122e+02,        -3.153363192565e+00,        +1.759642795596e+02,        -3.154221307471e+00,        +1.760449966354e+02,        -1.756119710572e+01,        -1.035238611122e+02,        -2.634458946492e+01,        +1.333389076656e+01,        -4.544884740010e+00,        -9.539463086176e+01,        -1.755984567449e+01,        -1.033293518830e+02,        -3.153363192565e+00,        +1.759642795596e+02,        -4.544884740010e+00,        -9.539463086176e+01,        -2.640322534257e+01,        +1.217848037953e+01
 1.66400000e+02,        -2.698392765132e+01,        -1.075296967817e+01,        -4.524047829049e+00,        -9.722278201123e+01,        -3.159264957242e+00,        +1.737450695009e+02,        -1.773338042261e+01,        -9.927038047047e+01,        -4.524047829049e+00,        -9.722278201123e+01,        -2.691877072450e+01,        -1.319891479683e+01,        -1.773898256536e+01,        -9.946846817643e+01,        -3.158784885794e+00,        +1.736629702691e+02,        -3.159264957242e+00,        +1.737450695009e+02,        -1.773898256536e+01,        -9.946846817643e+01,        -2.681020109066e+01,        -1.109498802826e+01,        -4.524626725434e+00,        -9.717907155579e+01,        -1.773338042261e+01,        -9.927038047047e+01,        -3.158784885794e+00,        +1.736629702691e+02,        -4.524626725434e+00,        -9.717907155579e+01,        -2.680459186492e+01,        -1.240108989829e+01
 1.68000000e+02,        -2.612188980224e+01,        -3.451340757243e+01,        -4.512853405381e+00,        -9.901344008582e+01,        -3.167375000206e+00,        +1.714485433608e+02,        -1.778628602077e+01,        -9.502303755180e+01,        -4.512853405381e+00,        -9.901344008582e+01,        -2.594393356655e+01,        -3.644739366308e+01,        -1.779627178452e+01,        -9.521776941378e+01,        -3.167285844977e+00,        +1.713652074265e+02,        -3.167375000206e+00,        +1.714485433608e+02,        -1.779627178452e+01,        -9.521776941378e+01,        -2.595451037966e+01,        -3.441516263623e+01,        -4.513375467355e+00,        -9.896991859963e+01,        -1.778628602077e+01,        -9.502303755180e+01,        -3.167285844977e+00,        +1.713652074265e+02,        -4.513375467355e+00,        -9.896991859963e+01,        -2.589059924012e+01,        -3.554216359473e+01
 1.69600000e+02,        -2.448011106386e+01,        -5.251148951025e+01,        -4.510666639163e+00,        -1.008058374148e+02,        -3.178483657358e+00,        +1.691560181837e+02,        -1.771395024308e+01,        -9.079866406699e+01,        -4.510666639163e+00,        -1.008058374148e+02,        -2.427159302469e+01,        -5.380663380358e+01,        -1.772806087679e+01,        -9.098313534524e+01,        -3.178796306124e+00,        +1.690715980430e+02,        -3.178483657358e+00,        +1.691560181837e+02,        -1.772806087679e+01,        -9.098313534525e+01,        -2.434727449032e+01,        -5.217226796225e+01,        -4.511137856785e+00,        -1.007625083641e+02,        -1.771395024308e+01,        -9.079866406699e+01,        -3.178796306125e+00,        +1.690715980430e+02,        -4.511137856785e+00,        -1.007625083641e+02,        -2.426140087336e+01,        -5.301790307833e+01
 1.71200000e+02,        -2.270964081217e+01,        -6.508846110047e+01,        -4.517436879779e+00,        -1.025953676108e+02,        -3.192529968334e+00,        +1.668680405094e+02,        -1.752368473339e+01,        -8.680400162615e+01,        -4.517436879779e+00,        -1.025953676108e+02,        -2.251218908921e+01,        -6.593834233259e+01,        -1.754131994450e+01,        -8.697253895914e+01,        -3.193253215365e+00,        +1.667826941091e+02,        -3.192529968334e+00,        +1.668680405094e+02,        -1.754131994450e+01,        -8.697253895914e+01,        -2.260881069162e+01,        -6.467379228469e+01,        -4.517862984304e+00,        -1.025522314494e+02,        -1.752368473339e+01,        -8.680400162615e+01,        -3.193253215365e+00,        +1.667826941091e+02,        -4.517862984304e+00,        -1.025522314494e+02,        -2.252282466015e+01,        -6.530503246289e+01
 1.72800000e+02,        -2.107315723323e+01,        -7.407416315299e+01,        -4.533057515966e+00,        -1.043775064830e+02,        -3.209460583538e+00,        +1.645851224252e+02,        -1.723267066768e+01,        -8.320651991264e+01,        -4.533057515966e+00,        -1.043775064830e+02,        -2.089693837943e+01,        -7.465271413921e+01,        -1.725302701424e+01,        -8.335545130916e+01,        -3.210601057919e+00,        +1.644990114907e+02,        -3.209460583538e+00,        +1.645851224252e+02,        -1.725302701424e+01,        -8.335545130916e+01,        -2.099527780986e+01,        -7.365512493432e+01,        -4.533443952452e+00,        -1.043345609409e+02,        -1.723267066768e+01,        -8.320651991264e+01,        -3.210601057919e+00,        +1.644990114907e+02,        -4.533443952452e+00,        -1.043345609409e+02,        -2.091619240150e+01,        -7.414796472158e+01
 1.74400000e+02,        -1.962411261759e+01,        -8.084100120172e+01,        -4.557367915916e+00,        -1.061478385168e+02,        -3.229229837006e+00,        +1.623077605655e+02,        -1.686366699503e+01,        -8.011473762764e+01,        -4.557367915916e+00,        -1.061478385168e+02,        -1.946864859057e+01,        -8.125405833599e+01,        -1.688589892883e+01,        -8.024251651761e+01,        -3.230791969127e+00,        +1.622210488920e+02,        -3.229229837006e+00,        +1.623077605655e+02,        -1.688589892883e+01,        -8.024251651761e+01,        -1.956202824760e+01,        -8.044138054545e+01,        -4.557719820810e+00,        -1.061050788887e+02,        -1.686366699503e+01,        -8.011473762764e+01,        -3.230791969127e+00,        +1.622210488920e+02,        -4.557719820810e+00,        -1.061050788887e+02,        -1.949096754839e+01,        -8.084606826124e+01
 1.76000000e+02,        -1.835086037199e+01,        -8.621198301626e+01,        -4.590155478850e+00,        -1.079020819509e+02,        -3.251799136831e+00,        +1.600364540241e+02,        -1.644046849757e+01,        -7.757701629351e+01,        -4.590155478850e+00,        -1.079020819509e+02,        -1.821324650732e+01,        -8.652020535719e+01,        -1.646381223356e+01,        -7.768383914299e+01,        -3.253785162986e+00,        +1.599493057757e+02,        -3.251799136831e+00,        +1.600364540241e+02,        -1.646381223356e+01,        -7.768383914299e+01,        -1.829983450365e+01,        -8.583765655148e+01,        -4.590477662146e+00,        -1.078595013823e+02,        -1.644046849757e+01,        -7.757701629351e+01,        -3.253785162986e+00,        +1.599493057757e+02,        -4.590477662146e+00,        -1.078595013823e+02,        -1.823618519380e+01,        -8.618451063699e+01
 1.77600000e+02,        -1.722801141606e+01,        -9.066900164372e+01,        -4.631157798269e+00,        -1.096361127896e+02,        -3.277135748919e+00,        +1.577717201912e+02,        -1.598460483887e+01,        -7.559323440155e+01,        -4.631157798269e+00,        -1.096361127896e+02,        -1.710527226711e+01,        -9.090779227866e+01,        -1.600844209528e+01,        -7.568045076583e+01,        -3.279545752598e+00,        +1.576842982514e+02,        -3.277135748919e+00,        +1.577717201912e+02,        -1.600844209528e+01,        -7.568045076583e+01,        -1.718497438675e+01,        -9.031962838106e+01,        -4.631454729889e+00,        -1.095937025578e+02,        -1.598460483887e+01,        -7.559323440155e+01,        -3.279545752597e+00,        +1.576842982514e+02,        -4.631454729889e+00,        -1.095937025578e+02,        -1.712776295855e+01,        -9.062703558419e+01
 1.79200000e+02,        -1.623094692044e+01,        -9.450203834029e+01,        -4.680064955492e+00,        -1.113459880188e+02,        -3.305211081699e+00,        +1.555141077054e+02,        -1.551369916497e+01,        -7.413100777627e+01,        -4.680064955492e+00,        -1.113459880188e+02,        -1.612057123791e+01,        -9.469283908537e+01,        -1.553756992566e+01,        -7.420056616302e+01,        -3.308043068940e+00,        +1.554265721174e+02,        -3.305211081699e+00,        +1.555141077054e+02,        -1.553756992566e+01,        -7.420056616302e+01,        -1.619387065466e+01,        -9.417533559318e+01,        -4.680340755522e+00,        -1.113037378091e+02,        -1.551369916497e+01,        -7.413100777627e+01,        -3.308043068940e+00,        +1.554265721174e+02,        -4.680340755522e+00,        -1.113037378091e+02,        -1.614216590608e+01,        -9.445478783059e+01
 1.80800000e+02,        -1.533902986592e+01,        -9.789250090152e+01,        -4.736521975600e+00,        -1.130279681986e+02,        -3.335998602255e+00,        +1.532642059314e+02,        -1.504114261010e+01,        -7.314045271981e+01,        -4.736521975600e+00,        -1.130279681986e+02,        -1.523900563526e+01,        -9.804880994543e+01,        -1.506472799535e+01,        -7.319449331444e+01,        -3.339248607384e+00,        +1.531767124635e+02,        -3.335998602255e+00,        +1.532642059314e+02,        -1.506472799535e+01,        -7.319449331444e+01,        -1.530653410845e+01,        -9.758578105716e+01,        -4.736780408068e+00,        -1.129858663729e+02,        -1.504114261010e+01,        -7.314045271981e+01,        -3.339248607384e+00,        +1.531767124635e+02,        -4.736780408068e+00,        -1.129858663729e+02,        -1.525954204420e+01,        -9.784471307366e+01
 1.82400000e+02,        -1.453567040174e+01,        -1.009583192870e+02,        -4.800131485954e+00,        -1.146785394855e+02,        -3.369471527147e+00,        +1.510226506180e+02,        -1.457651941156e+01,        -7.256500693384e+01,        -4.800131485954e+00,        -1.146785394855e+02,        -1.444440385015e+01,        -1.010889396225e+02,        -1.459961303003e+01,        -7.260561110846e+01,        -3.373133744360e+00,        +1.509353494813e+02,        -3.369471527147e+00,        +1.510226506180e+02,        -1.459961303003e+01,        -7.260561110846e+01,        -1.450678649107e+01,        -1.006690222156e+02,        -4.800375955859e+00,        -1.146365733435e+02,        -1.457651941156e+01,        -7.256500693385e+01,        -3.373133744360e+00,        +1.509353494813e+02,        -4.800375955859e+00,        -1.146365733435e+02,        -1.446385343652e+01,        -1.009124031102e+02
 1.84000000e+02,        -1.380765840016e+01,        -1.037788488705e+02,        -4.870456619629e+00,        -1.162944350198e+02,        -3.405600433803e+00,        +1.487901256371e+02,        -1.412632330085e+01,        -7.234822694580e+01,        -4.870456619629e+00,        -1.162944350198e+02,        -1.372388261977e+01,        -1.038897016288e+02,        -1.414880215109e+01,        -7.237728838164e+01,        -3.409667369511e+00,        +1.487031603770e+02,        -3.405600433803e+00,        +1.487901256371e+02,        -1.414880215109e+01,        -7.237728838164e+01,        -1.378168667414e+01,        -1.035047017419e+02,        -4.870690172919e+00,        -1.162525910522e+02,        -1.412632330086e+01,        -7.234822694580e+01,        -3.409667369511e+00,        +1.487031603770e+02,        -4.870690172919e+00,        -1.162525910522e+02,        -1.374227870919e+01,        -1.037359501544e+02
 1.85600000e+02,        -1.314444488052e+01,        -1.064091060223e+02,        -4.947024202638e+00,        -1.178726554926e+02,        -3.444350931574e+00,        +1.465673609379e+02,        -1.369469409096e+01,        -7.243748110055e+01,        -4.947024202638e+00,        -1.178726554926e+02,        -1.306714330509e+01,        -1.065042816684e+02,        -1.371649389932e+01,        -7.245665608971e+01,        -3.448813572040e+00,        +1.464808675118e+02,        -3.444350931574e+00,        +1.465673609379e+02,        -1.371649389932e+01,        -7.245665608971e+01,        -1.312086661854e+01,        -1.061481458351e+02,        -4.947249528907e+00,        -1.178309196258e+02,        -1.369469409096e+01,        -7.243748110055e+01,        -3.448813572040e+00,        +1.464808675118e+02,        -4.947249528907e+00,        -1.178309196258e+02,        -1.308454627134e+01,        -1.063696738065e+02
 1.87200000e+02,        -1.253753886634e+01,        -1.088882127697e+02,        -5.029328255484e+00,        -1.194104886066e+02,        -3.485681516576e+00,        +1.443551270510e+02,        -1.328405324715e+01,        -7.278558972734e+01,        -5.029328255484e+00,        -1.194104886066e+02,        -1.246588632915e+01,        -1.089706031932e+02,        -1.330514945193e+01,        -7.279629269805e+01,        -3.490529505331e+00,        +1.442692330990e+02,        -3.485681516576e+00,        +1.443551270510e+02,        -1.330514945193e+01,        -7.279629269805e+01,        -1.251596040659e+01,        -1.086387613437e+02,        -5.029547693154e+00,        -1.193688464391e+02,        -1.328405324715e+01,        -7.278558972734e+01,        -3.490529505331e+00,        +1.442692330990e+02,        -5.029547693154e+00,        -1.193688464391e+02,        -1.248236640043e+01,        -1.088523085233e+02
 1.88800000e+02,        -1.198003731917e+01,        -1.112445881361e+02,        -5.116833827146e+00,        -1.209055270613e+02,        -3.529541713406e+00,        +1.421542266413e+02,        -1.289560534751e+01,        -7.335125111526e+01,        -5.116833827146e+00,        -1.209055270613e+02,        -1.191335588385e+01,        -1.113162797181e+02,        -1.291599924536e+01,        -7.335467272728e+01,        -3.534763533055e+00,        +1.420690509466e+02,        -3.529541713406e+00,        +1.421542266413e+02,        -1.291599924536e+01,        -7.335467272728e+01,        -1.196015361117e+01,        -1.110052140652e+02,        -5.117049370969e+00,        -1.208639640927e+02,        -1.289560534751e+01,        -7.335125111526e+01,        -3.534763533055e+00,        +1.420690509466e+02,        -5.117049370969e+00,        -1.208639640927e+02,        -1.192898465451e+01,        -1.112120596496e+02
 1.90400000e+02,        -1.146626783035e+01,        -1.134992469185e+02,        -5.208981164401e+00,        -1.223556846391e+02,        -3.575870581581e+00,        +1.399654837213e+02,        -1.252971370968e+01,        -7.409882138412e+01,        -5.208981164401e+00,        -1.223556846391e+02,        -1.140399390189e+01,        -1.135617724296e+02,        -1.254942272980e+01,        -7.409595572016e+01,        -3.581453735011e+00,        +1.398811358533e+02,        -3.575870581581e+00,        +1.399654837213e+02,        -1.254942272980e+01,        -7.409595572016e+01,        -1.144783804188e+01,        -1.132687273907e+02,        -5.209194475199e+00,        -1.223141864915e+02,        -1.252971370968e+01,        -7.409882138412e+01,        -3.581453735011e+00,        +1.398811358533e+02,        -5.209194475199e+00,        -1.223141864915e+02,        -1.141884024555e+01,        -1.134698284210e+02
 1.92000000e+02,        -1.099151866934e+01,        -1.156679603907e+02,        -5.305190202623e+00,        -1.237592099441e+02,        -3.624595637543e+00,        +1.377897312027e+02,        -1.218617290413e+01,        -7.499779612952e+01,        -5.305190202623e+00,        -1.237592099441e+02,        -1.093317843460e+01,        -1.157224647728e+02,        -1.220522395813e+01,        -7.498946969038e+01,        -3.630526824136e+00,        +1.377063113270e+02,        -3.624595637543e+00,        +1.377897312027e+02,        -1.220522395813e+01,        -7.498946969038e+01,        -1.097434946880e+01,        -1.154452472179e+02,        -5.305402619252e+00,        -1.237177625775e+02,        -1.218617290413e+01,        -7.499779612952e+01,        -3.630526824136e+00,        +1.377063113270e+02,        -5.305402619252e+00,        -1.237177625775e+02,        -1.094730667725e+01,        -1.156413311481e+02
 1.93600000e+02,        -1.055183440409e+01,        -1.177627112283e+02,        -5.404865347047e+00,        -1.251146973487e+02,        -3.675632216186e+00,        +1.356277974824e+02,        -1.186440246757e+01,        -7.602219080620e+01,        -5.404865347047e+00,        -1.251146973487e+02,        -1.049702536064e+01,        -1.178100632717e+02,        -1.188282749821e+01,        -7.600908976056e+01,        -3.681897499410e+00,        +1.355453963177e+02,        -3.675632216186e+00,        +1.356277974824e+02,        -1.188282749821e+01,        -7.600908976056e+01,        -1.053576825283e+01,        -1.175469020643e+02,        -5.405077900726e+00,        -1.250732872706e+02,        -1.186440246757e+01,        -7.602219080620e+01,        -3.681897499409e+00,        +1.355453963177e+02,        -5.405077900726e+00,        -1.250732872706e+02,        -1.051049461901e+01,        -1.177385301274e+02
 1.95200000e+02,        -1.014386028542e+01,        -1.197926981083e+02,        -5.507400497175e+00,        -1.264210947366e+02,        -3.728883270894e+00,        +1.334804927307e+02,        -1.156358276090e+01,        -7.714992285302e+01,        -5.507400497175e+00,        -1.264210947366e+02,        -1.009223722081e+01,        -1.198335672189e+02,        -1.158141582253e+01,        -7.713261709222e+01,        -3.735468234614e+00,        +1.333991916307e+02,        -3.728883270894e+00,        +1.334804927307e+02,        -1.158141582253e+01,        -7.713261709222e+01,        -1.012876707554e+01,        -1.195830125762e+02,        -5.507613928412e+00,        -1.263797092054e+02,        -1.156358276090e+01,        -7.714992285302e+01,        -3.735468234614e+00,        +1.333991916307e+02,        -5.507613928412e+00,        -1.263797092054e+02,        -1.010510133463e+01,        -1.197706240228e+02
 1.96800000e+02,        -9.764722918356e+00,        -1.217650452890e+02,        -5.612184252378e+00,        -1.276777076862e+02,        -3.784239589458e+00,        +1.313485954943e+02,        -1.128274935903e+01,        -7.836224380029e+01,        -5.612184252378e+00,        -1.276777076862e+02,        -9.715987158754e+00,        -1.217999551914e+02,        -1.130002474724e+01,        -7.834120744484e+01,        -3.791129481335e+00,        +1.312684666276e+02,        -3.784239589458e+00,        +1.313485954943e+02,        -1.130002474724e+01,        -7.834120744484e+01,        -9.750493891533e+00,        -1.215608053476e+02,        -5.612399030836e+00,        -1.276363349092e+02,        -1.128274935903e+01,        -7.836224380029e+01,        -3.791129481335e+00,        +1.312684666276e+02,        -5.612399030836e+00,        -1.276363349092e+02,        -9.728294914599e+00,        -1.217447488697e+02
 1.98400000e+02,        -9.411938076782e+00,        -1.236853140924e+02,        -5.718605224591e+00,        -1.288841998193e+02,        -3.841580385764e+00,        +1.292328401357e+02,        -1.102085815112e+01,        -7.964323943259e+01,        -5.718605224591e+00,        -1.288841998193e+02,        -9.365829154957e+00,        -1.237146809737e+02,        -1.103760924244e+01,        -7.961886796106e+01,        -3.848760247215e+00,        +1.291539467404e+02,        -3.841580385764e+00,        +1.292328401357e+02,        -1.103760924244e+01,        -7.961886796106e+01,        -9.398481327629e+00,        -1.234859279190e+02,        -5.718821572280e+00,        -1.288428291413e+02,        -1.102085815112e+01,        -7.964323943259e+01,        -3.848760247215e+00,        +1.291539467404e+02,        -5.718821572280e+00,        -1.288428291413e+02,        -9.377624640855e+00,        -1.236664843176e+02
 2.00000000e+02,        -9.083338967940e+00,        -1.255578782581e+02,        -5.826057374806e+00,        -1.300405891291e+02,        -3.900774214427e+00,        +1.271339055302e+02,        -1.077682993532e+01,        -8.097940046490e+01,        -5.826057374806e+00,        -1.300405891291e+02,        -9.039628097063e+00,        -1.255820382213e+02,        -1.079308850283e+01,        -8.095202484950e+01,        -3.908228997617e+00,        +1.270563022195e+02,        -3.900774214427e+00,        +1.271339055302e+02,        -1.079308850283e+01,        -8.095202484950e+01,        -9.070576067107e+00,        -1.253628269964e+02,        -5.826275292933e+00,        -1.299992112087e+02,        -1.077682993532e+01,        -8.097940046490e+01,        -3.908228997618e+00,        +1.270563022195e+02,        -5.826275292933e+00,        -1.299992112087e+02,        -9.050951102933e+00,        -1.255402257596e+02
 2.01600000e+02,        -8.777020023613e+00,        -1.273862036884e+02,        -5.933945284127e+00,        -1.311472402075e+02,        -3.961680147527e+00,        +1.250524053316e+02,        -1.054958073086e+01,        -8.235925880813e+01,        -5.933945284127e+00,        -1.311472402075e+02,        -8.735504931802e+00,        -1.274054327498e+02,        -1.056537657564e+01,        -8.232915709774e+01,        -3.969394820725e+00,        +1.249761384330e+02,        -3.961680147527e+00,        +1.250524053316e+02,        -1.056537657564e+01,        -8.232915709774e+01,        -8.764883444365e+00,        -1.271950305167e+02,        -5.934164583811e+00,        -1.311058471764e+02,        -1.054958073086e+01,        -8.235925880813e+01,        -3.969394820725e+00,        +1.249761384330e+02,        -5.934164583811e+00,        -1.311058471764e+02,        -8.746391351770e+00,        -1.273694621013e+02
 2.03200000e+02,        -8.491292569123e+00,        -1.291730596598e+02,        -6.041689267601e+00,        -1.322048523996e+02,        -4.024149149073e+00,        +1.229888800063e+02,        -1.033804216840e+01,        -8.377308158548e+01,        -6.041689267601e+00,        -1.322048523996e+02,        -8.451793369923e+00,        -1.291875884750e+02,        -1.035340295806e+01,        -8.374048835839e+01,        -4.032108792250e+00,        +1.229139879216e+02,        -4.024149149073e+00,        +1.229888800063e+02,        -1.035340295806e+01,        -8.374048835839e+01,        -8.479723698986e+00,        -1.289853607376e+02,        -6.041909604393e+00,        -1.321634379982e+02,        -1.033804216840e+01,        -8.377308158548e+01,        -4.032108792250e+00,        +1.229139879216e+02,        -6.041909604393e+00,        -1.321634379982e+02,        -8.462275585030e+00,        -1.291569857776e+02
 2.04800000e+02,        -8.224649642049e+00,        -1.309206799650e+02,        -6.148730239830e+00,        -1.332144440232e+02,        -4.088025583201e+00,        +1.209437907343e+02,        -1.014117499529e+01,        -8.521261444865e+01,        -6.148730239830e+00,        -1.332144440232e+02,        -8.187005502339e+00,        -1.309307047864e+02,        -1.015612623581e+01,        -8.517772850928e+01,        -4.096215475951e+00,        +1.208703043149e+02,        -4.088025583201e+00,        +1.209437907343e+02,        -1.015612623581e+01,        -8.517772850928e+01,        -8.213597226439e+00,        -1.307360969076e+02,        -6.148951151668e+00,        -1.331730037054e+02,        -1.014117499529e+01,        -8.521261444865e+01,        -4.096215475951e+00,        +1.208703043149e+02,        -6.148951151668e+00,        -1.331730037054e+02,        -8.197112734268e+00,        -1.309050531943e+02
 2.06400000e+02,        -7.975737902557e+00,        -1.326308868370e+02,        -6.254534245404e+00,        -1.341773328959e+02,        -4.153148795659e+00,        +1.189175151849e+02,        -9.957977802436e+00,        -8.667086622967e+01,        -6.254534245404e+00,        -1.341773328959e+02,        -7.939804331561e+00,        -1.326365777473e+02,        -9.972542893496e+00,        -8.663385686778e+01,        -4.161554499269e+00,        +1.188454581247e+02,        -4.153148795659e+00,        +1.189175151849e+02,        -9.972542893496e+00,        -8.663385686778e+01,        -7.965156811863e+00,        -1.324491004378e+02,        -6.254755193241e+00,        -1.341358638972e+02,        -9.957977802436e+00,        -8.667086622967e+01,        -4.161554499269e+00,        +1.188454581247e+02,        -6.254755193241e+00,        -1.341358638972e+02,        -7.949562964486e+00,        -1.326155082636e+02
 2.08000000e+02,        -7.743335069600e+00,        -1.343051867790e+02,        -6.358596574189e+00,        -1.350951135129e+02,        -4.219354714026e+00,        +1.169103450993e+02,        -9.787492432603e+00,        -8.814192790101e+01,        -6.358596574189e+00,        -1.350951135129e+02,        -7.708981697458e+00,        -1.343066939316e+02,        -9.801692772361e+00,        -8.810293997840e+01,        -4.227962148916e+00,        +1.168397343513e+02,        -4.219354714026e+00,        +1.169103450993e+02,        -9.801692772361e+00,        -8.810293997840e+01,        -7.733185311935e+00,        -1.341259117567e+02,        -6.358816984204e+00,        -1.350536148758e+02,        -9.787492432603e+00,        -8.814192790101e+01,        -4.227962148916e+00,        +1.168397343513e+02,        -6.358816984204e+00,        -1.350536148758e+02,        -7.718415568451e+00,        -1.342898780351e+02
 2.09600000e+02,        -7.526331682721e+00,        -1.359448449002e+02,        -6.460445391230e+00,        -1.359696313049e+02,        -4.286477419611e+00,        +1.149224855567e+02,        -9.628807080847e+00,        -8.962081986924e+01,        -6.460445391230e+00,        -1.359696313049e+02,        -7.493440429362e+00,        -1.359423032800e+02,        -9.642662197582e+00,        -8.957997795235e+01,        -4.295272938376e+00,        +1.148533317838e+02,        -4.286477419611e+00,        +1.149224855567e+02,        -9.642662197582e+00,        -8.957997795235e+01,        -7.516577606026e+00,        -1.357678254927e+02,        -6.460664697245e+00,        -1.359281038595e+02,        -9.628807080847e+00,        -8.962081986924e+01,        -4.295272938376e+00,        +1.148533317838e+02,        -6.460664697245e+00,        -1.359281038595e+02,        -7.502571089327e+00,        -1.359294469418e+02
 2.11200000e+02,        -7.323716263400e+00,        -1.375509426268e+02,        -6.559644823112e+00,        -1.368029544825e+02,        -4.354350652171e+00,        +1.129540557538e+02,        -9.481057788261e+00,        -9.110336263492e+01,        -6.559644823112e+00,        -1.368029544825e+02,        -7.292179821503e+00,        -1.375444756895e+02,        -9.494585483361e+00,        -9.106077435236e+01,        -4.363321107339e+00,        +1.128863638255e+02,        -4.354350652171e+00,        +1.129540557538e+02,        -9.494585483361e+00,        -9.106077435236e+01,        -7.314325905655e+00,        -1.373759488843e+02,        -6.559862507689e+00,        -1.367614007814e+02,        -9.481057788261e+00,        -9.110336263492e+01,        -4.363321107339e+00,        +1.128863638255e+02,        -6.559862507689e+00,        -1.367614007814e+02,        -7.301026769220e+00,        -1.375353144772e+02
 2.12800000e+02,        -7.134563157618e+00,        -1.391244224378e+02,        -6.655797456616e+00,        -1.375973440287e+02,        -4.422809217024e+00,        +1.110050911081e+02,        -9.343428815927e+00,        -9.258606674466e+01,        -6.655797456616e+00,        -1.375973440287e+02,        -7.104283729828e+00,        -1.391141448810e+02,        -9.356645308113e+00,        -9.254182551642e+01,        -4.431942021515e+00,        +1.109388606496e+02,        -4.422809217024e+00,        +1.110050911081e+02,        -9.356645308113e+00,        -9.254182551642e+01,        -7.125507714561e+00,        -1.389512470951e+02,        -6.656013089345e+00,        -1.375557682392e+02,        -9.343428815927e+00,        -9.258606674466e+01,        -4.431942021515e+00,        +1.109388606496e+02,        -6.656013089345e+00,        -1.375557682392e+02,        -7.112864621717e+00,        -1.391084399155e+02
 2.14400000e+02,        -6.958022500017e+00,        -1.406661224076e+02,        -6.748546220976e+00,        -1.383552224430e+02,        -4.491690272142e+00,        +1.090755464766e+02,        -9.215152238575e+00,        -9.406603872117e+01,        -6.748546220976e+00,        -1.383552224430e+02,        -6.928910742197e+00,        -1.406521422511e+02,        -9.228072302782e+00,        -9.402022598050e+01,        -4.500973449569e+00,        +1.090107724721e+02,        -4.491690272142e+00,        +1.090755464766e+02,        -9.228072302782e+00,        -9.402022598051e+01,        -6.949275887207e+00,        -1.404945782333e+02,        -6.748759492630e+00,        -1.383136302023e+02,        -9.215152238575e+00,        -9.406603872117e+01,        -4.500973449569e+00,        +1.090107724721e+02,        -6.748759492630e+00,        -1.383136302023e+02,        -6.937241580207e+00,        -1.406496768407e+02
 2.16000000e+02,        -6.793311862125e+00,        -1.421768027046e+02,        -6.837575641310e+00,        -1.390791418583e+02,        -4.560834480112e+00,        +1.071653002832e+02,        -9.095506995655e+00,        -9.554090028739e+01,        -6.837575641310e+00,        -1.390791418583e+02,        -6.765285992784e+00,        -1.421592228103e+02,        -9.108144092622e+00,        -9.549358729459e+01,        -4.570256701704e+00,        +1.071019737259e+02,        -4.560834480112e+00,        +1.071653002832e+02,        -9.108144092622e+00,        -9.549358729459e+01,        -6.784850353498e+00,        -1.420067202421e+02,        -6.837786392907e+00,        -1.390375400998e+02,        -9.095506995655e+00,        -9.554090028739e+01,        -4.570256701704e+00,        +1.071019737259e+02,        -6.837786392907e+00,        -1.390375400998e+02,        -6.773381292506e+00,        -1.421597996224e+02
 2.17600000e+02,        -6.639709241638e+00,        -1.436571657241e+02,        -6.922612467268e+00,        -1.397717521493e+02,        -4.630087016267e+00,        +1.052741593540e+02,        -8.983817567433e+00,        -9.700871871393e+01,        -6.922612467268e+00,        -1.397717521493e+02,        -6.612694284011e+00,        -1.436360848569e+02,        -8.996183961895e+00,        -9.695996804422e+01,        -4.639637621494e+00,        +1.052122679235e+02,        -4.630087016267e+00,        +1.052741593540e+02,        -8.996183961895e+00,        -9.695996804422e+01,        -6.631511170334e+00,        -1.434883913532e+02,        -6.922820713506e+00,        -1.397301489093e+02,        -8.983817567433e+00,        -9.700871871393e+01,        -4.639637621494e+00,        +1.052122679235e+02,        -6.922820713506e+00,        -1.397301489093e+02,        -6.620567224738e+00,        -1.436395235228e+02
 2.19200000e+02,        -6.496547123099e+00,        -1.451078711818e+02,        -7.003425696798e+00,        -1.404357696272e+02,        -4.699298429701e+00,        +1.034018642688e+02,        -8.879452395379e+00,        -9.846794653373e+01,        -7.003425696798e+00,        -1.404357696272e+02,        -6.470474251585e+00,        -1.450833846978e+02,        -8.891559262166e+00,        -9.841781330642e+01,        -4.708967428638e+00,        +1.033413930118e+02,        -4.699298429701e+00,        +1.034018642688e+02,        -8.891559262166e+00,        -9.841781330642e+01,        -6.488592633010e+00,        -1.449402654390e+02,        -7.003631643785e+00,        -1.403941738409e+02,        -8.879452395379e+00,        -9.846794653373e+01,        -4.708967428638e+00,        +1.033413930118e+02,        -7.003631643785e+00,        -1.403941738409e+02,        -6.478136809800e+00,        -1.450895197664e+02
 2.20800000e+02,        -6.363207397573e+00,        -1.465295472213e+02,        -7.079826029456e+00,        -1.410739468717e+02,        -4.768325358381e+00,        +1.015480950576e+02,        -8.781822132852e+00,        -9.991736919831e+01,        -7.079826029456e+00,        -1.410739468717e+02,        -6.338013365050e+00,        -1.465017474623e+02,        -8.793679651203e+00,        -9.986590210194e+01,        -4.778103415371e+00,        +1.014890270377e+02,        -4.768325358381e+00,        +1.015480950576e+02,        -8.793679651203e+00,        -9.986590210194e+01,        -6.355478235977e+00,        -1.463629833319e+02,        -7.080030087085e+00,        -1.410323681667e+02,        -8.781822132852e+00,        -9.991736919831e+01,        -4.778103415371e+00,        +1.014890270377e+02,        -7.080030087085e+00,        -1.410323681667e+02,        -6.345476432586e+00,        -1.465104266405e+02
 2.22400000e+02,        -6.239116973671e+00,        -1.479227983798e+02,        -7.151664796304e+00,        -1.416890441900e+02,        -4.837031103241e+00,        +9.971247708213e+01,        -8.690377789167e+00,        -1.013560595132e+02,        -7.151664796304e+00,        -1.416890441900e+02,        -6.214743600873e+00,        -1.478917748514e+02,        -8.701995226230e+00,        -1.013033016701e+02,        -4.846909503208e+00,        +9.965479396796e+01,        -4.837031103241e+00,        +9.971247708213e+01,        -8.701995226230e+00,        -1.013033016701e+02,        -6.231596316875e+00,        -1.477571609621e+02,        -7.151867585888e+00,        -1.416474926840e+02,        -8.690377789167e+00,        -1.013560595132e+02,        -4.846909503208e+00,        +9.965479396796e+01,        -7.151867585888e+00,        -1.416474926840e+02,        -6.222017088925e+00,        -1.479028574812e+02
 2.24000000e+02,        -6.123743947531e+00,        -1.492882110932e+02,        -7.218832423534e+00,        -1.422838031190e+02,        -4.905286069045e+00,        +9.789458696874e+01,        -8.604608814159e+00,        -1.027833378971e+02,        -7.218832423534e+00,        -1.422838031190e+02,        -6.100137660272e+00,        -1.492540504985e+02,        -8.615994599060e+00,        -1.027293276011e+02,        -4.915256669511e+00,        +9.783826953119e+01,        -4.905286069045e+00,        +9.789458696874e+01,        -8.615994599060e+00,        -1.027293276011e+02,        -6.116416252739e+00,        -1.491233950059e+02,        -7.219034781474e+00,        -1.422422892257e+02,        -8.604608814159e+00,        -1.027833378971e+02,        -4.915256669511e+00,        +9.783826953119e+01,        -7.219034781474e+00,        -1.422422892257e+02,        -6.107230590399e+00,        -1.492674062341e+02
 2.25600000e+02,        -6.016594227149e+00,        -1.506263572909e+02,        -7.281256494418e+00,        -1.428609223068e+02,        -4.972968082094e+00,        +9.609395847251e+01,        -8.524041159116e+00,        -1.041987376719e+02,        -7.281256494418e+00,        -1.428609223068e+02,        -5.993705631476e+00,        -1.505891434863e+02,        -8.535202949109e+00,        -1.041435090245e+02,        -4.983023255249e+00,        +9.603898697156e+01,        -4.972968082094e+00,        +9.609395847252e+01,        -8.535202949109e+00,        -1.041435090245e+02,        -6.009445104998e+00,        -1.504622666012e+02,        -7.281459472649e+00,        -1.428194565506e+02,        -8.524041159116e+00,        -1.041987376719e+02,        -4.983023255249e+00,        +9.603898697156e+01,        -7.281459472649e+00,        -1.428194565506e+02,        -6.000626214810e+00,        -1.506046511405e+02
 2.27200000e+02,        -5.917208528577e+00,        -1.519377965258e+02,        -7.338899478877e+00,        -1.434230360190e+02,        -5.039962596457e+00,        +9.431008817738e+01,        -8.448235341743e+00,        -1.056019747200e+02,        -7.338899478877e+00,        -1.434230360190e+02,        -5.894992017715e+00,        -1.518976104556e+02,        -8.459180081897e+00,        -1.055455581834e+02,        -5.050095166289e+00,        +9.425644262964e+01,        -5.039962596457e+00,        +9.431008817738e+01,        -8.459180081897e+00,        -1.055455581834e+02,        -5.910224631902e+00,        -1.517743435842e+02,        -7.339104342709e+00,        -1.433816288610e+02,        -8.448235341743e+00,        -1.056019747200e+02,        -5.050095166289e+00,        +9.425644262964e+01,        -7.339104342709e+00,        -1.433816288610e+02,        -5.901747723612e+00,        -1.519151569931e+02
 2.28800000e+02,        -5.825159679062e+00,        -1.532230770007e+02,        -7.391756202028e+00,        -1.439726954362e+02,        -5.106162801445e+00,        +9.254244095504e+01,        -8.376784536563e+00,        -1.069929209452e+02,        -7.391756202028e+00,        -1.439726954362e+02,        -5.803573068930e+00,        -1.531799966544e+02,        -8.387518514219e+00,        -1.069353438257e+02,        -5.116365980854e+00,        +9.249010128468e+01,        -5.106162801445e+00,        +9.254244095504e+01,        -8.387518514219e+00,        -1.069353438257e+02,        -5.818328604477e+00,        -1.530601816119e+02,        -7.391964425821e+00,        -1.439313571083e+02,        -8.376784536563e+00,        -1.069929209452e+02,        -5.116365980854e+00,        +9.249010128468e+01,        -7.391964425821e+00,        -1.439313571083e+02,        -5.810170684361e+00,        -1.531994763124e+02
 2.30400000e+02,        -5.740050176132e+00,        -1.544827357846e+02,        -7.439851122787e+00,        -1.445123528214e+02,        -5.171469643424e+00,        +9.079045512602e+01,        -8.309312707251e+00,        -1.083715810560e+02,        -7.439851122787e+00,        -1.445123528214e+02,        -5.719054368239e+00,        -1.544368362040e+02,        -8.319841602217e+00,        -1.083128679257e+02,        -5.181736975614e+00,        +9.073940121094e+01,        -5.171469643424e+00,        +9.079045512602e+01,        -8.319841602217e+00,        -1.083128679257e+02,        -5.733360375947e+00,        -1.543203244646e+02,        -7.440064383698e+00,        -1.444710931693e+02,        -8.309312707251e+00,        -1.083715810560e+02,        -5.181736975614e+00,        +9.073940121094e+01,        -7.440064383698e+00,        -1.444710931693e+02,        -5.725500049186e+00,        -1.544581497244e+02
 2.32000000e+02,        -5.661509962643e+00,        -1.557172984475e+02,        -7.483235491243e+00,        -1.450443485623e+02,        -5.235791774991e+00,        +8.905354728410e+01,        -8.245472793326e+00,        -1.097380722565e+02,        -7.483235491243e+00,        -1.450443485623e+02,        -5.641068634249e+00,        -1.556686518014e+02,        -8.255801724464e+00,        -1.096782453215e+02,        -5.246117082327e+00,        +8.900375891625e+01,        -5.235791774991e+00,        +8.905354728410e+01,        -8.255801724464e+00,        -1.096782453215e+02,        -5.654950665372e+00,        -1.555553037637e+02,        -7.483455661143e+00,        -1.450031768961e+02,        -8.245472793326e+00,        -1.097380722565e+02,        -5.246117082327e+00,        +8.900375891625e+01,        -7.483455661143e+00,        -1.450031768961e+02,        -5.647367950315e+00,        -1.556917057601e+02
 2.33600000e+02,        -5.589194386353e+00,        -1.569272783021e+02,        -7.521984449333e+00,        -1.455709010231e+02,        -5.299045443915e+00,        +8.733111676137e+01,        -8.184944960342e+00,        -1.110926064843e+02,        -7.521984449333e+00,        -1.455709010231e+02,        -5.569273708118e+00,        -1.568759540299e+02,        -8.195078528953e+00,        -1.110316859037e+02,        -5.309422786216e+00,        +8.728257354311e+01,        -5.299045443915e+00,        +8.733111676137e+01,        -8.195078528953e+00,        -1.110316859037e+02,        -5.582755524647e+00,        -1.567656382883e+02,        -7.522213584929e+00,        -1.455298259756e+02,        -8.184944960342e+00,        -1.110926064843e+02,        -5.309422786216e+00,        +8.728257354311e+01,        -7.522213584929e+00,        -1.455298259756e+02,        -5.575431681427e+00,        -1.569006602509e+02
 2.35200000e+02,        -5.522782319200e+00,        -1.581131753926e+02,        -7.556194133779e+00,        -1.460940990835e+02,        -5.361154333365e+00,        +8.562254972470e+01,        -8.127434919949e+00,        -1.124354748836e+02,        -7.556194133779e+00,        -1.460940990835e+02,        -5.503350700350e+00,        -1.580592404116e+02,        -8.137377250156e+00,        -1.123734790440e+02,        -5.371577976438e+00,        +8.557523092353e+01,        -5.361154333365e+00,        +8.562254972470e+01,        -8.137377250155e+00,        -1.123734790440e+02,        -5.516454464447e+00,        -1.579518330343e+02,        -7.556434464940e+00,        -1.460531284766e+02,        -8.127434919949e+00,        -1.124354748836e+02,        -5.371577976438e+00,        +8.557523092353e+01,        -7.556434464940e+00,        -1.460531284766e+02,        -5.509371839680e+00,        -1.580855154549e+02
 2.36800000e+02,        -5.461974416457e+00,        -1.592754753411e+02,        -7.585978833516e+00,        -1.466158971888e+02,        -5.422049363807e+00,        +8.392722290543e+01,        -8.072672324001e+00,        -1.137670342409e+02,        -7.585978833516e+00,        -1.466158971888e+02,        -5.443002277033e+00,        -1.592189943073e+02,        -8.082427100214e+00,        -1.137039799907e+02,        -5.432513758029e+00,        +8.388110728690e+01,        -5.422049363807e+00,        +8.392722290543e+01,        -8.082427100214e+00,        -1.137039799907e+02,        -5.455748719548e+00,        -1.591143781250e+02,        -7.586232749871e+00,        -1.465750379096e+02,        -8.072672324001e+00,        -1.137670342409e+02,        -5.432513758029e+00,        +8.388110728690e+01,        -7.586232749871e+00,        -1.465750379096e+02,        -5.448890607961e+00,        -1.592467590207e+02
 2.38400000e+02,        -5.406491499746e+00,        -1.604146481351e+02,        -7.611468246341e+00,        -1.471381127005e+02,        -5.481668465736e+00,        +8.224450697190e+01,        -8.020409235124e+00,        -1.150876951441e+02,        -7.611468246341e+00,        -1.471381127005e+02,        -5.387951068937e+00,        -1.603556837435e+02,        -8.029979736606e+00,        -1.150235979913e+02,        -5.492168233821e+00,        +8.219957262737e+01,        -5.481668465736e+00,        +8.224450697190e+01,        -8.029979736606e+00,        -1.150235979913e+02,        -5.400359637650e+00,        -1.602537476559e+02,        -7.611738282261e+00,        -1.470973705879e+02,        -8.020409235124e+00,        -1.150876951441e+02,        -5.492168233821e+00,        +8.219957262737e+01,        -7.611738282261e+00,        -1.470973705879e+02,        -5.393710160617e+00,        -1.603848628692e+02
 2.40000000e+02,        -5.356073050683e+00,        -1.615311469153e+02,        -7.632804871624e+00,        -1.476624253060e+02,        -5.539956331175e+00,        +8.057376956096e+01,        -7.970418674782e+00,        -1.163979116577e+02,        -7.632804871624e+00,        -1.476624253060e+02,        -5.337938189766e+00,        -1.614697602262e+02,        -7.979807807307e+00,        -1.163327859367e+02,        -5.550486263827e+00,        +8.052999374234e+01,        -5.539956331175e+00,        +8.057376956096e+01,        -7.979807807307e+00,        -1.163327859367e+02,        -5.350027178554e+00,        -1.613703985349e+02,        -7.633093689785e+00,        -1.476218050498e+02,        -7.970418674782e+00,        -1.163979116577e+02,        -5.550486263827e+00,        +8.052999374234e+01,        -7.633093689785e+00,        -1.476218050498e+02,        -5.343571178828e+00,        -1.615002820551e+02
